{"type":"FeatureCollection","features":[{"type":"Feature","geometry":{"type":"LineString","coordinates":[[-106.15216599709802,32.085986204357553],[-106.15327792816343,32.088228474339573]]},"properties":{"fault_name":"Davis Dome fault","slip_rate":"Less than 0.2 mm/yr","age":"undifferentiated Quaternary","slip_sense":"Normal","fault_id":"1998"}},{"type":"Feature","geometry":{"type":"LineString","coordinates":[[-106.1486907359623,32.08383385715868],[-106.14874756159055,32.085014799020492],[-106.14872656436911,32.086697671889333],[-106.14870332585103,32.088201555674857]]},"properties":{"fault_name":"Davis Dome fault","slip_rate":"Less than 0.2 mm/yr","age":"undifferentiated Quaternary","slip_sense":"Normal","fault_id":"1998"}},{"type":"Feature","geometry":{"type":"LineString","coordinates":[[-106.10992672734845,32.035703209699861],[-106.11126723743286,32.037893822663378],[-106.11273622816248,32.039970684842324]]},"properties":{"fault_name":"Davis Dome fault","slip_rate":"Less than 0.2 mm/yr","age":"undifferentiated Quaternary","slip_sense":"Normal","fault_id":"1998"}},{"type":"Feature","geometry":{"type":"LineString","coordinates":[[-106.1506991281891,32.083027991056639],[-106.15216599709802,32.085986204357553]]},"properties":{"fault_name":"Davis Dome fault","slip_rate":"Less than 0.2 mm/yr","age":"undifferentiated Quaternary","slip_sense":"Normal","fault_id":"1998"}},{"type":"Feature","geometry":{"type":"LineString","coordinates":[[-106.14909149776675,32.082254944647076],[-106.14884638435664,32.082829995866206],[-106.1486907359623,32.08383385715868]]},"properties":{"fault_name":"Davis Dome fault","slip_rate":"Less than 0.2 mm/yr","age":"undifferentiated Quaternary","slip_sense":"Normal","fault_id":"1998"}},{"type":"Feature","geometry":{"type":"LineString","coordinates":[[-106.12722714604672,32.049536118230833],[-106.12747698908679,32.049964420723761],[-106.12779821585261,32.050642566742894],[-106.12790529144122,32.051606249061187],[-106.12795157174634,32.051809882146259]]},"properties":{"fault_name":"Davis Dome fault","slip_rate":"Less than 0.2 mm/yr","age":"undifferentiated Quaternary","slip_sense":"Normal","fault_id":"1998"}},{"type":"Feature","geometry":{"type":"LineString","coordinates":[[-106.12098106016322,32.044182331275344],[-106.12105244388897,32.044860478258833],[-106.12112382941133,32.045859849694615]]},"properties":{"fault_name":"Davis Dome fault","slip_rate":"Less than 0.2 mm/yr","age":"undifferentiated Quaternary","slip_sense":"Normal","fault_id":"1998"}},{"type":"Feature","geometry":{"type":"LineString","coordinates":[[-106.14913292806766,32.072122660809555],[-106.14930557168884,32.072479114141629],[-106.14965400393305,32.073442600688423],[-106.1498369602137,32.074622401041132],[-106.14993717986005,32.075910355695576],[-106.14979006815588,32.077594375060933],[-106.14985451958258,32.079383879239714],[-106.14982412777987,32.080315000623123],[-106.15004690817371,32.081315430165105],[-106.1506991281891,32.083027991056639]]},"properties":{"fault_name":"Davis Dome fault","slip_rate":"Less than 0.2 mm/yr","age":"undifferentiated Quaternary","slip_sense":"Normal","fault_id":"1998"}},{"type":"Feature","geometry":{"type":"LineString","coordinates":[[-106.14692843091939,32.069804724931195],[-106.14764652708952,32.070415900189197],[-106.14873872935468,32.071437318340415],[-106.14913292806766,32.072122660809555]]},"properties":{"fault_name":"Davis Dome fault","slip_rate":"Less than 0.2 mm/yr","age":"undifferentiated Quaternary","slip_sense":"Normal","fault_id":"1998"}},{"type":"Feature","geometry":{"type":"LineString","coordinates":[[-106.1188038538333,32.04254050301244],[-106.11926784894891,32.042683269969388],[-106.12005306993201,32.04307588080836],[-106.12044568222021,32.043468493009243],[-106.12073121802146,32.043789719851851],[-106.12098106016322,32.044182331275344]]},"properties":{"fault_name":"Davis Dome fault","slip_rate":"Less than 0.2 mm/yr","age":"undifferentiated Quaternary","slip_sense":"Normal","fault_id":"1998"}},{"type":"Feature","geometry":{"type":"LineString","coordinates":[[-106.12898347998794,32.054249972004236],[-106.12911881657537,32.054425910757196],[-106.12961850265553,32.055175441198841],[-106.1300468068066,32.0558892787556],[-106.13026095798381,32.056603118356485],[-106.13043941729815,32.057067112899574],[-106.130653570272,32.057388339215208],[-106.13133171566651,32.058137869750922],[-106.13208124658338,32.058887400236415],[-106.13293785219052,32.059529854944849],[-106.13358030662049,32.060065233847922],[-106.13457967967912,32.06063630289912],[-106.13575751295042,32.061350142003199],[-106.13693534622172,32.061956904934782],[-106.13732795671325,32.062242439711078],[-106.13939808835292,32.064562414124353]]},"properties":{"fault_name":"Davis Dome fault","slip_rate":"Less than 0.2 mm/yr","age":"undifferentiated Quaternary","slip_sense":"Normal","fault_id":"1998"}},{"type":"Feature","geometry":{"type":"LineString","coordinates":[[-106.11273622816248,32.039970684842324],[-106.11305745582662,32.040470372726119],[-106.11369990935825,32.040970057882554],[-106.11502051008102,32.041576821181053],[-106.11644818818903,32.041969432196638],[-106.11766171242488,32.042219274831943],[-106.1188038538333,32.04254050301244]]},"properties":{"fault_name":"Davis Dome fault","slip_rate":"Less than 0.2 mm/yr","age":"undifferentiated Quaternary","slip_sense":"Normal","fault_id":"1998"}},{"type":"Feature","geometry":{"type":"LineString","coordinates":[[-106.13939808835292,32.064562414124353],[-106.14111130136385,32.066561161075967],[-106.1425614104045,32.067610101973166],[-106.14340913975836,32.068084112002126],[-106.1446653690045,32.06868090669338],[-106.14596507221881,32.069238320140208],[-106.14692843091939,32.069804724931195]]},"properties":{"fault_name":"Davis Dome fault","slip_rate":"Less than 0.2 mm/yr","age":"undifferentiated Quaternary","slip_sense":"Normal","fault_id":"1998"}},{"type":"Feature","geometry":{"type":"LineString","coordinates":[[-106.12795157174634,32.051809882146259],[-106.12808375165388,32.052391471688438],[-106.12822651910535,32.053033927090802],[-106.12833359469394,32.053319460785112],[-106.12876189794669,32.05396191576294],[-106.12898347998794,32.054249972004236]]},"properties":{"fault_name":"Davis Dome fault","slip_rate":"Less than 0.2 mm/yr","age":"undifferentiated Quaternary","slip_sense":"Normal","fault_id":"1998"}},{"type":"Feature","geometry":{"type":"LineString","coordinates":[[-106.12112382941133,32.045859849694615],[-106.1211595203759,32.046430922127989],[-106.12119521134045,32.046787841065381],[-106.12140936341596,32.047323219146008],[-106.12201612598305,32.047715830641422],[-106.12251581296152,32.047965674343303],[-106.12390779830835,32.048286900631517],[-106.12501424605728,32.048608128076495],[-106.12554962579694,32.048786588042326],[-106.12633484767836,32.04907212280704],[-106.12679884279399,32.049286275009123],[-106.12722714604672,32.049536118230833]]},"properties":{"fault_name":"Davis Dome fault","slip_rate":"Less than 0.2 mm/yr","age":"undifferentiated Quaternary","slip_sense":"Normal","fault_id":"1998"}},{"type":"Feature","geometry":{"type":"LineString","coordinates":[[-106.53392148301664,32.142332746988195],[-106.53257249463257,32.143213598282799],[-106.53105384772901,32.144034522843988],[-106.52975288507666,32.144675581758825],[-106.52916167324545,32.14497814815978]]},"properties":{"fault_name":"Artillery Range fault","slip_rate":"Less than 0.2 mm/yr","age":"late Quaternary","slip_sense":"Normal","fault_id":"2051"}},{"type":"Feature","geometry":{"type":"LineString","coordinates":[[-106.52077883037266,32.157255297216786],[-106.51965181030542,32.158221928375795],[-106.51899712441455,32.158959919375448],[-106.51847479000945,32.159364044884995],[-106.51803126210928,32.159516235050525]]},"properties":{"fault_name":"Artillery Range fault","slip_rate":"Less than 0.2 mm/yr","age":"late Quaternary","slip_sense":"Normal","fault_id":"2051"}},{"type":"Feature","geometry":{"type":"LineString","coordinates":[[-106.50555826578038,32.175500590860167],[-106.5044418063076,32.176266526062371],[-106.50278333573176,32.177545488285162],[-106.50084794958808,32.178783007742595],[-106.49988664802952,32.17923278628426],[-106.4990126654115,32.179469088642563]]},"properties":{"fault_name":"Artillery Range fault","slip_rate":"Less than 0.2 mm/yr","age":"late Quaternary","slip_sense":"Normal","fault_id":"2051"}},{"type":"Feature","geometry":{"type":"LineString","coordinates":[[-106.46439534033627,32.301884460049024],[-106.46511003817967,32.302422768066599],[-106.46829388583721,32.305468846367056],[-106.46960502730005,32.306779987181365],[-106.47154913159352,32.309266633304759],[-106.47255886222739,32.310999749742216],[-106.47266340816013,32.311204475314675]]},"properties":{"fault_name":"Artillery Range fault","slip_rate":"Less than 0.2 mm/yr","age":"late Quaternary","slip_sense":"Normal","fault_id":"2051"}},{"type":"Feature","geometry":{"type":"LineString","coordinates":[[-106.45287706271154,32.202897268800648],[-106.45080232720606,32.202943488131609],[-106.44647611625622,32.204312966020048],[-106.4422110320682,32.207147406926907],[-106.43425364838197,32.211701865002965],[-106.4326591827701,32.213567399634087],[-106.43089637736556,32.215371830704683],[-106.4293019108554,32.217351250326566],[-106.4282185686739,32.219163447106858],[-106.42570076790062,32.223149504939101],[-106.42442791712678,32.224499484673515]]},"properties":{"fault_name":"Artillery Range fault","slip_rate":"Less than 0.2 mm/yr","age":"late Quaternary","slip_sense":"Normal","fault_id":"2051"}},{"type":"Feature","geometry":{"type":"LineString","coordinates":[[-106.43980992604362,32.293796707146967],[-106.44054153287563,32.294284233207357],[-106.4418232608011,32.296240833228211],[-106.44343334362416,32.299174627095034],[-106.44545509020598,32.301161770780553],[-106.4456534382207,32.301909528197555]]},"properties":{"fault_name":"Artillery Range fault","slip_rate":"Less than 0.2 mm/yr","age":"late Quaternary","slip_sense":"Normal","fault_id":"2051"}},{"type":"Feature","geometry":{"type":"LineString","coordinates":[[-106.440171006567,32.273476239135086],[-106.44021975364589,32.273619153653449],[-106.44143792217177,32.275253078040301],[-106.44203283506195,32.276051608371318],[-106.44215082967283,32.276325661982881]]},"properties":{"fault_name":"Artillery Range fault","slip_rate":"Less than 0.2 mm/yr","age":"late Quaternary","slip_sense":"Normal","fault_id":"2051"}},{"type":"Feature","geometry":{"type":"LineString","coordinates":[[-106.43958144314436,32.260661254718812],[-106.43974483321981,32.261293279924139],[-106.44006284581354,32.262579780764682]]},"properties":{"fault_name":"Artillery Range fault","slip_rate":"Less than 0.2 mm/yr","age":"late Quaternary","slip_sense":"Normal","fault_id":"2051"}},{"type":"Feature","geometry":{"type":"LineString","coordinates":[[-106.43315800017939,32.273944898354337],[-106.43287518717173,32.274904187055419],[-106.43192042984001,32.276569250151873]]},"properties":{"fault_name":"Artillery Range fault","slip_rate":"Less than 0.2 mm/yr","age":"late Quaternary","slip_sense":"Normal","fault_id":"2051"}},{"type":"Feature","geometry":{"type":"LineString","coordinates":[[-106.5423304426097,32.126588782857283],[-106.54220791779483,32.128564689710977],[-106.54202016091729,32.129756550963101],[-106.54164141502383,32.130877211051043],[-106.54093602821834,32.132075130856975],[-106.53983569799651,32.133395169117371],[-106.53854676198918,32.134790851353863],[-106.53795405625965,32.135488087324845],[-106.5372800808447,32.13649470387432],[-106.53693477294105,32.137145515895085],[-106.53630763119344,32.137831762003266],[-106.5353944685543,32.138452773159891],[-106.53509151262305,32.138926307622484],[-106.53498073687381,32.139544468005504],[-106.53514388799739,32.140027237162933],[-106.53524040209321,32.140657656984246],[-106.53510951396304,32.141099805127091],[-106.53455036390265,32.141737899183184],[-106.53392148301664,32.142332746988195]]},"properties":{"fault_name":"Artillery Range fault","slip_rate":"Less than 0.2 mm/yr","age":"late Quaternary","slip_sense":"Normal","fault_id":"2051"}},{"type":"Feature","geometry":{"type":"LineString","coordinates":[[-106.47207619383195,32.19995897020749],[-106.46960069382712,32.200109949276303],[-106.46705662272166,32.200279803279784],[-106.46543940188533,32.200677728154979],[-106.4639033123939,32.200884435775691],[-106.46096541717294,32.200915720127739],[-106.45845248526851,32.20129938888644],[-106.45552582168357,32.202091960175508],[-106.45287706271154,32.202897268800648]]},"properties":{"fault_name":"Artillery Range fault","slip_rate":"Less than 0.2 mm/yr","age":"late Quaternary","slip_sense":"Normal","fault_id":"2051"}},{"type":"Feature","geometry":{"type":"LineString","coordinates":[[-106.44538263119684,32.28250179229979],[-106.44610336571898,32.283274155708007],[-106.44703992497968,32.284238036834125],[-106.4478754812631,32.28501880381652],[-106.44928999815389,32.286259385970276],[-106.45220124844519,32.287636579919443]]},"properties":{"fault_name":"Artillery Range fault","slip_rate":"Less than 0.2 mm/yr","age":"late Quaternary","slip_sense":"Normal","fault_id":"2051"}},{"type":"Feature","geometry":{"type":"LineString","coordinates":[[-106.44137505986481,32.283560313626289],[-106.44094179342014,32.282559138209827],[-106.44033568123332,32.281411588077802],[-106.43957085919367,32.279983268676148],[-106.43896430323912,32.27859139374636],[-106.43861703880478,32.277431295831832]]},"properties":{"fault_name":"Artillery Range fault","slip_rate":"Less than 0.2 mm/yr","age":"late Quaternary","slip_sense":"Normal","fault_id":"2051"}},{"type":"Feature","geometry":{"type":"LineString","coordinates":[[-106.43500565864902,32.279121390791268],[-106.43568390106158,32.280391010917057],[-106.43603098762948,32.28145337927613],[-106.43624864043966,32.282515913664184]]},"properties":{"fault_name":"Artillery Range fault","slip_rate":"Less than 0.2 mm/yr","age":"late Quaternary","slip_sense":"Normal","fault_id":"2051"}},{"type":"Feature","geometry":{"type":"LineString","coordinates":[[-106.43536734733188,32.260302726238528],[-106.4352203479171,32.260594619743685],[-106.43511389755592,32.261118859796483],[-106.43516380435983,32.261803105734089],[-106.43534470619345,32.262341866673843],[-106.43548194092108,32.262929123257365],[-106.43567870969756,32.263333684900317],[-106.43589161401314,32.263579626298792],[-106.4359431458694,32.264117346659404],[-106.43575126213146,32.264567630679103],[-106.43549998268524,32.265188397951604],[-106.43546445521407,32.265798687641087],[-106.43526538585218,32.26689612392191],[-106.43479591370829,32.267747155668765],[-106.43466850115995,32.267857942872894]]},"properties":{"fault_name":"Artillery Range fault","slip_rate":"Less than 0.2 mm/yr","age":"late Quaternary","slip_sense":"Normal","fault_id":"2051"}},{"type":"Feature","geometry":{"type":"LineString","coordinates":[[-106.43466850115995,32.267857942872894],[-106.43422996789276,32.268239247828681]]},"properties":{"fault_name":"Artillery Range fault","slip_rate":"Less than 0.2 mm/yr","age":"late Quaternary","slip_sense":"Normal","fault_id":"2051"}},{"type":"Feature","geometry":{"type":"LineString","coordinates":[[-106.42898357037659,32.287568114058118],[-106.42926567730842,32.288473712068871],[-106.42943399104993,32.289832769887937],[-106.42933499041742,32.291189945323033]]},"properties":{"fault_name":"Artillery Range fault","slip_rate":"Less than 0.2 mm/yr","age":"late Quaternary","slip_sense":"Normal","fault_id":"2051"}},{"type":"Feature","geometry":{"type":"LineString","coordinates":[[-106.42442791712678,32.224499484673515],[-106.42391521176319,32.225036412807114],[-106.42383526529618,32.225606610735923],[-106.42341963996704,32.227170557149812],[-106.42280908830608,32.229062187945601],[-106.42147408938595,32.232366022333039],[-106.42075687266646,32.234719311893805],[-106.42105705370182,32.23638502323638],[-106.42136272973173,32.237967918985355],[-106.42164120207994,32.239789627158217],[-106.42219526767582,32.241004725320167],[-106.4225417541691,32.242312660246981],[-106.42308437343164,32.24384090267985],[-106.42355140395459,32.24454141419605],[-106.42415918071964,32.245524198750971],[-106.42517644103222,32.247207025247313],[-106.42557031365675,32.24801694783806],[-106.42591871715486,32.249034288714853],[-106.42610994871589,32.249952566089362],[-106.42638872469463,32.250761550246175],[-106.42672898855798,32.251216569756117],[-106.42724284825667,32.251587443055001],[-106.42780963759026,32.252374327869163],[-106.42803100313751,32.252899909171688],[-106.4279226860772,32.25385422324004],[-106.4276227206375,32.254951844202125],[-106.42745479227324,32.255335898743269]]},"properties":{"fault_name":"Artillery Range fault","slip_rate":"Less than 0.2 mm/yr","age":"late Quaternary","slip_sense":"Normal","fault_id":"2051"}},{"type":"Feature","geometry":{"type":"LineString","coordinates":[[-106.52916167324545,32.14497814815978],[-106.5288589751307,32.145196649163509],[-106.52845255393996,32.145758344909559],[-106.52794135774606,32.14688622568098],[-106.52738012898411,32.147493489942903],[-106.52702492973089,32.148025377258087],[-106.5265729037681,32.149057311059678],[-106.52639316076123,32.149807712669137],[-106.52600719061624,32.150618813782344],[-106.52558554208312,32.151342177758934],[-106.52473379725997,32.152157750929305],[-106.52414022824946,32.152926805151822],[-106.5235305856836,32.153784093140139],[-106.52295642836806,32.154714439904616],[-106.5225369402832,32.155599261644056],[-106.52189161663425,32.15636881310364],[-106.52077883037266,32.157255297216786]]},"properties":{"fault_name":"Artillery Range fault","slip_rate":"Less than 0.2 mm/yr","age":"late Quaternary","slip_sense":"Normal","fault_id":"2051"}},{"type":"Feature","geometry":{"type":"LineString","coordinates":[[-106.51803126210928,32.159516235050525],[-106.51750386929079,32.159637445078182],[-106.51703650189963,32.159755226681419],[-106.51656339157883,32.159974976720619],[-106.51626906037262,32.160302141774544],[-106.51611171775563,32.160759919007148],[-106.51582823370651,32.161357909677207],[-106.51561448227959,32.161909390877156],[-106.5151979658217,32.162326498856586],[-106.51491676798496,32.16274742091165],[-106.51469017603937,32.163231505981265],[-106.51448506101558,32.164272294886395],[-106.51428246666451,32.165085791934743],[-106.51380771781663,32.165505096721887],[-106.51336957441826,32.165948223175647],[-106.51260032188766,32.166325876802233],[-106.51182089773307,32.166789667633637],[-106.51137701589668,32.166919212124249],[-106.51092061334185,32.167346508101751],[-106.51079025162444,32.16761978396795],[-106.51054844401457,32.168092926636476],[-106.51032483896734,32.168550184146575],[-106.51019093609108,32.16884178528931],[-106.50975480941052,32.169270066098129],[-106.50952056112378,32.169633357932625],[-106.50933584773844,32.170223465879047],[-106.50892241070532,32.17119826671123],[-106.50854521260909,32.171860467890824],[-106.50819355990461,32.172381360871228],[-106.50768059941949,32.173209555734275],[-106.50733244205978,32.173965471096899],[-106.50667725131572,32.174524872696288],[-106.50598112164921,32.175119971103925],[-106.50555826578038,32.175500590860167]]},"properties":{"fault_name":"Artillery Range fault","slip_rate":"Less than 0.2 mm/yr","age":"late Quaternary","slip_sense":"Normal","fault_id":"2051"}},{"type":"Feature","geometry":{"type":"LineString","coordinates":[[-106.4990126654115,32.179469088642563],[-106.49846524555208,32.179839289090076],[-106.49783385117991,32.180139872176284],[-106.49728538208824,32.180439566986557],[-106.49693075685848,32.180760691641318],[-106.49670139361024,32.181139241077922],[-106.49617006796745,32.181662059291433],[-106.49592845798695,32.182146513706712],[-106.49578464309987,32.182700441122527],[-106.49552028597974,32.1835142221558],[-106.4952445552898,32.184492666150355],[-106.4949793241089,32.185247691847849],[-106.49464411326905,32.185944702271776],[-106.49436173863928,32.186476606141682],[-106.49406641928627,32.187067413860277],[-106.49360402317183,32.187577739781837],[-106.49315772037575,32.188240680171319],[-106.4925397863598,32.189446093927309],[-106.49213302291096,32.18997932979029],[-106.49163878870624,32.190207926693091],[-106.49117272297391,32.190471479825526],[-106.490770740359,32.19093201328986]]},"properties":{"fault_name":"Artillery Range fault","slip_rate":"Less than 0.2 mm/yr","age":"late Quaternary","slip_sense":"Normal","fault_id":"2051"}},{"type":"Feature","geometry":{"type":"LineString","coordinates":[[-106.490770740359,32.19093201328986],[-106.49073779284932,32.190969759164126],[-106.49039891239154,32.191419998250339],[-106.48998147426215,32.192164901261286],[-106.48951768036919,32.192581217662173],[-106.48915955799802,32.192667322072907],[-106.48830143423801,32.192594240062462],[-106.48736038340088,32.192522045159286],[-106.48625313165978,32.192428123356464],[-106.48541075177346,32.192484153968245],[-106.48513608019725,32.192604623771949],[-106.48465566836981,32.192833072682227],[-106.4841913489624,32.193214136850671],[-106.48367191970891,32.193607545099283],[-106.48291700968012,32.193968213698554],[-106.48212046273791,32.194317576758671],[-106.48140579274227,32.194595544942061],[-106.48044968793761,32.195369721091097],[-106.47965803501707,32.196048113185704],[-106.47897782529402,32.19678407590478],[-106.47828152135439,32.19736742406117],[-106.47728010732342,32.197883521183307],[-106.4763869878949,32.198245671116403],[-106.47558991633656,32.198559779011013],[-106.47481380606706,32.199071696873929],[-106.47397738380771,32.199677038257441],[-106.47324940257619,32.199840633237478],[-106.47207619383195,32.19995897020749]]},"properties":{"fault_name":"Artillery Range fault","slip_rate":"Less than 0.2 mm/yr","age":"late Quaternary","slip_sense":"Normal","fault_id":"2051"}},{"type":"Feature","geometry":{"type":"LineString","coordinates":[[-106.45508785255836,32.292238279193718],[-106.45539018416049,32.29300398276748],[-106.45578918975855,32.293227408957449],[-106.4562905080776,32.293560723213844],[-106.4570444371461,32.294101860688791],[-106.45756518961797,32.294589133001566],[-106.45777379279998,32.29514894668327],[-106.45789659339766,32.295691080813313],[-106.45820360612073,32.296278448800336],[-106.45879616991644,32.297000353885899],[-106.45940809330483,32.297618511882995],[-106.45998699911495,32.2980522516715],[-106.46074328985434,32.298387142010824],[-106.46124127003375,32.298906120272306],[-106.46195257763529,32.29957241725883],[-106.462325471903,32.30001321081312],[-106.46284386270402,32.300706732164073],[-106.46347709592757,32.301262309888138],[-106.46412822359159,32.301683269208091],[-106.46439534033627,32.301884460049024]]},"properties":{"fault_name":"Artillery Range fault","slip_rate":"Less than 0.2 mm/yr","age":"late Quaternary","slip_sense":"Normal","fault_id":"2051"}},{"type":"Feature","geometry":{"type":"LineString","coordinates":[[-106.45856369580237,32.184396874900273],[-106.4584958837782,32.184683317770073],[-106.45830384822496,32.185501711119784],[-106.45811016965308,32.186207873171377],[-106.45798773736469,32.186862256950555],[-106.45784823169602,32.187169868220153],[-106.45760029218603,32.187448013325472],[-106.45729594206944,32.187971662754009],[-106.45702687418398,32.188527598262816],[-106.45685943180827,32.189386549150711],[-106.4564804316916,32.190942293038248],[-106.45619368855458,32.192245375928358],[-106.45627925578033,32.193177450112948],[-106.45643095158744,32.193711162806743],[-106.45671128344824,32.19421533417708],[-106.45704248600529,32.195078980291044],[-106.45729821660376,32.195822038035999],[-106.45735776502561,32.196615147351963],[-106.457267280422,32.197197610991353],[-106.45732420216996,32.19773829516604],[-106.45715506467333,32.1980933008943],[-106.45679525975763,32.198475705244498],[-106.45609592759715,32.199338236066595],[-106.45539029734822,32.199781171276861],[-106.45465465528396,32.200423350641749],[-106.45370917844744,32.201864436786963],[-106.45287706271154,32.202897268800648]]},"properties":{"fault_name":"Artillery Range fault","slip_rate":"Less than 0.2 mm/yr","age":"late Quaternary","slip_sense":"Normal","fault_id":"2051"}},{"type":"Feature","geometry":{"type":"LineString","coordinates":[[-106.45220124844519,32.287636579919443],[-106.45231215894174,32.287811741141041],[-106.45276368005132,32.288421142022763],[-106.45338567624901,32.289061330337717],[-106.45376373942284,32.28944337012129],[-106.45432460167216,32.289938894008664],[-106.45471518376779,32.290507019085524],[-106.45491163813392,32.291416595010439],[-106.45508785255836,32.292238279193718]]},"properties":{"fault_name":"Artillery Range fault","slip_rate":"Less than 0.2 mm/yr","age":"late Quaternary","slip_sense":"Normal","fault_id":"2051"}},{"type":"Feature","geometry":{"type":"LineString","coordinates":[[-106.44006284581354,32.262579780764682],[-106.44010911983045,32.262797283919966],[-106.44023817809237,32.263232582639652],[-106.44046436489776,32.263689342215095],[-106.44075094364307,32.2641879457397],[-106.44106323666338,32.264562683349958],[-106.44146060463267,32.264948442803323],[-106.44174752743275,32.265416030974777],[-106.4420436417948,32.266152520623585],[-106.44224457336429,32.266691792775461],[-106.44229222090527,32.266785232999013],[-106.44261645612896,32.26718074521083],[-106.44301405227036,32.26754582831223],[-106.44326538112392,32.26793041368721],[-106.44347545215312,32.268288565669387],[-106.44408548728278,32.269042501377903],[-106.44434199672058,32.269517755272112],[-106.44462346674686,32.270323825346324],[-106.44494120535444,32.270995440372801],[-106.44524661727968,32.271584356782441],[-106.44552802981377,32.272359410789342],[-106.44579780916497,32.273423974083265],[-106.44615287277259,32.274529779251736],[-106.44626342663797,32.275067263075137],[-106.4463986913602,32.27580115584157],[-106.44657035761436,32.276472965770324],[-106.44649851574785,32.277114083757787],[-106.44657257106324,32.277661956643335],[-106.44676954555388,32.278850685857542],[-106.44690398292774,32.279139999727377],[-106.44707543807782,32.279698079962522],[-106.44723472105579,32.280256177269855],[-106.44739386838813,32.28074190023775],[-106.44772364531885,32.281341124672934],[-106.44834610235223,32.282229450944776],[-106.44861472736828,32.282673671194694],[-106.44870047425709,32.282963050334608],[-106.44862845811741,32.283511118004782],[-106.44862924593991,32.283935018312782],[-106.44892271656006,32.284648022319601],[-106.44922784012611,32.285081853782202],[-106.44964249707138,32.285505199956425],[-106.45000821379995,32.285794204015723],[-106.45084918243298,32.286361727016661],[-106.45164153603943,32.286970669840152],[-106.45207749024344,32.287441129781946],[-106.45220124844519,32.287636579919443]]},"properties":{"fault_name":"Artillery Range fault","slip_rate":"Less than 0.2 mm/yr","age":"late Quaternary","slip_sense":"Normal","fault_id":"2051"}},{"type":"Feature","geometry":{"type":"LineString","coordinates":[[-106.44215082967283,32.276325661982881],[-106.44248129201807,32.277093192098157],[-106.44312448396488,32.278722493937913],[-106.44341509255254,32.279738384885967],[-106.4438240883149,32.280449940908412],[-106.4444312057165,32.28144395429058],[-106.44485959071594,32.281703838984022],[-106.44515657285054,32.282145841143951],[-106.44538263119684,32.28250179229979]]},"properties":{"fault_name":"Artillery Range fault","slip_rate":"Less than 0.2 mm/yr","age":"late Quaternary","slip_sense":"Normal","fault_id":"2051"}},{"type":"Feature","geometry":{"type":"LineString","coordinates":[[-106.43466850115995,32.267857942872894],[-106.43570970067653,32.268087718048633],[-106.43685585755428,32.26843885396697],[-106.43758380105655,32.268908743887195],[-106.43843555486288,32.269880299623615],[-106.43917150055771,32.270924194890107],[-106.43965006275396,32.271843905140912],[-106.44005268496936,32.273129350291505],[-106.440171006567,32.273476239135086]]},"properties":{"fault_name":"Artillery Range fault","slip_rate":"Less than 0.2 mm/yr","age":"late Quaternary","slip_sense":"Normal","fault_id":"2051"}},{"type":"Feature","geometry":{"type":"LineString","coordinates":[[-106.43419537017792,32.290018206041466],[-106.43429495830861,32.290065619630212],[-106.43561942538038,32.290809109695303],[-106.43664147820499,32.291333094678208],[-106.43734702311397,32.291796405960483],[-106.43792313157032,32.292259882697259],[-106.43877284889585,32.292918469286171],[-106.43947859233252,32.293491725713487],[-106.43980992604362,32.293796707146967]]},"properties":{"fault_name":"Artillery Range fault","slip_rate":"Less than 0.2 mm/yr","age":"late Quaternary","slip_sense":"Normal","fault_id":"2051"}},{"type":"Feature","geometry":{"type":"LineString","coordinates":[[-106.43203133764163,32.262297190722727],[-106.43253966731143,32.26295853126031],[-106.43301268510577,32.263771966334346],[-106.43343739330074,32.264899300135546],[-106.43361983035516,32.265634154762218],[-106.43368881108751,32.26649189035134],[-106.43388403655831,32.267083989036642],[-106.4342362884391,32.267667853784083],[-106.43422996789276,32.268239247828681]]},"properties":{"fault_name":"Artillery Range fault","slip_rate":"Less than 0.2 mm/yr","age":"late Quaternary","slip_sense":"Normal","fault_id":"2051"}},{"type":"Feature","geometry":{"type":"LineString","coordinates":[[-106.43422996789276,32.268239247828681],[-106.43404441727756,32.268799644977435],[-106.43401452134491,32.269475609933671],[-106.43384917473877,32.270236178899275],[-106.43352911937606,32.27079547071407],[-106.43319343242914,32.271754646881874],[-106.43315095918418,32.272554320733839],[-106.43315279444231,32.273401981768011],[-106.43315800017939,32.273944898354337]]},"properties":{"fault_name":"Artillery Range fault","slip_rate":"Less than 0.2 mm/yr","age":"late Quaternary","slip_sense":"Normal","fault_id":"2051"}},{"type":"Feature","geometry":{"type":"LineString","coordinates":[[-106.42898357037659,32.287568114058118],[-106.42984746760891,32.28811673636568],[-106.43072537227145,32.288457661975684],[-106.43226540985857,32.289115361103669],[-106.43314342411558,32.28951736906987],[-106.43419537017792,32.290018206041466]]},"properties":{"fault_name":"Artillery Range fault","slip_rate":"Less than 0.2 mm/yr","age":"late Quaternary","slip_sense":"Normal","fault_id":"2051"}},{"type":"Feature","geometry":{"type":"LineString","coordinates":[[-106.43192042984001,32.276569250151873],[-106.43160489569816,32.277046089199473],[-106.43134742057141,32.277816045130024],[-106.43096037693967,32.27851286994516],[-106.43050098209663,32.278965462004564],[-106.4298830328093,32.279222798130455]]},"properties":{"fault_name":"Artillery Range fault","slip_rate":"Less than 0.2 mm/yr","age":"late Quaternary","slip_sense":"Normal","fault_id":"2051"}},{"type":"Feature","geometry":{"type":"LineString","coordinates":[[-106.42745479227324,32.255335898743269],[-106.42757218770784,32.255870213669546],[-106.42792296365658,32.256587403744234],[-106.42831488963191,32.257638275235166],[-106.42853420702032,32.258251893629364],[-106.42863977343924,32.258992430359925],[-106.42882164275839,32.259594543059087],[-106.42900344829718,32.260386536965008],[-106.429498987754,32.261190633328383],[-106.42975225786688,32.261602249837189],[-106.42999579293704,32.261880451376754]]},"properties":{"fault_name":"Artillery Range fault","slip_rate":"Less than 0.2 mm/yr","age":"late Quaternary","slip_sense":"Normal","fault_id":"2051"}},{"type":"Feature","geometry":{"type":"LineString","coordinates":[[-106.4298830328093,32.279222798130455],[-106.42975412905763,32.279516154302009],[-106.42976944084162,32.280029217160632],[-106.42984914925512,32.280787985043034],[-106.42975455036748,32.281132598849403],[-106.42970114193058,32.282020555786552],[-106.42965945830477,32.282826883109955],[-106.42950291878168,32.283743304274793],[-106.42928812441072,32.284256662947108],[-106.42903498455355,32.284724062757981],[-106.42888550578859,32.285338590068044],[-106.4287063026692,32.285941777212159],[-106.42863510309809,32.286332789089535],[-106.42850664221584,32.286870468771681],[-106.42847832192817,32.287114831328267],[-106.42898357037659,32.287568114058118]]},"properties":{"fault_name":"Artillery Range fault","slip_rate":"Less than 0.2 mm/yr","age":"late Quaternary","slip_sense":"Normal","fault_id":"2051"}},{"type":"Feature","geometry":{"type":"LineString","coordinates":[[-106.43913663155163,32.286365924363288],[-106.43864397568689,32.284357882278506],[-106.43838337711792,32.283405347859684],[-106.43797863038687,32.282269756262231],[-106.43771228439671,32.28152392309724],[-106.43686760841651,32.280267716762516]]},"properties":{"fault_name":"Artillery Range fault","slip_rate":"Less than 0.2 mm/yr","age":"late Quaternary","slip_sense":"Normal","fault_id":"2051"}},{"type":"Feature","geometry":{"type":"LineString","coordinates":[[-106.43419537017792,32.290018206041466],[-106.43375189438004,32.288499849375633],[-106.4331595650446,32.287022441816987],[-106.4326392114247,32.285581592812093],[-106.43227692266724,32.284067240834858],[-106.43165571968198,32.282528791034302],[-106.43124593430051,32.281558879049342],[-106.43056163275135,32.280406943959768],[-106.4303852359689,32.279830629921939],[-106.4298830328093,32.279222798130455]]},"properties":{"fault_name":"Artillery Range fault","slip_rate":"Less than 0.2 mm/yr","age":"late Quaternary","slip_sense":"Normal","fault_id":"2051"}},{"type":"Feature","geometry":{"type":"LineString","coordinates":[[-106.44552022704723,32.014284230874708],[-106.44547470222525,32.017355267824428],[-106.44627586201646,32.019742981059572],[-106.44876317307067,32.021501800999872],[-106.45640785679979,32.023271680188131],[-106.45903238910691,32.024457736755231],[-106.46094746613863,32.026441557323409],[-106.46339700303514,32.028745363280059],[-106.46494540393756,32.031049179829701],[-106.46809664364859,32.034646836037453],[-106.46967615320929,32.036664547748686],[-106.47145346730399,32.040803313966506],[-106.47171294836875,32.043591574982358],[-106.47180463761315,32.045720409830714],[-106.47240745657615,32.048161453928508],[-106.47415475436391,32.050553597867832],[-106.47582539621358,32.054467370717269],[-106.4765276577802,32.056507867331035],[-106.47769494393172,32.059582777297365],[-106.47822887468882,32.062287149149412],[-106.47851891733787,32.0656515051841],[-106.47962509020233,32.068725861910906],[-106.480556258673,32.071976324009384],[-106.48220410577233,32.074108474186581],[-106.48459252219524,32.075661182794526],[-106.48495211061693,32.076276513770871],[-106.48607258825398,32.078193881362964],[-106.48762466236759,32.079357771644034],[-106.48909188431439,32.08012360327713],[-106.49056600981416,32.080478383624687],[-106.49253611584355,32.080677389379844],[-106.49405640127419,32.080811192222484],[-106.49619437997229,32.080831035963847],[-106.4982154384446,32.080999764296308],[-106.5010375507069,32.081491478216861],[-106.50518484420161,32.082248599864023],[-106.51013611729918,32.083149125373595],[-106.51270008968143,32.083526333314062],[-106.51562963775676,32.08465185586698],[-106.51872752382812,32.08575015671471],[-106.52377826917373,32.088775628787026],[-106.52684505916322,32.09107945464158],[-106.52855459536971,32.094386591822783],[-106.52979799487697,32.096629868713336],[-106.53056860116874,32.09901758679456],[-106.53150699119598,32.101317528351167],[-106.53352133565986,32.105290416025092],[-106.53481497165272,32.107596178918207],[-106.53559583490841,32.109093826975439],[-106.53658091127929,32.111784483867382],[-106.53710471532818,32.113194518784034],[-106.53758425219654,32.113978838127167],[-106.53804816736209,32.114597017659989],[-106.53879687721877,32.115541432924154],[-106.54000690431323,32.117453785855652],[-106.54099810809268,32.119319659706697],[-106.54196295170844,32.12134989174924],[-106.5423384232427,32.122845886927905],[-106.54237079044067,32.124150375979561],[-106.5423994790376,32.124855025628207],[-106.5423399881079,32.126434870134325],[-106.5423304426097,32.126588782857283]]},"properties":{"fault_name":"Artillery Range fault","slip_rate":"Less than 0.2 mm/yr","age":"middle and late Quaternary","slip_sense":"Normal","fault_id":"2051"}},{"type":"Feature","geometry":{"type":"LineString","coordinates":[[-106.44517721613576,32.01360767487698],[-106.44539539625704,32.014016805921905],[-106.44552022704723,32.014284230874708]]},"properties":{"fault_name":"Artillery Range fault","slip_rate":"Less than 0.2 mm/yr","age":"middle and late Quaternary","slip_sense":"Normal","fault_id":"2051"}},{"type":"Feature","geometry":{"type":"LineString","coordinates":[[-106.44432249519409,32.010586483139036],[-106.44460196467223,32.012270044941786],[-106.44512088458094,32.013502042815531],[-106.44517721613576,32.01360767487698]]},"properties":{"fault_name":"Artillery Range fault","slip_rate":"Less than 0.2 mm/yr","age":"middle and late Quaternary","slip_sense":"Normal","fault_id":"2051"}},{"type":"Feature","geometry":{"type":"LineString","coordinates":[[-106.44517959038306,32.012193526308351],[-106.44517721613576,32.01360767487698]]},"properties":{"fault_name":"Artillery Range fault","slip_rate":"Less than 0.2 mm/yr","age":"middle and late Quaternary","slip_sense":"Normal","fault_id":"2051"}},{"type":"Feature","geometry":{"type":"LineString","coordinates":[[-106.50880150195965,32.400329144041123],[-106.50824441263454,32.401458139929247],[-106.50760895069074,32.402637579909026],[-106.50702901271636,32.403482568713819],[-106.50599888583398,32.404471763126871],[-106.50540010120493,32.405284948280709]]},"properties":{"fault_name":"Organ Mountains fault","slip_rate":"Between 0.2 and 1.0 mm/yr","age":"latest Quaternary","slip_sense":"Normal","fault_id":"2052"}},{"type":"Feature","geometry":{"type":"LineString","coordinates":[[-106.49206498810459,32.285113327106934],[-106.49200027167488,32.285711264282035],[-106.49185422537263,32.286822471035507],[-106.49151325992507,32.288123290843195],[-106.49121763873812,32.288961509762828],[-106.49109385628185,32.289159470245224]]},"properties":{"fault_name":"Organ Mountains fault","slip_rate":"Between 0.2 and 1.0 mm/yr","age":"latest Quaternary","slip_sense":"Normal","fault_id":"2052"}},{"type":"Feature","geometry":{"type":"LineString","coordinates":[[-106.51917301903877,32.390895642851405],[-106.5189009606617,32.391450686734515],[-106.51824188290743,32.391971684690944],[-106.51732336181762,32.392632926723429],[-106.51562875201789,32.393404340944542],[-106.51452138708905,32.393748284988988],[-106.51373110769258,32.393996383827933],[-106.51280487276942,32.394257828920281],[-106.51210042739834,32.394466905866608],[-106.51144113225176,32.395019681080882],[-106.51119407758233,32.395542767864107],[-106.51109598424824,32.396193724215053],[-106.51096561803928,32.397156221291795],[-106.51052527017518,32.397935353950338],[-106.51004843813418,32.398605187659427],[-106.50950598056839,32.399367210963725],[-106.50880150195965,32.400329144041123]]},"properties":{"fault_name":"Organ Mountains fault","slip_rate":"Between 0.2 and 1.0 mm/yr","age":"latest Quaternary","slip_sense":"Normal","fault_id":"2052"}},{"type":"Feature","geometry":{"type":"LineString","coordinates":[[-106.50238107194414,32.371970674199659],[-106.50333982677891,32.372528388154571],[-106.50376653103042,32.372776603694753],[-106.50449591183717,32.373214924098086],[-106.50496861072956,32.37349899066183],[-106.50580948503946,32.374081593888846],[-106.50662766700698,32.374440112299325],[-106.50748579076698,32.374926346874901],[-106.50792334037894,32.375113268026332]]},"properties":{"fault_name":"Organ Mountains fault","slip_rate":"Between 0.2 and 1.0 mm/yr","age":"latest Quaternary","slip_sense":"Normal","fault_id":"2052"}},{"type":"Feature","geometry":{"type":"LineString","coordinates":[[-106.50706516990655,32.391319468302726],[-106.50591292784107,32.393299422795842],[-106.50288397578964,32.39772043630451]]},"properties":{"fault_name":"Organ Mountains fault","slip_rate":"Between 0.2 and 1.0 mm/yr","age":"latest Quaternary","slip_sense":"Normal","fault_id":"2052"}},{"type":"Feature","geometry":{"type":"LineString","coordinates":[[-106.49659958304751,32.414375294717985],[-106.49540065912998,32.41461105918733],[-106.49425867672336,32.414762424943703],[-106.49300204233703,32.4152266908511],[-106.49179309232261,32.415724586021021],[-106.49047601838565,32.416110864911623],[-106.48878498118577,32.416606822969818],[-106.48688494464687,32.417007393358993]]},"properties":{"fault_name":"Organ Mountains fault","slip_rate":"Between 0.2 and 1.0 mm/yr","age":"latest Quaternary","slip_sense":"Normal","fault_id":"2052"}},{"type":"Feature","geometry":{"type":"LineString","coordinates":[[-106.48059229009905,32.36034813100688],[-106.48120263694413,32.360884985902466],[-106.48170051741057,32.361311237626396],[-106.4828062186595,32.361970215976356],[-106.48383536458159,32.362566079713112],[-106.48434686440605,32.363066905062595],[-106.48475367007575,32.363296941915507],[-106.48527467497422,32.363578990946692],[-106.48630291629281,32.364073814091867],[-106.48786511262306,32.36487189397991],[-106.48902834108446,32.365530655169884],[-106.48948531676443,32.36574938933164]]},"properties":{"fault_name":"Organ Mountains fault","slip_rate":"Between 0.2 and 1.0 mm/yr","age":"latest Quaternary","slip_sense":"Normal","fault_id":"2052"}},{"type":"Feature","geometry":{"type":"LineString","coordinates":[[-106.48680464514194,32.249971614813312],[-106.48679672289946,32.250621197992672],[-106.48680978170874,32.251482014034224],[-106.48748156703103,32.25475229728621],[-106.48750433393357,32.258037756284317]]},"properties":{"fault_name":"Organ Mountains fault","slip_rate":"Between 0.2 and 1.0 mm/yr","age":"latest Quaternary","slip_sense":"Normal","fault_id":"2052"}},{"type":"Feature","geometry":{"type":"LineString","coordinates":[[-106.4847225353663,32.299964402255895],[-106.48452830702547,32.300148457001029],[-106.48411320182088,32.300417313221629],[-106.48344324816345,32.300773822113214],[-106.48321531682977,32.301008552641136],[-106.48288000178536,32.301195751811683],[-106.4824627001999,32.301394762266177],[-106.48170600611697,32.301651257978214],[-106.48095715432645,32.302157201739966],[-106.48014606635472,32.30255469863485],[-106.47936790163817,32.303251010649049],[-106.47855258439809,32.303888240866748]]},"properties":{"fault_name":"Organ Mountains fault","slip_rate":"Between 0.2 and 1.0 mm/yr","age":"latest Quaternary","slip_sense":"Normal","fault_id":"2052"}},{"type":"Feature","geometry":{"type":"LineString","coordinates":[[-106.48366308028652,32.296418943055883],[-106.48354033718104,32.296631361032894],[-106.48333388726076,32.297175147722655],[-106.48328482577152,32.297485775311159],[-106.48308448709011,32.297849696920174],[-106.48257908682643,32.298240383326352],[-106.48195737000481,32.298673602280921],[-106.48102385243966,32.29929349529705],[-106.48024066883561,32.2998301588459]]},"properties":{"fault_name":"Organ Mountains fault","slip_rate":"Between 0.2 and 1.0 mm/yr","age":"latest Quaternary","slip_sense":"Normal","fault_id":"2052"}},{"type":"Feature","geometry":{"type":"LineString","coordinates":[[-106.46509497972056,32.329030617269517],[-106.46474222657984,32.329473518882665],[-106.4636205667599,32.330238705898104],[-106.46241596369313,32.33086166432274],[-106.46199306919674,32.331150705914546]]},"properties":{"fault_name":"Organ Mountains fault","slip_rate":"Between 0.2 and 1.0 mm/yr","age":"latest Quaternary","slip_sense":"Normal","fault_id":"2052"}},{"type":"Feature","geometry":{"type":"LineString","coordinates":[[-106.46199306919674,32.331150705914546],[-106.46192545390362,32.332011313320145],[-106.46182226802019,32.333372352770944],[-106.46162432963722,32.334777858696022],[-106.46235573614491,32.335862738626354],[-106.46320193476951,32.3373137822541],[-106.46400302628874,32.338778021128427],[-106.46458424526072,32.340431812712005],[-106.46477101668638,32.342519503189571]]},"properties":{"fault_name":"Organ Mountains fault","slip_rate":"Between 0.2 and 1.0 mm/yr","age":"latest Quaternary","slip_sense":"Normal","fault_id":"2052"}},{"type":"Feature","geometry":{"type":"LineString","coordinates":[[-106.46100557276446,32.332690573324037],[-106.46078253635076,32.333209204029011],[-106.46064169039569,32.333826997319015],[-106.46070062886149,32.335034473167383],[-106.46103847266343,32.336506301024528],[-106.4616393988761,32.338307546898726],[-106.46252023114816,32.339615127835195],[-106.4626548966941,32.339788899072616]]},"properties":{"fault_name":"Organ Mountains fault","slip_rate":"Between 0.2 and 1.0 mm/yr","age":"latest Quaternary","slip_sense":"Normal","fault_id":"2052"}},{"type":"Feature","geometry":{"type":"LineString","coordinates":[[-106.45311576215052,32.334341427147301],[-106.45341304072917,32.337850782975167],[-106.45410755163152,32.341299025945432],[-106.45571708288902,32.344579480699629],[-106.45689991618319,32.346395533352954],[-106.45841053484305,32.34837879817966],[-106.4597305875935,32.349878189811974]]},"properties":{"fault_name":"Organ Mountains fault","slip_rate":"Between 0.2 and 1.0 mm/yr","age":"latest Quaternary","slip_sense":"Normal","fault_id":"2052"}},{"type":"Feature","geometry":{"type":"LineString","coordinates":[[-106.50792334037894,32.375113268026332],[-106.50899644715611,32.375829779339881],[-106.51012272701155,32.376537073205085],[-106.51165505256193,32.377800276027322],[-106.51244309066178,32.378607893125057],[-106.51329470972081,32.3795527896769],[-106.51429941877224,32.380527121300169],[-106.51539690223295,32.381629035219035],[-106.51602780343001,32.382490245698648],[-106.51667917004592,32.383097335936803],[-106.51729427526703,32.383529460771285],[-106.51770326024958,32.38397642872561],[-106.51792452518552,32.384486002753185],[-106.51805193234397,32.385026878993784],[-106.51800589458396,32.386281884920422],[-106.51818709825152,32.387172593205761],[-106.51852008306608,32.38777806807223],[-106.51879666535891,32.388415033953081],[-106.51890371399806,32.389194142658155],[-106.51899344581345,32.389766605920322],[-106.51917301903877,32.390895642851405]]},"properties":{"fault_name":"Organ Mountains fault","slip_rate":"Between 0.2 and 1.0 mm/yr","age":"latest Quaternary","slip_sense":"Normal","fault_id":"2052"}},{"type":"Feature","geometry":{"type":"LineString","coordinates":[[-106.50540010120493,32.405284948280709],[-106.50474486195185,32.405665896141471],[-106.50388266612867,32.406224883271214],[-106.50356455831354,32.406655395781478],[-106.50332289443411,32.407658905269976],[-106.50330962901232,32.408533681811392],[-106.50323272603747,32.409219335123723],[-106.50289905131675,32.409833849301613],[-106.50224119616956,32.410654236289972],[-106.50145450284772,32.411388200320481],[-106.50038626493941,32.412138656737405],[-106.49894680991802,32.412913855373333],[-106.49773661304198,32.413493060217611],[-106.49706816855424,32.414071842732476],[-106.49659958304751,32.414375294717985]]},"properties":{"fault_name":"Organ Mountains fault","slip_rate":"Between 0.2 and 1.0 mm/yr","age":"latest Quaternary","slip_sense":"Normal","fault_id":"2052"}},{"type":"Feature","geometry":{"type":"LineString","coordinates":[[-106.48948531676443,32.36574938933164],[-106.49048189785917,32.366347908843657],[-106.49192780997082,32.366971136126139],[-106.49346540863193,32.367432973190631],[-106.49407126390058,32.367521665261158],[-106.49458406987547,32.36769163317787],[-106.49523231484574,32.368052245263378],[-106.4965080168723,32.368661541787851],[-106.49736015336092,32.368795278744464],[-106.49844186510018,32.369102471700309],[-106.49916917529018,32.369670447690986],[-106.49993370627567,32.370205912636862],[-106.50056633403473,32.370759029026921],[-106.50123808791598,32.371391793267435],[-106.50173446100938,32.371706198044905],[-106.50219062012076,32.371876865209877],[-106.50238107194414,32.371970674199659]]},"properties":{"fault_name":"Organ Mountains fault","slip_rate":"Between 0.2 and 1.0 mm/yr","age":"latest Quaternary","slip_sense":"Normal","fault_id":"2052"}},{"type":"Feature","geometry":{"type":"LineString","coordinates":[[-106.48750433393357,32.258037756284317],[-106.48746682118563,32.259080383171501],[-106.48745074673195,32.260364447294208],[-106.48755483093066,32.262538355367447],[-106.48753633372066,32.26483445106728],[-106.48744170159534,32.266799084876872],[-106.48736589276854,32.267660880058003],[-106.48750840599678,32.268852568204089],[-106.48804749128699,32.269404604040638],[-106.48889235771001,32.270178453013671],[-106.49037056515444,32.271803797230504],[-106.49151900734627,32.272724905233375],[-106.49214776875634,32.273275223746886],[-106.49245866669301,32.273904362238177],[-106.49246713600952,32.274461535151119],[-106.49218271322091,32.274962285137924],[-106.49162565713343,32.275631136129626],[-106.49135353856924,32.27638720580871],[-106.49159789380124,32.277303243173634],[-106.49179114208012,32.27835539606334],[-106.49202922257989,32.280336585341594],[-106.49216882796154,32.281460134734544],[-106.49205268028687,32.283148280295549]]},"properties":{"fault_name":"Organ Mountains fault","slip_rate":"Between 0.2 and 1.0 mm/yr","age":"latest Quaternary","slip_sense":"Normal","fault_id":"2052"}},{"type":"Feature","geometry":{"type":"LineString","coordinates":[[-106.49205268028687,32.283148280295549],[-106.49219661285329,32.283646523994037],[-106.49220671440865,32.284173446128939],[-106.49221379043816,32.28454257094684],[-106.49206498810459,32.285113327106934]]},"properties":{"fault_name":"Organ Mountains fault","slip_rate":"Between 0.2 and 1.0 mm/yr","age":"latest Quaternary","slip_sense":"Normal","fault_id":"2052"}},{"type":"Feature","geometry":{"type":"LineString","coordinates":[[-106.49109385628185,32.289159470245224],[-106.49036429042218,32.289587036347136],[-106.48952306037941,32.290360268146891],[-106.48893280435568,32.290776048187134]]},"properties":{"fault_name":"Organ Mountains fault","slip_rate":"Between 0.2 and 1.0 mm/yr","age":"latest Quaternary","slip_sense":"Normal","fault_id":"2052"}},{"type":"Feature","geometry":{"type":"LineString","coordinates":[[-106.48893280435568,32.290776048187134],[-106.48877453737229,32.29087530785479],[-106.48849089881291,32.291295020663895],[-106.48817818538103,32.291599177204667],[-106.48791156809968,32.292145330685486],[-106.48770370692606,32.29259480203001],[-106.4873275526722,32.293079621326406],[-106.48698487323908,32.293406773864355],[-106.48652963939244,32.293896192835007],[-106.48618946895391,32.294303169353427],[-106.48573799904833,32.294912323097151],[-106.48513368439038,32.295524882984544],[-106.48435943543015,32.295971483953323],[-106.48366308028652,32.296418943055883]]},"properties":{"fault_name":"Organ Mountains fault","slip_rate":"Between 0.2 and 1.0 mm/yr","age":"latest Quaternary","slip_sense":"Normal","fault_id":"2052"}},{"type":"Feature","geometry":{"type":"LineString","coordinates":[[-106.46477101668638,32.342519503189571],[-106.46524215700177,32.343325097145367],[-106.46610580899402,32.343891425730696],[-106.46705093818254,32.344180724734343],[-106.46756688376935,32.344630265774768],[-106.46809068961488,32.34524080463688],[-106.4688404280426,32.346198197303842],[-106.46983024302659,32.347792236280576],[-106.47048267863767,32.34909172384851],[-106.47117944341308,32.350131615098924],[-106.47156733235951,32.350682425860889],[-106.4719409677373,32.351330502170136],[-106.47256443537539,32.351647242724816],[-106.47295389457695,32.352230253141059],[-106.47332281739278,32.35278173107038],[-106.47391216971134,32.353567364351193],[-106.47471649336896,32.354578332792485],[-106.47601486258509,32.356332034280271],[-106.47680132863317,32.357527016183596],[-106.47766007402734,32.358539879908257],[-106.47861458971228,32.359274391924295],[-106.47963045314458,32.359922865747549],[-106.48030037895421,32.360170488367821],[-106.48059229009905,32.36034813100688]]},"properties":{"fault_name":"Organ Mountains fault","slip_rate":"Between 0.2 and 1.0 mm/yr","age":"latest Quaternary","slip_sense":"Normal","fault_id":"2052"}},{"type":"Feature","geometry":{"type":"LineString","coordinates":[[-106.47855258439809,32.303888240866748],[-106.47820002888675,32.304275523224803],[-106.47804860167594,32.304698264986285],[-106.47794671295979,32.305199782667117],[-106.47790800275757,32.30583968317471],[-106.47798655234433,32.306466986120327],[-106.47788654470035,32.307028371739406],[-106.47760390596589,32.307394125821368],[-106.47715415543576,32.307683723682651],[-106.47677149827754,32.307861993241623]]},"properties":{"fault_name":"Organ Mountains fault","slip_rate":"Between 0.2 and 1.0 mm/yr","age":"latest Quaternary","slip_sense":"Normal","fault_id":"2052"}},{"type":"Feature","geometry":{"type":"LineString","coordinates":[[-106.47472041271855,32.308486810858604],[-106.47450016198056,32.30859156700798],[-106.47397767216691,32.308812891165516],[-106.47361712344616,32.30932016991374],[-106.47324262209241,32.309757866227599],[-106.47298569224306,32.310192941855718],[-106.4728240772386,32.310665836818195],[-106.47266340816013,32.311204475314675]]},"properties":{"fault_name":"Organ Mountains fault","slip_rate":"Between 0.2 and 1.0 mm/yr","age":"latest Quaternary","slip_sense":"Normal","fault_id":"2052"}},{"type":"Feature","geometry":{"type":"LineString","coordinates":[[-106.47266340816013,32.311204475314675],[-106.47266843333585,32.312077184310681],[-106.47264696360057,32.312516999916404],[-106.4727424392439,32.312934242277208],[-106.47287130526635,32.313290830228198],[-106.47278195164169,32.31344259499118],[-106.47241230568204,32.31366051292742],[-106.47183228506266,32.313923058866678],[-106.47139069123529,32.314472082700703],[-106.47112263215787,32.314927377881425],[-106.47111354659711,32.315386888792801],[-106.47139525737187,32.315740072037187],[-106.47144981385573,32.315978495912454],[-106.47124822112617,32.316302506314045],[-106.47115041076141,32.316933736880728],[-106.470942706793,32.317437613125314],[-106.47056084105056,32.318015261829416],[-106.46977547274372,32.319230953048667],[-106.46943201536958,32.319907595755637],[-106.46910376377824,32.320693736122848],[-106.46871892281557,32.321551030635383],[-106.46827247179746,32.322319832755952],[-106.46791051900995,32.323156648344693],[-106.46768777005713,32.323930453039729],[-106.4674457351735,32.324465047842487],[-106.46720213183139,32.324949752043807],[-106.46684534794998,32.325576767800136],[-106.46663544760069,32.326010797323661],[-106.46649546492662,32.326423299249221],[-106.46641740492169,32.326934271006614],[-106.46646585106495,32.327352559764456],[-106.46636976097395,32.327664234658215],[-106.46609793705719,32.327999794356735],[-106.46568440031109,32.328318540076751],[-106.46509497972056,32.329030617269517]]},"properties":{"fault_name":"Organ Mountains fault","slip_rate":"Between 0.2 and 1.0 mm/yr","age":"latest Quaternary","slip_sense":"Normal","fault_id":"2052"}},{"type":"Feature","geometry":{"type":"LineString","coordinates":[[-106.490770740359,32.19093201328986],[-106.49075826635297,32.191090960025917],[-106.49027771887992,32.193104805630512],[-106.49010217998858,32.195374748967346],[-106.48995719369834,32.197327480906758],[-106.48951443385775,32.20020019316312],[-106.48926279328879,32.203392892653532],[-106.48929337643263,32.206234488130896],[-106.48867560860501,32.208992760793265],[-106.48826340136553,32.211491038158243],[-106.48743952138416,32.214508751164431],[-106.4865850968865,32.218964207646579],[-106.48613511459102,32.222122467363327],[-106.48599735524725,32.224132975344482],[-106.4861118437336,32.228531195692049],[-106.48630301331086,32.233936610665225],[-106.48662363191725,32.239425911041465],[-106.48701257728246,32.244083009851884],[-106.48673437892042,32.248112494307478],[-106.48680464514194,32.249971614813312]]},"properties":{"fault_name":"Organ Mountains fault","slip_rate":"Less than 0.2 mm/yr","age":"undifferentiated Quaternary","slip_sense":"Normal","fault_id":"2052"}},{"type":"Feature","geometry":{"type":"LineString","coordinates":[[-106.47368970193122,32.427349893743148],[-106.47368296995649,32.427645633741292],[-106.47353257131668,32.428160070290708],[-106.47334773755708,32.428489611951264],[-106.47328180840175,32.428727661239222]]},"properties":{"fault_name":"San Andres Mountains fault","slip_rate":"Less than 0.2 mm/yr","age":"latest Quaternary","slip_sense":"Normal","fault_id":"2053"}},{"type":"Feature","geometry":{"type":"LineString","coordinates":[[-106.4709331810577,32.440215007076162],[-106.47100380211378,32.440895747252192],[-106.47095260443078,32.441472428302305],[-106.47085611009791,32.442041097649337]]},"properties":{"fault_name":"San Andres Mountains fault","slip_rate":"Less than 0.2 mm/yr","age":"latest Quaternary","slip_sense":"Normal","fault_id":"2053"}},{"type":"Feature","geometry":{"type":"LineString","coordinates":[[-106.46500086322827,32.46210136586334],[-106.46451397903921,32.463852003844409],[-106.46418200662595,32.464772603107562]]},"properties":{"fault_name":"San Andres Mountains fault","slip_rate":"Less than 0.2 mm/yr","age":"latest Quaternary","slip_sense":"Normal","fault_id":"2053"}},{"type":"Feature","geometry":{"type":"LineString","coordinates":[[-106.43828682619117,32.530608104756794],[-106.43732210744123,32.531949415281154],[-106.4368330080067,32.532768238196795]]},"properties":{"fault_name":"San Andres Mountains fault","slip_rate":"Less than 0.2 mm/yr","age":"latest Quaternary","slip_sense":"Normal","fault_id":"2053"}},{"type":"Feature","geometry":{"type":"LineString","coordinates":[[-106.48688494464687,32.417007393358993],[-106.4848996930218,32.418290397062556],[-106.48385352492339,32.419112251092699],[-106.48284839815535,32.419853966735012],[-106.48238730908969,32.420070126106118]]},"properties":{"fault_name":"San Andres Mountains fault","slip_rate":"Less than 0.2 mm/yr","age":"latest Quaternary","slip_sense":"Normal","fault_id":"2053"}},{"type":"Feature","geometry":{"type":"LineString","coordinates":[[-106.47285028558701,32.431354080671667],[-106.4727284219322,32.432118328763167],[-106.47257577121597,32.432855869732251],[-106.4725168974289,32.433294007698713],[-106.47248827440897,32.43343229666106]]},"properties":{"fault_name":"San Andres Mountains fault","slip_rate":"Less than 0.2 mm/yr","age":"latest Quaternary","slip_sense":"Normal","fault_id":"2053"}},{"type":"Feature","geometry":{"type":"LineString","coordinates":[[-106.4711552176465,32.436940724795605],[-106.47116456371872,32.438870201886573],[-106.47093962736818,32.439576462875166],[-106.47086454438012,32.439822140845713],[-106.4709331810577,32.440215007076162]]},"properties":{"fault_name":"San Andres Mountains fault","slip_rate":"Less than 0.2 mm/yr","age":"latest Quaternary","slip_sense":"Normal","fault_id":"2053"}},{"type":"Feature","geometry":{"type":"LineString","coordinates":[[-106.46367678333037,32.472886233185882],[-106.46388627674284,32.473778059176084],[-106.46387615003465,32.474825142669388],[-106.46383645527888,32.475438883108971],[-106.46360302625565,32.476701725320403],[-106.46335663544123,32.477301546922575]]},"properties":{"fault_name":"San Andres Mountains fault","slip_rate":"Less than 0.2 mm/yr","age":"latest Quaternary","slip_sense":"Normal","fault_id":"2053"}},{"type":"Feature","geometry":{"type":"LineString","coordinates":[[-106.4468174940305,32.503646961993141],[-106.44599969564362,32.504438715637633],[-106.4453288499591,32.504776548909611],[-106.44512419307611,32.505260884741283],[-106.44485563812869,32.505949419690921],[-106.44460477729739,32.506484443985677],[-106.44455040586651,32.507021824176995],[-106.44426652206704,32.507722984880083],[-106.44389560409297,32.508205328360546],[-106.44354216374106,32.508546967095249],[-106.44330319390919,32.509274287101739],[-106.44298994058981,32.509923854883205],[-106.44280276222733,32.510267487763684],[-106.44237095464668,32.510774720987584],[-106.44222826085705,32.511170128306063],[-106.44182603929026,32.511716146665492],[-106.44163950501984,32.512021356834829],[-106.44161665277733,32.512482253656572],[-106.44180153774089,32.513176225326731],[-106.44214645038581,32.514243613726443],[-106.44204780997772,32.514716411716705],[-106.44200382576648,32.515535741652762],[-106.44187087330779,32.516251523772823],[-106.44184952574336,32.516622765754008],[-106.44180854999,32.517262789137369],[-106.44200640033807,32.518085018973139],[-106.44221370725113,32.518343711327184],[-106.44229902115197,32.518664990775058]]},"properties":{"fault_name":"San Andres Mountains fault","slip_rate":"Less than 0.2 mm/yr","age":"latest Quaternary","slip_sense":"Normal","fault_id":"2053"}},{"type":"Feature","geometry":{"type":"LineString","coordinates":[[-106.44157880675439,32.549025095301069],[-106.44184193228428,32.549738887188141],[-106.44204959403187,32.551020911629273],[-106.44241042212867,32.553113749279468],[-106.4422471416477,32.554584533940805],[-106.44253625993031,32.555943468124866],[-106.44279818171769,32.556779174054746],[-106.44282644630981,32.557525965839694],[-106.44273788769415,32.558680512848696],[-106.44244886283632,32.559876818716084],[-106.44234834494928,32.560460451647337]]},"properties":{"fault_name":"San Andres Mountains fault","slip_rate":"Less than 0.2 mm/yr","age":"latest Quaternary","slip_sense":"Normal","fault_id":"2053"}},{"type":"Feature","geometry":{"type":"LineString","coordinates":[[-106.44234834494928,32.560460451647337],[-106.44219549480707,32.561347951349084]]},"properties":{"fault_name":"San Andres Mountains fault","slip_rate":"Less than 0.2 mm/yr","age":"latest Quaternary","slip_sense":"Normal","fault_id":"2053"}},{"type":"Feature","geometry":{"type":"LineString","coordinates":[[-106.43990860687587,32.530262129071751],[-106.44065276766399,32.5313408939274],[-106.44107922667544,32.532451085276101],[-106.441022659762,32.533341153660501],[-106.44090362939357,32.534344444251623]]},"properties":{"fault_name":"San Andres Mountains fault","slip_rate":"Less than 0.2 mm/yr","age":"latest Quaternary","slip_sense":"Normal","fault_id":"2053"}},{"type":"Feature","geometry":{"type":"LineString","coordinates":[[-106.43861911391308,32.577521495228943],[-106.4386389334432,32.578225543784512],[-106.43810904420656,32.578968264728147],[-106.43731249367107,32.579556677038362],[-106.43660881995282,32.580130763130228],[-106.43628852923153,32.580525591845628]]},"properties":{"fault_name":"San Andres Mountains fault","slip_rate":"Less than 0.2 mm/yr","age":"latest Quaternary","slip_sense":"Normal","fault_id":"2053"}},{"type":"Feature","geometry":{"type":"LineString","coordinates":[[-106.43628852923153,32.580525591845628],[-106.43643420812286,32.582085473832826],[-106.43648109838405,32.583068026942406],[-106.43628017489941,32.583992361162508],[-106.43630607692231,32.584618790006949],[-106.43612732924875,32.585529084208403],[-106.43613999100268,32.586008935151085],[-106.43649005818069,32.58755359673804],[-106.4364458592721,32.588316125330437],[-106.43594689184415,32.589613028173737],[-106.4353612432795,32.59149738411822],[-106.43507169290724,32.592581516988247],[-106.43448839972527,32.594037139126577],[-106.43416505203707,32.594764555344824],[-106.43354452368656,32.59532210121224],[-106.43270398444827,32.595629818370178],[-106.43214737033193,32.59642473515391],[-106.43157984797308,32.597959141880708],[-106.43138231383199,32.598791955861245],[-106.43144731682426,32.599200976282241],[-106.43146811731468,32.600019542030552],[-106.43135244484878,32.601459359168224],[-106.43123241375716,32.602212576207009],[-106.43078755994362,32.603584091022725]]},"properties":{"fault_name":"San Andres Mountains fault","slip_rate":"Less than 0.2 mm/yr","age":"latest Quaternary","slip_sense":"Normal","fault_id":"2053"}},{"type":"Feature","geometry":{"type":"LineString","coordinates":[[-106.43628852923153,32.580525591845628],[-106.43600454841405,32.580875658903395],[-106.43520912256929,32.581452553897364],[-106.43464966887832,32.581667093662666],[-106.43433348794947,32.582209956931941],[-106.43413020009899,32.582987943621845],[-106.43381638533259,32.583720635214398],[-106.43299780091981,32.5847503013444],[-106.43265599914074,32.585679525258612],[-106.43193038766492,32.587697649251716],[-106.43124634842384,32.589575572663506],[-106.43102582639465,32.590742037246095],[-106.43077787700318,32.591625730020091],[-106.43033208714512,32.592504754904752],[-106.43010736100038,32.594039317307022],[-106.43013175475193,32.595392663228097],[-106.42972767187588,32.596225778059541],[-106.42921258957007,32.596928884304653],[-106.42908571241765,32.597640185045414],[-106.42937831077369,32.598372426140038],[-106.42981128796085,32.599142305003809],[-106.43049966875969,32.600303196963019],[-106.430702235263,32.601207435048821],[-106.43051138728256,32.601814413329684],[-106.43033832684308,32.60279065215127],[-106.43078755994362,32.603584091022725]]},"properties":{"fault_name":"San Andres Mountains fault","slip_rate":"Less than 0.2 mm/yr","age":"latest Quaternary","slip_sense":"Normal","fault_id":"2053"}},{"type":"Feature","geometry":{"type":"LineString","coordinates":[[-106.48238730908969,32.420070126106118],[-106.48167567360306,32.420480868129076],[-106.48090246219699,32.420879351166526],[-106.48034663680147,32.421106613316198],[-106.47976296273383,32.421471419353729],[-106.47897562442158,32.421973088184515],[-106.47799000097667,32.422482656300559],[-106.47681800855138,32.42321505305695],[-106.47596097804109,32.42407205507461],[-106.47534711159672,32.424975888370874],[-106.47464058393082,32.42553522600501],[-106.47396443908444,32.426205431911704],[-106.47369839941982,32.426488245225116],[-106.47359609208873,32.426733732142999],[-106.47360206139379,32.427041527989836],[-106.47368970193122,32.427349893743148]]},"properties":{"fault_name":"San Andres Mountains fault","slip_rate":"Less than 0.2 mm/yr","age":"latest Quaternary","slip_sense":"Normal","fault_id":"2053"}},{"type":"Feature","geometry":{"type":"LineString","coordinates":[[-106.47328180840175,32.428727661239222],[-106.47310161623722,32.428932277290649],[-106.47304274155182,32.429370413849036],[-106.47298068233873,32.4301239772428],[-106.47285028558701,32.431354080671667]]},"properties":{"fault_name":"San Andres Mountains fault","slip_rate":"Less than 0.2 mm/yr","age":"latest Quaternary","slip_sense":"Normal","fault_id":"2053"}},{"type":"Feature","geometry":{"type":"LineString","coordinates":[[-106.47248827440897,32.43343229666106],[-106.47208413314243,32.433923539089584],[-106.47146789694239,32.434734777170313],[-106.47110940087207,32.435186206705765],[-106.47102392437615,32.435562608926482],[-106.47108115604289,32.436186210005346],[-106.4711552176465,32.436940724795605]]},"properties":{"fault_name":"San Andres Mountains fault","slip_rate":"Less than 0.2 mm/yr","age":"latest Quaternary","slip_sense":"Normal","fault_id":"2053"}},{"type":"Feature","geometry":{"type":"LineString","coordinates":[[-106.47085611009791,32.442041097649337],[-106.47081264690952,32.442757800306758],[-106.4707867323102,32.443527003757055],[-106.47104918230698,32.444436790996022],[-106.47122509130423,32.445053450985313],[-106.47115714093951,32.445491525124247],[-106.47084231107684,32.446112524756636],[-106.47003860096855,32.447514877932242],[-106.46984562398089,32.447752037803369],[-106.46930439171716,32.448325291735316],[-106.46912103388958,32.448508661753671],[-106.46895434969198,32.44883833219928],[-106.46849176223643,32.449712194677396],[-106.46815175529127,32.450464986912039],[-106.46766542626106,32.451486853901088],[-106.46697518594958,32.452657819986484],[-106.46663781735644,32.453628172731484],[-106.46614934314933,32.454814979208969],[-106.46582601432576,32.456131830947832],[-106.46574518122152,32.45733051172035],[-106.46552408876212,32.458561226230401],[-106.46535482819628,32.459554459205641],[-106.46517239114188,32.460666464657749],[-106.465054328259,32.461595026963302],[-106.46500086322827,32.46210136586334]]},"properties":{"fault_name":"San Andres Mountains fault","slip_rate":"Less than 0.2 mm/yr","age":"latest Quaternary","slip_sense":"Normal","fault_id":"2053"}},{"type":"Feature","geometry":{"type":"LineString","coordinates":[[-106.46418200662595,32.464772603107562],[-106.46391149784276,32.465501636739248],[-106.46373465998751,32.466067610870304],[-106.46349581771641,32.46703083276261],[-106.46329784968904,32.467865408009104],[-106.4630195156814,32.468548720775289],[-106.46276529964253,32.469052724925284],[-106.46259625018078,32.469401482662008],[-106.46255921892983,32.469644935253449],[-106.46258323538892,32.469912450031707],[-106.4626811104324,32.470586711829426],[-106.46292904275587,32.471244596994566],[-106.46314089873754,32.471724620707406],[-106.46347527683912,32.472265530269446],[-106.4635900105655,32.472543629150337],[-106.46367678333037,32.472886233185882]]},"properties":{"fault_name":"San Andres Mountains fault","slip_rate":"Less than 0.2 mm/yr","age":"latest Quaternary","slip_sense":"Normal","fault_id":"2053"}},{"type":"Feature","geometry":{"type":"LineString","coordinates":[[-106.46335663544123,32.477301546922575],[-106.46300298039195,32.477897048756958],[-106.46262016243531,32.47860840702274],[-106.46246349714808,32.479327092193209],[-106.46201312408544,32.480269870838654],[-106.46173308238046,32.48090215977053],[-106.46140919121152,32.481859976059766],[-106.46100683399912,32.482627142148715],[-106.46052926893283,32.483407358854095],[-106.46024742880066,32.484186817850656],[-106.45995219209263,32.485272572805108],[-106.45956800510349,32.486613874852509],[-106.45932028837569,32.488133292152035],[-106.45910046882904,32.489244276340919],[-106.45880391788575,32.490087591992179],[-106.45827014163888,32.491608115977598],[-106.45788263357815,32.492336942898461],[-106.45755797704459,32.493550412851],[-106.45733497656349,32.494074441945415],[-106.4561993838735,32.495673853634941],[-106.45540634036088,32.496582892888178],[-106.45489727856409,32.497108027920397],[-106.45455320943722,32.497517683895275],[-106.45371437520134,32.498312059163524],[-106.45292132989212,32.49922109675601],[-106.45227828976059,32.500027473768725],[-106.45150043765777,32.500961973656665],[-106.45112591204951,32.501307946984738],[-106.45073542966685,32.501488099845808],[-106.45014887829537,32.501605210982362],[-106.44942675407948,32.501710084937152],[-106.44920126257013,32.501774758133173]]},"properties":{"fault_name":"San Andres Mountains fault","slip_rate":"Less than 0.2 mm/yr","age":"latest Quaternary","slip_sense":"Normal","fault_id":"2053"}},{"type":"Feature","geometry":{"type":"LineString","coordinates":[[-106.44920126257013,32.501774758133173],[-106.44840962132767,32.503504292030911],[-106.44810030712085,32.504820040693872],[-106.4476718637309,32.506928600315618],[-106.44748883917831,32.507925605623171]]},"properties":{"fault_name":"San Andres Mountains fault","slip_rate":"Less than 0.2 mm/yr","age":"latest Quaternary","slip_sense":"Normal","fault_id":"2053"}},{"type":"Feature","geometry":{"type":"LineString","coordinates":[[-106.44920126257013,32.501774758133173],[-106.44758146536556,32.502929437778036],[-106.4468174940305,32.503646961993141]]},"properties":{"fault_name":"San Andres Mountains fault","slip_rate":"Less than 0.2 mm/yr","age":"latest Quaternary","slip_sense":"Normal","fault_id":"2053"}},{"type":"Feature","geometry":{"type":"LineString","coordinates":[[-106.44229902115197,32.518664990775058],[-106.44203910799757,32.519229554180576],[-106.44172284532202,32.520058428662374],[-106.4416462684356,32.521018282169514],[-106.44165801300963,32.522120106334683],[-106.44184074920305,32.522942156148737],[-106.44165449969854,32.524131278377105],[-106.44155650517916,32.524565651724274],[-106.4415751281533,32.525257631246404],[-106.44152985396131,32.526153808228244],[-106.44142433694974,32.527036452073773],[-106.44120984531102,32.527913939226273]]},"properties":{"fault_name":"San Andres Mountains fault","slip_rate":"Less than 0.2 mm/yr","age":"latest Quaternary","slip_sense":"Normal","fault_id":"2053"}},{"type":"Feature","geometry":{"type":"LineString","coordinates":[[-106.44219549480707,32.561347951349084],[-106.44165207873887,32.562270300972393],[-106.44104349079512,32.563307049999651],[-106.44063830299127,32.564046000013946],[-106.44038290297286,32.564494763319068],[-106.44038963584592,32.564887908982548],[-106.44064347818562,32.56525183867668],[-106.440788789666,32.565603979943553],[-106.44070829792159,32.566325877673158],[-106.4405562796193,32.567389441954703],[-106.44039170736096,32.568623559296761],[-106.44018139019339,32.569897554269801],[-106.44002757615885,32.570856280054805],[-106.43984192044077,32.571762962161664],[-106.43980582703097,32.572366350968444],[-106.43977332418734,32.573179419091609],[-106.43988903707742,32.573610564973805],[-106.43997470311785,32.574094506982135],[-106.4398564803349,32.574410070690284]]},"properties":{"fault_name":"San Andres Mountains fault","slip_rate":"Less than 0.2 mm/yr","age":"latest Quaternary","slip_sense":"Normal","fault_id":"2053"}},{"type":"Feature","geometry":{"type":"LineString","coordinates":[[-106.43990860687587,32.530262129071751],[-106.43973136927032,32.530447983743947],[-106.43916203770451,32.531299774175437],[-106.43920424325151,32.532776956112734],[-106.43922617382253,32.533544535343957],[-106.43930055612468,32.534332079128454],[-106.43938701897078,32.535101886783316],[-106.43962501502888,32.535846649022282],[-106.4397421176127,32.536552456711256],[-106.43964859131353,32.537026589860872],[-106.43950972165209,32.537487718916381],[-106.4394014198631,32.537897671017156],[-106.43950331307083,32.538616243640575],[-106.43957521871775,32.539283399681985],[-106.43961560966788,32.540168446147945],[-106.43991161174051,32.541362292984239],[-106.44005899204096,32.542068220895551],[-106.44025047962187,32.543005165102286],[-106.44041139843198,32.543993285062378],[-106.44048395984905,32.544545022682868],[-106.44052515209643,32.545289003878963],[-106.44092981887741,32.546008778164939],[-106.44119707216599,32.546933196704416],[-106.44116198756426,32.547779471119362],[-106.44120478240607,32.548241321110076],[-106.44157880675439,32.549025095301069]]},"properties":{"fault_name":"San Andres Mountains fault","slip_rate":"Less than 0.2 mm/yr","age":"latest Quaternary","slip_sense":"Normal","fault_id":"2053"}},{"type":"Feature","geometry":{"type":"LineString","coordinates":[[-106.44120984531102,32.527913939226273],[-106.44101438088833,32.528452463721273],[-106.44088970191345,32.529080365711003],[-106.44052331504164,32.529617538103871],[-106.43990860687587,32.530262129071751]]},"properties":{"fault_name":"San Andres Mountains fault","slip_rate":"Less than 0.2 mm/yr","age":"latest Quaternary","slip_sense":"Normal","fault_id":"2053"}},{"type":"Feature","geometry":{"type":"LineString","coordinates":[[-106.44120984531102,32.527913939226273],[-106.44020493593528,32.528743349358436],[-106.43918598229841,32.529560068709984],[-106.43828682619117,32.530608104756794]]},"properties":{"fault_name":"San Andres Mountains fault","slip_rate":"Less than 0.2 mm/yr","age":"latest Quaternary","slip_sense":"Normal","fault_id":"2053"}},{"type":"Feature","geometry":{"type":"LineString","coordinates":[[-106.4398564803349,32.574410070690284],[-106.4398119122187,32.574529036053285],[-106.43925559185145,32.575479544354806],[-106.43869298507384,32.576107380877211],[-106.43861395309177,32.577220081347605],[-106.43861911391308,32.577521495228943]]},"properties":{"fault_name":"San Andres Mountains fault","slip_rate":"Less than 0.2 mm/yr","age":"latest Quaternary","slip_sense":"Normal","fault_id":"2053"}},{"type":"Feature","geometry":{"type":"LineString","coordinates":[[-106.4398564803349,32.574410070690284],[-106.43935339592801,32.573115458170321],[-106.43921167770878,32.572059202716233],[-106.43907308562676,32.571195784155705],[-106.43870936585304,32.570741435660295],[-106.43783369799556,32.569310235347274],[-106.43758567763719,32.568382605724452],[-106.43826039236561,32.567116077369718],[-106.43934500386662,32.565385800318104],[-106.44069465610569,32.562865845710832],[-106.44234834494928,32.560460451647337]]},"properties":{"fault_name":"San Andres Mountains fault","slip_rate":"Less than 0.2 mm/yr","age":"latest Quaternary","slip_sense":"Normal","fault_id":"2053"}},{"type":"Feature","geometry":{"type":"LineString","coordinates":[[-105.91979045696876,32.537393354330668],[-105.92037400167902,32.535827927082657]]},"properties":{"fault_name":"Alamogordo fault","slip_rate":"Less than 0.2 mm/yr","age":"latest Quaternary","slip_sense":"Normal","fault_id":"2054"}},{"type":"Feature","geometry":{"type":"LineString","coordinates":[[-105.91384102174155,32.543969498746485],[-105.91432308107922,32.543311881971924]]},"properties":{"fault_name":"Alamogordo fault","slip_rate":"Less than 0.2 mm/yr","age":"latest Quaternary","slip_sense":"Normal","fault_id":"2054"}},{"type":"Feature","geometry":{"type":"LineString","coordinates":[[-105.90931273027698,32.547114147861201],[-105.90965752973416,32.54674154617598],[-105.9099387320625,32.546560963043532],[-105.91018710186553,32.546416203072603]]},"properties":{"fault_name":"Alamogordo fault","slip_rate":"Less than 0.2 mm/yr","age":"latest Quaternary","slip_sense":"Normal","fault_id":"2054"}},{"type":"Feature","geometry":{"type":"LineString","coordinates":[[-105.90427759495607,32.55646539805268],[-105.90912730632424,32.548490444684447]]},"properties":{"fault_name":"Alamogordo fault","slip_rate":"Less than 0.2 mm/yr","age":"latest Quaternary","slip_sense":"Normal","fault_id":"2054"}},{"type":"Feature","geometry":{"type":"LineString","coordinates":[[-105.89724629258106,32.548275714252519],[-105.89801694468689,32.547557249976997]]},"properties":{"fault_name":"Alamogordo fault","slip_rate":"Less than 0.2 mm/yr","age":"latest Quaternary","slip_sense":"Normal","fault_id":"2054"}},{"type":"Feature","geometry":{"type":"LineString","coordinates":[[-105.89392105728432,32.550418861111083],[-105.89487753668644,32.549075144378449]]},"properties":{"fault_name":"Alamogordo fault","slip_rate":"Less than 0.2 mm/yr","age":"latest Quaternary","slip_sense":"Normal","fault_id":"2054"}},{"type":"Feature","geometry":{"type":"LineString","coordinates":[[-105.89028109543118,32.56148473679454],[-105.89080313429055,32.560411100171223]]},"properties":{"fault_name":"Alamogordo fault","slip_rate":"Less than 0.2 mm/yr","age":"latest Quaternary","slip_sense":"Normal","fault_id":"2054"}},{"type":"Feature","geometry":{"type":"LineString","coordinates":[[-105.88750671964307,32.566459431920599],[-105.88765974405847,32.565837190789729]]},"properties":{"fault_name":"Alamogordo fault","slip_rate":"Less than 0.2 mm/yr","age":"latest Quaternary","slip_sense":"Normal","fault_id":"2054"}},{"type":"Feature","geometry":{"type":"LineString","coordinates":[[-105.88539888930421,32.571007558778049],[-105.88677694986582,32.568525673074319]]},"properties":{"fault_name":"Alamogordo fault","slip_rate":"Less than 0.2 mm/yr","age":"latest Quaternary","slip_sense":"Normal","fault_id":"2054"}},{"type":"Feature","geometry":{"type":"LineString","coordinates":[[-105.87733888387652,32.57880674480424],[-105.87824875598677,32.577627238893434]]},"properties":{"fault_name":"Alamogordo fault","slip_rate":"Less than 0.2 mm/yr","age":"latest Quaternary","slip_sense":"Normal","fault_id":"2054"}},{"type":"Feature","geometry":{"type":"LineString","coordinates":[[-105.87148670295693,32.588388230854896],[-105.87245769643913,32.586043431893501],[-105.87526321322487,32.581427941843614]]},"properties":{"fault_name":"Alamogordo fault","slip_rate":"Less than 0.2 mm/yr","age":"latest Quaternary","slip_sense":"Normal","fault_id":"2054"}},{"type":"Feature","geometry":{"type":"LineString","coordinates":[[-105.9164318007502,32.543979131103349],[-105.91656096411501,32.543300314727759],[-105.91665316360252,32.542871432823524],[-105.91681424860096,32.542519914188276],[-105.9170548093492,32.542352483995145],[-105.91731335257279,32.542241793879491],[-105.91761511284641,32.54218746919971],[-105.91803642091803,32.541891370075511]]},"properties":{"fault_name":"Alamogordo fault","slip_rate":"Less than 0.2 mm/yr","age":"latest Quaternary","slip_sense":"Normal","fault_id":"2054"}},{"type":"Feature","geometry":{"type":"LineString","coordinates":[[-105.87658809172501,32.580127250855909],[-105.87669108806391,32.580059644847147]]},"properties":{"fault_name":"Alamogordo fault","slip_rate":"Less than 0.2 mm/yr","age":"latest Quaternary","slip_sense":"Normal","fault_id":"2054"}},{"type":"Feature","geometry":{"type":"LineString","coordinates":[[-105.87526321322487,32.581427941843614],[-105.87592497784016,32.580689954051714],[-105.87632599835939,32.580310050169267],[-105.87656375995722,32.580143223376439],[-105.87658809172501,32.580127250855909]]},"properties":{"fault_name":"Alamogordo fault","slip_rate":"Less than 0.2 mm/yr","age":"latest Quaternary","slip_sense":"Normal","fault_id":"2054"}},{"type":"Feature","geometry":{"type":"LineString","coordinates":[[-105.92037400167902,32.535827927082657],[-105.92078419938721,32.534880836158713],[-105.92108245982446,32.534232605221327],[-105.92138774508726,32.533506380864956],[-105.9216343883283,32.532773810816614],[-105.92168719579226,32.532440279292459],[-105.9216980833735,32.532100190814219],[-105.92163445929519,32.531803529790594],[-105.92184549960658,32.531432604243648],[-105.92233543177939,32.530746560094698],[-105.92236015700925,32.530671912691872]]},"properties":{"fault_name":"Alamogordo fault","slip_rate":"Less than 0.2 mm/yr","age":"latest Quaternary","slip_sense":"Normal","fault_id":"2054"}},{"type":"Feature","geometry":{"type":"LineString","coordinates":[[-105.91803642091803,32.541891370075511],[-105.91815598758066,32.541549920201263],[-105.91812483221,32.541196194209995],[-105.91799505799077,32.540942855786071],[-105.91791374069463,32.540589758982648],[-105.91801610192462,32.540220194983142],[-105.91830721895874,32.539642877308331],[-105.91873197296779,32.53905680302308],[-105.91954792082521,32.537877992262501],[-105.91979045696876,32.537393354330668]]},"properties":{"fault_name":"Alamogordo fault","slip_rate":"Less than 0.2 mm/yr","age":"latest Quaternary","slip_sense":"Normal","fault_id":"2054"}},{"type":"Feature","geometry":{"type":"LineString","coordinates":[[-105.91432308107922,32.543311881971924],[-105.91467128425302,32.543137541672493],[-105.91493637439842,32.542992573233569],[-105.91515856909068,32.542784401247715],[-105.91537119043694,32.542505525242355],[-105.91549185034928,32.542227800944062],[-105.9155138914131,32.542050468052921],[-105.91555326097874,32.541908327050251],[-105.91575606284066,32.541544586669602],[-105.91598418821043,32.541194694029997],[-105.91609721873104,32.540959560006293],[-105.91645424156431,32.540324758073382]]},"properties":{"fault_name":"Alamogordo fault","slip_rate":"Less than 0.2 mm/yr","age":"latest Quaternary","slip_sense":"Normal","fault_id":"2054"}},{"type":"Feature","geometry":{"type":"LineString","coordinates":[[-105.91018710186553,32.546416203072603],[-105.91074248079833,32.546133031909562],[-105.91128077736774,32.545828827372652],[-105.91200916463777,32.545394759034011],[-105.91278020301917,32.545009732037556],[-105.9131686273615,32.544742817718159],[-105.91351403497814,32.544405619327478],[-105.91381703492685,32.544033540269567],[-105.91384102174155,32.543969498746485]]},"properties":{"fault_name":"Alamogordo fault","slip_rate":"Less than 0.2 mm/yr","age":"latest Quaternary","slip_sense":"Normal","fault_id":"2054"}},{"type":"Feature","geometry":{"type":"LineString","coordinates":[[-105.90912730632424,32.548490444684447],[-105.90929049517707,32.548254682340136],[-105.90936160401833,32.548012991806281],[-105.90935905190462,32.547864294319801],[-105.90929810121257,32.547723411949349],[-105.90921170663844,32.547561601023602],[-105.90919279889835,32.547434355919762],[-105.90924089290202,32.547313353261366],[-105.90931273027698,32.547114147861201]]},"properties":{"fault_name":"Alamogordo fault","slip_rate":"Less than 0.2 mm/yr","age":"latest Quaternary","slip_sense":"Normal","fault_id":"2054"}},{"type":"Feature","geometry":{"type":"LineString","coordinates":[[-105.89801694468689,32.547557249976997],[-105.89856141268227,32.547125485929357],[-105.89910454488285,32.546615833317794],[-105.89949102437257,32.546235626100874],[-105.89971066695111,32.545878756315645],[-105.89982260332374,32.545579896325378],[-105.9001024680606,32.545321423246023],[-105.90024711388934,32.544979659282795],[-105.90048697664662,32.544339242687165],[-105.90067765215051,32.54375610164206],[-105.90067254882138,32.543458708223866],[-105.90069167395379,32.543111434103437]]},"properties":{"fault_name":"Alamogordo fault","slip_rate":"Less than 0.2 mm/yr","age":"latest Quaternary","slip_sense":"Normal","fault_id":"2054"}},{"type":"Feature","geometry":{"type":"LineString","coordinates":[[-105.89487753668644,32.549075144378449],[-105.89554085628551,32.548645148170969],[-105.89597499679097,32.548593040725038],[-105.89639867641493,32.548484923773835],[-105.89689880716116,32.548403183816284],[-105.89715516568199,32.548305922203546],[-105.89724629258106,32.548275714252519]]},"properties":{"fault_name":"Alamogordo fault","slip_rate":"Less than 0.2 mm/yr","age":"latest Quaternary","slip_sense":"Normal","fault_id":"2054"}},{"type":"Feature","geometry":{"type":"LineString","coordinates":[[-105.89080313429055,32.560411100171223],[-105.8912049201744,32.559712864314186],[-105.89129504275698,32.559429557930486],[-105.89132048124918,32.559211009708996],[-105.8916086886401,32.558163810234788],[-105.89182770329626,32.557511935915059],[-105.89206764420697,32.556972084251569],[-105.89223399872284,32.556483130630149],[-105.89229146574822,32.555771669160585],[-105.89232610298895,32.55534900637381],[-105.89240263585791,32.554925386807149],[-105.892601164434,32.554625540812452],[-105.89274546980124,32.554446465170109],[-105.89293357342846,32.55386560982398],[-105.89314077973022,32.553347598335499],[-105.8933217687004,32.553027060036854],[-105.8933686939959,32.552709584929651],[-105.89329183773344,32.551994159927389],[-105.89325787961909,32.551530877698596],[-105.89342657963617,32.551105151751123],[-105.89373746319981,32.550669147765667],[-105.89392105728432,32.550418861111083]]},"properties":{"fault_name":"Alamogordo fault","slip_rate":"Less than 0.2 mm/yr","age":"latest Quaternary","slip_sense":"Normal","fault_id":"2054"}},{"type":"Feature","geometry":{"type":"LineString","coordinates":[[-105.8878509747212,32.565340639720617],[-105.88819869370306,32.564351822030957],[-105.88830032280609,32.564152625678403],[-105.88924942703976,32.563062201253878],[-105.88971273314755,32.562439901732887],[-105.8898361113619,32.562148804996255],[-105.89028109543118,32.56148473679454]]},"properties":{"fault_name":"Alamogordo fault","slip_rate":"Less than 0.2 mm/yr","age":"latest Quaternary","slip_sense":"Normal","fault_id":"2054"}},{"type":"Feature","geometry":{"type":"LineString","coordinates":[[-105.88765974405847,32.565837190789729],[-105.8878509747212,32.565340639720617]]},"properties":{"fault_name":"Alamogordo fault","slip_rate":"Less than 0.2 mm/yr","age":"latest Quaternary","slip_sense":"Normal","fault_id":"2054"}},{"type":"Feature","geometry":{"type":"LineString","coordinates":[[-105.88686721258557,32.568229937918304],[-105.88706452394446,32.567650773736979],[-105.88733198564221,32.566948575711038],[-105.88750671964307,32.566459431920599]]},"properties":{"fault_name":"Alamogordo fault","slip_rate":"Less than 0.2 mm/yr","age":"latest Quaternary","slip_sense":"Normal","fault_id":"2054"}},{"type":"Feature","geometry":{"type":"LineString","coordinates":[[-105.88531292412478,32.570429418634212],[-105.88566808475046,32.569830684721467],[-105.88633200532244,32.568964741900992],[-105.88667744527844,32.568556071800153],[-105.88685921578291,32.568256609001274],[-105.88686721258557,32.568229937918304]]},"properties":{"fault_name":"Alamogordo fault","slip_rate":"Less than 0.2 mm/yr","age":"latest Quaternary","slip_sense":"Normal","fault_id":"2054"}},{"type":"Feature","geometry":{"type":"LineString","coordinates":[[-105.87824875598677,32.577627238893434],[-105.87855120526822,32.577385410976213],[-105.87892587730187,32.577072804667047],[-105.87933129417613,32.576855004179123],[-105.87991045510778,32.576395302175165],[-105.88055512657984,32.575857996355062],[-105.88123617622766,32.575415385984137],[-105.88217000011834,32.574943993071457],[-105.88274061627503,32.574584631089444],[-105.8831730957955,32.574118249734454],[-105.88346879603421,32.573802414747199],[-105.88389409172738,32.573278930842299],[-105.88421905458648,32.572795567336499],[-105.88462053234819,32.572224846182678],[-105.88539888930421,32.571007558778049]]},"properties":{"fault_name":"Alamogordo fault","slip_rate":"Less than 0.2 mm/yr","age":"latest Quaternary","slip_sense":"Normal","fault_id":"2054"}},{"type":"Feature","geometry":{"type":"LineString","coordinates":[[-105.87658809172501,32.580127250855909],[-105.87670345606873,32.579892445922148],[-105.87683583899552,32.579579796880019],[-105.87696685827972,32.57942459263186],[-105.87710784796523,32.579221492029809],[-105.87733888387652,32.57880674480424]]},"properties":{"fault_name":"Alamogordo fault","slip_rate":"Less than 0.2 mm/yr","age":"latest Quaternary","slip_sense":"Normal","fault_id":"2054"}},{"type":"Feature","geometry":{"type":"LineString","coordinates":[[-105.918841375193,32.517158437052238],[-105.91855101184539,32.516640048675271]]},"properties":{"fault_name":"Alamogordo fault","slip_rate":"Less than 0.2 mm/yr","age":"latest Quaternary","slip_sense":"Normal","fault_id":"2054"}},{"type":"Feature","geometry":{"type":"LineString","coordinates":[[-105.91774418458307,32.514728346245427],[-105.91723104263826,32.513726807654038],[-105.91703265060606,32.513143792084612],[-105.91701789667584,32.512395901682027],[-105.91681121409192,32.511827178924136],[-105.91625716915728,32.51096121821061],[-105.91593201675367,32.510307677785327],[-105.91578505327152,32.509838349663028],[-105.91475143463761,32.508953712704944],[-105.91416719193639,32.508493965192557]]},"properties":{"fault_name":"Alamogordo fault","slip_rate":"Less than 0.2 mm/yr","age":"latest Quaternary","slip_sense":"Normal","fault_id":"2054"}},{"type":"Feature","geometry":{"type":"LineString","coordinates":[[-105.91951407140699,32.518130582840698],[-105.91935173595368,32.517832306945955],[-105.91919956493781,32.517740554720092],[-105.91906258173844,32.517456382647858],[-105.918841375193,32.517158437052238]]},"properties":{"fault_name":"Alamogordo fault","slip_rate":"Less than 0.2 mm/yr","age":"latest Quaternary","slip_sense":"Normal","fault_id":"2054"}},{"type":"Feature","geometry":{"type":"LineString","coordinates":[[-105.91855101184539,32.516640048675271],[-105.91848839388018,32.516198740783629],[-105.91835098757433,32.515864705348363],[-105.91813619679664,32.515331645782339],[-105.91799092484216,32.515061767022708],[-105.91774418458307,32.514728346245427]]},"properties":{"fault_name":"Alamogordo fault","slip_rate":"Less than 0.2 mm/yr","age":"latest Quaternary","slip_sense":"Normal","fault_id":"2054"}},{"type":"Feature","geometry":{"type":"LineString","coordinates":[[-105.91984739219146,32.518755583122896],[-105.91951407140699,32.518130582840698]]},"properties":{"fault_name":"Alamogordo fault","slip_rate":"Less than 0.2 mm/yr","age":"latest Quaternary","slip_sense":"Normal","fault_id":"2054"}},{"type":"Feature","geometry":{"type":"LineString","coordinates":[[-105.87125158420268,32.590369145971586],[-105.87145938968072,32.588454186627942],[-105.87148670295693,32.588388230854896]]},"properties":{"fault_name":"Alamogordo fault","slip_rate":"Less than 0.2 mm/yr","age":"latest Quaternary","slip_sense":"Normal","fault_id":"2054"}},{"type":"Feature","geometry":{"type":"LineString","coordinates":[[-105.8693422105747,32.603334232021552],[-105.8703427981556,32.59768121612754]]},"properties":{"fault_name":"Alamogordo fault","slip_rate":"Less than 0.2 mm/yr","age":"latest Quaternary","slip_sense":"Normal","fault_id":"2054"}},{"type":"Feature","geometry":{"type":"LineString","coordinates":[[-105.87052636259571,32.587311432285446],[-105.87071551994677,32.58680686723099],[-105.87090253661252,32.586431139365956],[-105.87101381631665,32.586171376120035]]},"properties":{"fault_name":"Alamogordo fault","slip_rate":"Less than 0.2 mm/yr","age":"latest Quaternary","slip_sense":"Normal","fault_id":"2054"}},{"type":"Feature","geometry":{"type":"LineString","coordinates":[[-105.86997152175374,32.591367413052431],[-105.87039567389154,32.589970999339009],[-105.87044592025866,32.589330807742947]]},"properties":{"fault_name":"Alamogordo fault","slip_rate":"Less than 0.2 mm/yr","age":"latest Quaternary","slip_sense":"Normal","fault_id":"2054"}},{"type":"Feature","geometry":{"type":"LineString","coordinates":[[-105.92236015700925,32.530671912691872],[-105.92246263142698,32.530362520013483],[-105.92248744199682,32.529859362978478],[-105.92239643008213,32.529428481011266],[-105.92224957080452,32.529154110875176],[-105.921862069032,32.528500311168443],[-105.9216681847459,32.527921990347387],[-105.92145988878772,32.527478414155979],[-105.92133397822255,32.526962980866394],[-105.92118271899668,32.525945020819805],[-105.92093867458179,32.525367328869862],[-105.92079665093534,32.524887510320667],[-105.92079699139684,32.52442007236175],[-105.9209699736829,32.523780493815053],[-105.92106142217882,32.523262338296554],[-105.9213962584212,32.52230910912148],[-105.92176249168106,32.521723767047511],[-105.92194130762657,32.521424067709042],[-105.92198685131318,32.521154369338596],[-105.92196840530713,32.520566767062427],[-105.92184285766132,32.520072577301534],[-105.92148940383468,32.519453761053647],[-105.92128244456964,32.51908807393616]]},"properties":{"fault_name":"Alamogordo fault","slip_rate":"Less than 0.2 mm/yr","age":"latest Quaternary","slip_sense":"Normal","fault_id":"2054"}},{"type":"Feature","geometry":{"type":"LineString","coordinates":[[-105.87088371960225,32.594881649301279],[-105.87106604706221,32.594127204344304],[-105.871197201992,32.593666959701942],[-105.87132487595008,32.593078061778421],[-105.87137520855545,32.592440613258752],[-105.87137623802477,32.591854185982065],[-105.87137513938517,32.591189135832941],[-105.87131977441757,32.590703926761414],[-105.87125158420268,32.590369145971586]]},"properties":{"fault_name":"Alamogordo fault","slip_rate":"Less than 0.2 mm/yr","age":"latest Quaternary","slip_sense":"Normal","fault_id":"2054"}},{"type":"Feature","geometry":{"type":"LineString","coordinates":[[-105.87088371960225,32.594881649301279],[-105.87055306411921,32.594318376743999],[-105.87023446941717,32.593790327785364],[-105.87008333865042,32.5929966492955],[-105.8699790146015,32.592058950291602],[-105.86996672564842,32.591606017635776],[-105.86997152175374,32.591367413052431]]},"properties":{"fault_name":"Alamogordo fault","slip_rate":"Less than 0.2 mm/yr","age":"latest Quaternary","slip_sense":"Normal","fault_id":"2054"}},{"type":"Feature","geometry":{"type":"LineString","coordinates":[[-105.8703427981556,32.59768121612754],[-105.87042993204321,32.596842811829241],[-105.87057139783586,32.596139224327722],[-105.87073548590227,32.595335074746174],[-105.87088371960225,32.594881649301279]]},"properties":{"fault_name":"Alamogordo fault","slip_rate":"Less than 0.2 mm/yr","age":"latest Quaternary","slip_sense":"Normal","fault_id":"2054"}},{"type":"Feature","geometry":{"type":"LineString","coordinates":[[-106.30516727278322,32.105100452860341],[-106.30338165466206,32.104002163948813]]},"properties":{"fault_name":"unnamed fault/monocline","slip_rate":"Less than 0.2 mm/yr","age":"middle and late Quaternary","slip_sense":"Normal","fault_id":"2055"}},{"type":"Feature","geometry":{"type":"LineString","coordinates":[[-106.30338165466206,32.104002163948813],[-106.29893645825958,32.102071769840116],[-106.29345257223343,32.100436792325212],[-106.28951540995503,32.099599513809721],[-106.28656254610651,32.098802000142385],[-106.28103176263264,32.097885143345088],[-106.27550100341328,32.096290066934507],[-106.27118889421678,32.094814513810128],[-106.26439256776389,32.094376566782813],[-106.2596029060775,32.094213388992429]]},"properties":{"fault_name":"unnamed fault/monocline","slip_rate":"Less than 0.2 mm/yr","age":"middle and late Quaternary","slip_sense":"Normal","fault_id":"2055"}},{"type":"Feature","geometry":{"type":"LineString","coordinates":[[-106.2596029060775,32.094213388992429],[-106.25718413019125,32.09393181706438],[-106.2521945430485,32.093710770921291],[-106.24899000629166,32.093268024820546],[-106.24615937979711,32.093085258161281],[-106.24116981062065,32.09298194081088],[-106.23733193014748,32.092219188054621],[-106.23345626833006,32.091372549353807],[-106.22991616859377,32.090464797921051],[-106.22250762500342,32.088194865773914],[-106.21809806027669,32.087260453043953],[-106.21544298075831,32.086184372329484],[-106.21099452526799,32.084990521974724],[-106.20685163082325,32.083853892045255],[-106.20119092311151,32.082911707989489],[-106.19806250420196,32.082122290943069],[-106.19358404857439,32.081068996117665],[-106.19112730898593,32.08011180015238],[-106.18665606413514,32.07810908306547],[-106.18437487062455,32.076056915315057],[-106.18205590924447,32.074698620118802],[-106.18047640597199,32.07316921623562],[-106.17813409468272,32.070514282888261],[-106.17659292521834,32.068725441704736],[-106.17482285603643,32.066707160930072],[-106.17402170343176,32.064807762931828],[-106.17218273885744,32.062297827856362],[-106.16993987825666,32.060046778045269],[-106.16856649162948,32.058490707227563],[-106.16662864230531,32.056438540778416],[-106.16475135560096,32.054794145047161],[-106.16293573824089,32.053321965696426],[-106.16105901298359,32.052333663211215],[-106.15830448277674,32.050712604259672],[-106.15433713710483,32.048454345119659],[-106.15269652593513,32.047153827915196],[-106.15098758171841,32.045909977880846],[-106.14830193881915,32.044086701825869],[-106.14641686372127,32.040379663121477]]},"properties":{"fault_name":"unnamed fault/monocline","slip_rate":"Less than 0.2 mm/yr","age":"middle and late Quaternary","slip_sense":"Normal","fault_id":"2055"}},{"type":"Feature","geometry":{"type":"LineString","coordinates":[[-106.14489053083216,32.029507286079124],[-106.14607212085797,32.026860099928108],[-106.14659210886354,32.024824483846395],[-106.14655972639417,32.023122965920919],[-106.14632613118265,32.021706235263245],[-106.14614714276058,32.020178891638857],[-106.14627357434863,32.01877530966614]]},"properties":{"fault_name":"unnamed fault/monocline","slip_rate":"Less than 0.2 mm/yr","age":"middle and late Quaternary","slip_sense":"Normal","fault_id":"2055"}},{"type":"Feature","geometry":{"type":"LineString","coordinates":[[-106.14641686372127,32.040379663121477],[-106.14613516911616,32.039825705352882],[-106.14554013315681,32.038010197237249],[-106.14447952014864,32.035363043643422],[-106.14429614884631,32.032543669692778],[-106.14489053083216,32.029507286079124]]},"properties":{"fault_name":"unnamed fault/monocline","slip_rate":"Less than 0.2 mm/yr","age":"middle and late Quaternary","slip_sense":"Normal","fault_id":"2055"}},{"type":"Feature","geometry":{"type":"LineString","coordinates":[[-106.14627357434863,32.01877530966614],[-106.14641696433259,32.017869748034578],[-106.14662704883652,32.016948892948143],[-106.14649616070636,32.015875808744276],[-106.1459911907357,32.014591278341769],[-106.14544050639853,32.013041933061665],[-106.14487797058783,32.012020544114961],[-106.14445314201863,32.011001384013142],[-106.14412961556567,32.010071888912819],[-106.14341018629565,32.009135982734954],[-106.14205913268475,32.007955118729875],[-106.14099576723854,32.006998973925604],[-106.13983373173984,32.005835839921225],[-106.13815224093652,32.004033453958002],[-106.13662060169899,32.002103353170448]]},"properties":{"fault_name":"unnamed fault/monocline","slip_rate":"Less than 0.2 mm/yr","age":"middle and late Quaternary","slip_sense":"Normal","fault_id":"2055"}},{"type":"Feature","geometry":{"type":"LineString","coordinates":[[-106.95503674833037,32.578201289649677],[-106.95795356727812,32.582945388920869],[-106.95851054611049,32.583732422812069]]},"properties":{"fault_name":"East Tonuco fault","slip_rate":"Less than 0.2 mm/yr","age":"middle and late Quaternary","slip_sense":"Normal","fault_id":"2061"}},{"type":"Feature","geometry":{"type":"LineString","coordinates":[[-106.95057898629372,32.568591482964194],[-106.95315750599366,32.570958185850692],[-106.95483733581203,32.572758352344579]]},"properties":{"fault_name":"East Tonuco fault","slip_rate":"Less than 0.2 mm/yr","age":"middle and late Quaternary","slip_sense":"Normal","fault_id":"2061"}},{"type":"Feature","geometry":{"type":"LineString","coordinates":[[-106.93297837488201,32.552037927192906],[-106.93513012565174,32.553578973075986],[-106.93837248058374,32.556458860772835],[-106.94113481894699,32.559117646171671],[-106.94349992139335,32.56163144019655],[-106.94540722081133,32.563431926357865],[-106.94678061372672,32.564889093062384],[-106.94797066318758,32.56599904901595],[-106.94858124359462,32.566552360073494],[-106.94988574201591,32.567742312964313],[-106.95057898629372,32.568591482964194]]},"properties":{"fault_name":"East Tonuco fault","slip_rate":"Less than 0.2 mm/yr","age":"middle and late Quaternary","slip_sense":"Normal","fault_id":"2061"}},{"type":"Feature","geometry":{"type":"LineString","coordinates":[[-106.90235798598417,32.535148761299666],[-106.90413164034238,32.535796017757498],[-106.90878556569103,32.537210159340503],[-106.91332744597089,32.538406265932238],[-106.91869425187113,32.540311922738169],[-106.92472038795223,32.543868423304282],[-106.92901818788458,32.547839258845883],[-106.93297837488201,32.552037927192906]]},"properties":{"fault_name":"East Tonuco fault","slip_rate":"Less than 0.2 mm/yr","age":"middle and late Quaternary","slip_sense":"Normal","fault_id":"2061"}},{"type":"Feature","geometry":{"type":"LineString","coordinates":[[-106.85652449390078,32.527758685749525],[-106.86013943497832,32.528147385847888],[-106.86445575188363,32.52868886503542],[-106.86980140335723,32.528819532833069],[-106.87504256010205,32.52985619107185],[-106.87921222613889,32.530992058962603]]},"properties":{"fault_name":"East Tonuco fault","slip_rate":"Less than 0.2 mm/yr","age":"middle and late Quaternary","slip_sense":"Normal","fault_id":"2061"}},{"type":"Feature","geometry":{"type":"LineString","coordinates":[[-106.95504388634362,32.573450373039584],[-106.95522829340347,32.574068207811479],[-106.95468867002242,32.574981976267502]]},"properties":{"fault_name":"East Tonuco fault","slip_rate":"Less than 0.2 mm/yr","age":"middle and late Quaternary","slip_sense":"Normal","fault_id":"2061"}},{"type":"Feature","geometry":{"type":"LineString","coordinates":[[-106.95483733581203,32.572758352344579],[-106.95504388634362,32.573450373039584]]},"properties":{"fault_name":"East Tonuco fault","slip_rate":"Less than 0.2 mm/yr","age":"middle and late Quaternary","slip_sense":"Normal","fault_id":"2061"}},{"type":"Feature","geometry":{"type":"LineString","coordinates":[[-106.95468867002242,32.574981976267502],[-106.95456576611849,32.576516824274748],[-106.95503674833037,32.578201289649677]]},"properties":{"fault_name":"East Tonuco fault","slip_rate":"Less than 0.2 mm/yr","age":"middle and late Quaternary","slip_sense":"Normal","fault_id":"2061"}},{"type":"Feature","geometry":{"type":"LineString","coordinates":[[-106.95851054611049,32.583732422812069],[-106.96076458175339,32.590104990660379],[-106.96173490329576,32.59385995025567],[-106.9623871026499,32.596614486648392],[-106.96250917920545,32.598874442271999],[-106.96294593201173,32.600218617840817],[-106.96369150135821,32.602123561188691],[-106.96456222937995,32.602927114811258],[-106.96656342789795,32.604530281983152],[-106.96830155927658,32.605980371979562],[-106.96999660116596,32.607148387696249],[-106.97139146920654,32.608163889022343],[-106.97349866802975,32.609514136258184],[-106.97533881209203,32.610522882193287],[-106.97676546701892,32.611286587959299],[-106.97936103135309,32.612912153023998],[-106.98183198139104,32.61391132815065],[-106.98422605899687,32.614786014350955],[-106.98639417527443,32.615507056749365],[-106.98842776614326,32.616362211100068]]},"properties":{"fault_name":"East Tonuco fault","slip_rate":"Less than 0.2 mm/yr","age":"middle and late Quaternary","slip_sense":"Normal","fault_id":"2061"}},{"type":"Feature","geometry":{"type":"LineString","coordinates":[[-106.95504388634362,32.573450373039584],[-106.9542811753449,32.57419929101949],[-106.95278774684633,32.575562190751434],[-106.95155913720188,32.577297568838318],[-106.95136042536947,32.577803783875169],[-106.95170105125385,32.579204894850172],[-106.95281050656234,32.581507881981402],[-106.95351697943103,32.58403458080663],[-106.95403509534755,32.586344392246694]]},"properties":{"fault_name":"East Tonuco fault","slip_rate":"Less than 0.2 mm/yr","age":"middle and late Quaternary","slip_sense":"Normal","fault_id":"2061"}},{"type":"Feature","geometry":{"type":"LineString","coordinates":[[-106.87921222613889,32.530992058962603],[-106.88253480960891,32.531756836810473],[-106.88666431286771,32.531924517753936],[-106.89182923408595,32.532586852186228],[-106.89548271288918,32.533225160065946],[-106.89836214575141,32.53386715168466],[-106.90235798598417,32.535148761299666]]},"properties":{"fault_name":"East Tonuco fault","slip_rate":"Less than 0.2 mm/yr","age":"middle and late Quaternary","slip_sense":"Normal","fault_id":"2061"}},{"type":"Feature","geometry":{"type":"LineString","coordinates":[[-106.95894965429946,32.582412177259719],[-106.95742805643019,32.579769708936887],[-106.95621484660468,32.577906042853428],[-106.95468867002242,32.574981976267502]]},"properties":{"fault_name":"East Tonuco fault","slip_rate":"Less than 0.2 mm/yr","age":"middle and late Quaternary","slip_sense":"Normal","fault_id":"2061"}},{"type":"Feature","geometry":{"type":"LineString","coordinates":[[-106.84142610557703,32.59079860615428],[-106.84330525359063,32.592753747241481],[-106.844843918552,32.594234424687542],[-106.84666231889283,32.595446764974206],[-106.84759957255125,32.597317766936996],[-106.84801129290385,32.598596259018933],[-106.84852327063204,32.600372684962579],[-106.8485380793595,32.601815854981346],[-106.84904872668275,32.60354648318971],[-106.84928424159405,32.606061905093974],[-106.84975670961941,32.608343231977621],[-106.85015975583963,32.610099030643298],[-106.85013704732756,32.61211579804057],[-106.8500530907811,32.613606695940518]]},"properties":{"fault_name":"unnamed intrabasin faults","slip_rate":"Less than 0.2 mm/yr","age":"middle and late Quaternary","slip_sense":"Normal","fault_id":"2062"}},{"type":"Feature","geometry":{"type":"LineString","coordinates":[[-106.82917624806976,32.546641140981478],[-106.82886349780695,32.548117143734373],[-106.82900972826386,32.549515367730997],[-106.82972894463313,32.551040320211428],[-106.83164773619856,32.552794725275639],[-106.83355413460629,32.55409000888644],[-106.83472241788783,32.55516988371641],[-106.835603045344,32.556645778785544],[-106.83607271332062,32.557968843928855],[-106.83642465528263,32.558949664698943]]},"properties":{"fault_name":"unnamed intrabasin faults","slip_rate":"Less than 0.2 mm/yr","age":"middle and late Quaternary","slip_sense":"Normal","fault_id":"2062"}},{"type":"Feature","geometry":{"type":"LineString","coordinates":[[-106.81640287756773,32.545279642000793],[-106.81587760028174,32.546920529662984],[-106.8145144490589,32.548669494348921],[-106.81180332814154,32.550720140159633],[-106.81013145380334,32.552084615685246],[-106.80880458283988,32.553884808052942]]},"properties":{"fault_name":"unnamed intrabasin faults","slip_rate":"Less than 0.2 mm/yr","age":"middle and late Quaternary","slip_sense":"Normal","fault_id":"2062"}},{"type":"Feature","geometry":{"type":"LineString","coordinates":[[-106.83642465528263,32.558949664698943],[-106.83670849506464,32.56037087805079],[-106.83719303375248,32.562244888692184],[-106.8372980593856,32.564126238798487],[-106.83702589410902,32.565096159924558],[-106.83649132195481,32.566392708195323],[-106.83685131910997,32.567671959329573],[-106.83767339168099,32.568988208931096],[-106.83851343504926,32.570970186338371],[-106.83931025867258,32.572355829130146],[-106.84004310877293,32.574385814766416],[-106.8409365650697,32.57544286491531],[-106.84237997986484,32.576773826765965],[-106.84311357107529,32.577933286359361],[-106.84362565210976,32.580039007946318],[-106.84341132576107,32.581283957219959],[-106.84414381204375,32.582397463928842],[-106.84540615522369,32.584099349901543],[-106.84602344155434,32.58606532614612],[-106.84721544934249,32.588228146309127],[-106.84846775474749,32.591769037296132],[-106.84951692142232,32.593635537913819],[-106.85085678831298,32.595175175165821],[-106.85252111770113,32.596663181719919],[-106.85375190665843,32.598181734634842],[-106.85468260081863,32.599636567283191],[-106.85519081191084,32.601581458763704],[-106.85565279659684,32.603164548174263],[-106.85617259865116,32.603966467707451]]},"properties":{"fault_name":"unnamed intrabasin faults","slip_rate":"Less than 0.2 mm/yr","age":"middle and late Quaternary","slip_sense":"Normal","fault_id":"2062"}},{"type":"Feature","geometry":{"type":"LineString","coordinates":[[-106.80880458283988,32.553884808052942],[-106.80831198985722,32.555731777354495],[-106.80864240010017,32.556919727236746],[-106.80950115088423,32.557767445257767],[-106.80989340204967,32.559054533055935],[-106.80944944924636,32.560693850001385],[-106.80858190305736,32.561707551099254],[-106.80772723242131,32.563207702075516],[-106.80765737133999,32.565643666735092],[-106.80816416309405,32.567998363238637],[-106.808146380943,32.569515260094718],[-106.80790936674349,32.570944033873012],[-106.80705273957678,32.572173178632255],[-106.80623895486255,32.573707381290923],[-106.80530490998633,32.575492888660321],[-106.80483590316976,32.577431205156124],[-106.80475833993317,32.57871934991266],[-106.80406568135693,32.580385790211906]]},"properties":{"fault_name":"unnamed intrabasin faults","slip_rate":"Less than 0.2 mm/yr","age":"middle and late Quaternary","slip_sense":"Normal","fault_id":"2062"}},{"type":"Feature","geometry":{"type":"LineString","coordinates":[[-106.81978023760881,32.583700218664646],[-106.8211487814183,32.58418208069746],[-106.825000869646,32.585241413259425],[-106.82750159434404,32.585404971306239],[-106.82988097371521,32.585983705198935],[-106.83215045229618,32.586552719768953],[-106.83478245858646,32.587435008180762],[-106.83751170031974,32.588820161153905],[-106.83924553056477,32.589607776970702],[-106.84142610557703,32.59079860615428]]},"properties":{"fault_name":"unnamed intrabasin faults","slip_rate":"Less than 0.2 mm/yr","age":"middle and late Quaternary","slip_sense":"Normal","fault_id":"2062"}},{"type":"Feature","geometry":{"type":"LineString","coordinates":[[-106.99226427668565,32.14872785129144],[-106.99142480913747,32.149681170153514],[-106.99025755083369,32.150722824179454],[-106.98931918685759,32.151531147977181],[-106.98807525824262,32.152343916844302],[-106.98685466426548,32.153423349033567]]},"properties":{"fault_name":"East Robledo fault","slip_rate":"Less than 0.2 mm/yr","age":"middle and late Quaternary","slip_sense":"Normal","fault_id":"2063"}},{"type":"Feature","geometry":{"type":"LineString","coordinates":[[-106.98713811867025,32.151368060185547],[-106.9870607692327,32.151920601200715],[-106.98685466426548,32.153423349033567]]},"properties":{"fault_name":"East Robledo fault","slip_rate":"Less than 0.2 mm/yr","age":"middle and late Quaternary","slip_sense":"Normal","fault_id":"2063"}},{"type":"Feature","geometry":{"type":"LineString","coordinates":[[-106.98651911925236,32.156006073747612],[-106.98683966509519,32.153560568843503],[-106.98685466426548,32.153423349033567]]},"properties":{"fault_name":"East Robledo fault","slip_rate":"Less than 0.2 mm/yr","age":"middle and late Quaternary","slip_sense":"Normal","fault_id":"2063"}},{"type":"Feature","geometry":{"type":"LineString","coordinates":[[-106.98651911925236,32.156006073747612],[-106.98635856425994,32.156524955324791],[-106.98644247409401,32.158447137144869],[-106.98598525407226,32.160461541229928],[-106.98563415023843,32.162650942906382],[-106.98513803585983,32.16429146802458],[-106.98455080715861,32.165988659170843],[-106.98361968001041,32.167919182354993],[-106.98268910712274,32.169849149077251],[-106.98196409572157,32.171524119338144],[-106.98113241207533,32.172820763014983],[-106.98009515885779,32.173717421223081],[-106.97905735407467,32.174930182994977],[-106.97782120756501,32.176177941853048],[-106.97591393329986,32.178054584901965],[-106.97450222723762,32.179244569749343],[-106.97293107200905,32.180805105077852],[-106.97145825355801,32.182162866941546],[-106.97025266324275,32.183204522185498],[-106.96911596562495,32.184333394657351],[-106.96774259606578,32.185607268376977],[-106.96640756390796,32.187225023214211],[-106.96485863299954,32.188498896003011],[-106.96382861301667,32.190028873333617],[-106.96241746211324,32.191214968985115],[-106.96141799922307,32.192771611354907],[-106.95967795083963,32.19416382020146],[-106.95915960405608,32.194701588059161]]},"properties":{"fault_name":"East Robledo fault","slip_rate":"Less than 0.2 mm/yr","age":"middle and late Quaternary","slip_sense":"Normal","fault_id":"2063"}},{"type":"Feature","geometry":{"type":"LineString","coordinates":[[-106.95915960405608,32.194701588059161],[-106.95844236398042,32.195461024057522],[-106.95733567188972,32.196734894081459],[-106.95606174762914,32.197661550938705],[-106.95478783055505,32.199050420864879],[-106.95324667905696,32.200438739010131],[-106.95184275510002,32.20173983271269],[-106.94975992038395,32.203219819267197],[-106.94721152029716,32.205302574298109],[-106.94617371641236,32.206142008703985],[-106.94506758397208,32.207671430214937],[-106.94377033675174,32.209376403087553],[-106.94169529042919,32.211486376757748],[-106.9397496931357,32.213595793012722],[-106.93757520510781,32.216220201128372],[-106.93547739188269,32.219081268795826],[-106.93347068579369,32.221564566661563],[-106.93096064197289,32.224711744244217],[-106.92864892460726,32.226851717986676],[-106.92526885794223,32.230490557888423],[-106.92279715242111,32.233725510918582],[-106.920988786262,32.235861593232706],[-106.91948599282657,32.238310441740332],[-106.91687650280886,32.241316513241721],[-106.91577760539991,32.243132595658246],[-106.9147781577811,32.245322003834637],[-106.91347369708905,32.247168087107482],[-106.91130700284457,32.250055821779675],[-106.90934182227788,32.253086064291928]]},"properties":{"fault_name":"East Robledo fault","slip_rate":"Less than 0.2 mm/yr","age":"middle and late Quaternary","slip_sense":"Normal","fault_id":"2063"}},{"type":"Feature","geometry":{"type":"LineString","coordinates":[[-106.92441490865335,32.470407726374475],[-106.92444680962572,32.470486880906684]]},"properties":{"fault_name":"East Robledo fault","slip_rate":"Less than 0.2 mm/yr","age":"middle and late Quaternary","slip_sense":"Normal","fault_id":"2063"}},{"type":"Feature","geometry":{"type":"LineString","coordinates":[[-106.92360436865395,32.46906628133879],[-106.92424586458149,32.469988280919544],[-106.92441490865335,32.470407726374475]]},"properties":{"fault_name":"East Robledo fault","slip_rate":"Less than 0.2 mm/yr","age":"middle and late Quaternary","slip_sense":"Normal","fault_id":"2063"}},{"type":"Feature","geometry":{"type":"LineString","coordinates":[[-106.90934182227788,32.253086064291928],[-106.90592735462904,32.255826162030154],[-106.90388463867355,32.258813343799311],[-106.9012125028429,32.264148275779796],[-106.89919235526227,32.26904767633409],[-106.89754370057753,32.274321302329398],[-106.89653335280106,32.279371351881551],[-106.89654755786067,32.282648281033175],[-106.89661785372658,32.282838483031988]]},"properties":{"fault_name":"East Robledo fault","slip_rate":"Less than 0.2 mm/yr","age":"middle and late Quaternary","slip_sense":"Normal","fault_id":"2063"}},{"type":"Feature","geometry":{"type":"LineString","coordinates":[[-106.89661785372658,32.282838483031988],[-106.89710297811598,32.284151082013757]]},"properties":{"fault_name":"East Robledo fault","slip_rate":"Less than 0.2 mm/yr","age":"middle and late Quaternary","slip_sense":"Normal","fault_id":"2063"}},{"type":"Feature","geometry":{"type":"LineString","coordinates":[[-106.89418126514657,32.428325750773951],[-106.89447215221199,32.429528402954254],[-106.89561236493749,32.431537655812335]]},"properties":{"fault_name":"East Robledo fault","slip_rate":"Less than 0.2 mm/yr","age":"middle and late Quaternary","slip_sense":"Normal","fault_id":"2063"}},{"type":"Feature","geometry":{"type":"LineString","coordinates":[[-106.89336030109662,32.423020412089265],[-106.89338732781026,32.424565517892368],[-106.89383611444812,32.427269623846954]]},"properties":{"fault_name":"East Robledo fault","slip_rate":"Less than 0.2 mm/yr","age":"middle and late Quaternary","slip_sense":"Normal","fault_id":"2063"}},{"type":"Feature","geometry":{"type":"LineString","coordinates":[[-106.89057673284822,32.412416217706735],[-106.89062661539764,32.413426134984185]]},"properties":{"fault_name":"East Robledo fault","slip_rate":"Less than 0.2 mm/yr","age":"middle and late Quaternary","slip_sense":"Normal","fault_id":"2063"}},{"type":"Feature","geometry":{"type":"LineString","coordinates":[[-106.88859478612507,32.29528395485891],[-106.8886615031029,32.296853500316836]]},"properties":{"fault_name":"East Robledo fault","slip_rate":"Less than 0.2 mm/yr","age":"middle and late Quaternary","slip_sense":"Normal","fault_id":"2063"}},{"type":"Feature","geometry":{"type":"LineString","coordinates":[[-106.88661053342659,32.310647976872154],[-106.88552893487504,32.313380295860405],[-106.8846323928653,32.314156574027763]]},"properties":{"fault_name":"East Robledo fault","slip_rate":"Less than 0.2 mm/yr","age":"middle and late Quaternary","slip_sense":"Normal","fault_id":"2063"}},{"type":"Feature","geometry":{"type":"LineString","coordinates":[[-106.88191416178248,32.316068834221248],[-106.88193064676624,32.316229271707648],[-106.88189171198522,32.317249638238636],[-106.88172087218112,32.317885703379076]]},"properties":{"fault_name":"East Robledo fault","slip_rate":"Less than 0.2 mm/yr","age":"middle and late Quaternary","slip_sense":"Normal","fault_id":"2063"}},{"type":"Feature","geometry":{"type":"LineString","coordinates":[[-106.87795035187951,32.325436774973511],[-106.87760373513051,32.326192798947808]]},"properties":{"fault_name":"East Robledo fault","slip_rate":"Less than 0.2 mm/yr","age":"middle and late Quaternary","slip_sense":"Normal","fault_id":"2063"}},{"type":"Feature","geometry":{"type":"LineString","coordinates":[[-106.87342684394383,32.337958109266417],[-106.87330162957301,32.33876420605376],[-106.87249651270297,32.34202106786104],[-106.87208794723365,32.343513247856158]]},"properties":{"fault_name":"East Robledo fault","slip_rate":"Less than 0.2 mm/yr","age":"middle and late Quaternary","slip_sense":"Normal","fault_id":"2063"}},{"type":"Feature","geometry":{"type":"LineString","coordinates":[[-106.87142311576997,32.345922875073803],[-106.87097842095827,32.347688385327089],[-106.87064188959494,32.34905678408294],[-106.87074425531651,32.349749507950392]]},"properties":{"fault_name":"East Robledo fault","slip_rate":"Less than 0.2 mm/yr","age":"middle and late Quaternary","slip_sense":"Normal","fault_id":"2063"}},{"type":"Feature","geometry":{"type":"LineString","coordinates":[[-106.96086975111699,32.097279385947083],[-106.96139497630067,32.098670282129788],[-106.96143958843432,32.100211676216695],[-106.96073064789354,32.102236811651814],[-106.95986268129299,32.104092289969422],[-106.95941553228391,32.10565784889301],[-106.95789375385327,32.107158474274705],[-106.95664612687428,32.109055980985481],[-106.95549153032442,32.111199978231951],[-106.9550117356396,32.113603429835145],[-106.95535533494758,32.1157127662199],[-106.95552553335456,32.117763058772205],[-106.95478043472531,32.120710806007025],[-106.95389339778959,32.122857371845718],[-106.95340844138514,32.125101079085617],[-106.95376764712454,32.12824353705706],[-106.95447487996792,32.129541344991452],[-106.9552868060678,32.131905600749654],[-106.9561453996467,32.133984564635732],[-106.95660370842656,32.135699917040149],[-106.95627843924196,32.137487574656539],[-106.95578950869069,32.140321331695269],[-106.95612941771948,32.143006866987875],[-106.95658979082788,32.146811013781189],[-106.9559368503636,32.148750346854335],[-106.95486638283674,32.151613883929187],[-106.95457836588866,32.154439831672946],[-106.95501370295008,32.156791483710492]]},"properties":{"fault_name":"East Robledo fault","slip_rate":"Less than 0.2 mm/yr","age":"middle and late Quaternary","slip_sense":"Normal","fault_id":"2063"}},{"type":"Feature","geometry":{"type":"LineString","coordinates":[[-106.93688863171933,32.167706521841659],[-106.93543424130803,32.169836378157491],[-106.93407724264658,32.172897471918475],[-106.93398998029986,32.175002410858653],[-106.9348729739185,32.176551784042651],[-106.93546916331469,32.178644711278501],[-106.935893955053,32.180896133737392],[-106.93709428663057,32.183881745926584],[-106.93920340156028,32.187577744343358],[-106.94142228971938,32.190774601931338],[-106.94342505400094,32.194131552113255],[-106.94403079608186,32.196871734696529]]},"properties":{"fault_name":"East Robledo fault","slip_rate":"Less than 0.2 mm/yr","age":"middle and late Quaternary","slip_sense":"Normal","fault_id":"2063"}},{"type":"Feature","geometry":{"type":"LineString","coordinates":[[-106.90711130542739,32.441687366076088],[-106.90655872205176,32.443148791824477],[-106.90598087984692,32.445098634889739],[-106.90592451774937,32.44584238302069],[-106.90633582757188,32.446295251116112],[-106.90720646037219,32.447028973654852],[-106.90807539176338,32.447648385145243],[-106.90957303875055,32.448603985330628],[-106.91091836021162,32.449518359107927]]},"properties":{"fault_name":"East Robledo fault","slip_rate":"Less than 0.2 mm/yr","age":"middle and late Quaternary","slip_sense":"Normal","fault_id":"2063"}},{"type":"Feature","geometry":{"type":"LineString","coordinates":[[-106.89710297811598,32.284151082013757],[-106.89736708370783,32.286907063772446],[-106.89694543607305,32.289127866948135],[-106.89566644890749,32.290673749333138],[-106.89446848439067,32.291419246777636]]},"properties":{"fault_name":"East Robledo fault","slip_rate":"Less than 0.2 mm/yr","age":"middle and late Quaternary","slip_sense":"Normal","fault_id":"2063"}},{"type":"Feature","geometry":{"type":"LineString","coordinates":[[-106.88341767566678,32.399254988765087],[-106.88420988913605,32.400453736291198],[-106.88538662556438,32.40280988529247]]},"properties":{"fault_name":"East Robledo fault","slip_rate":"Less than 0.2 mm/yr","age":"middle and late Quaternary","slip_sense":"Normal","fault_id":"2063"}},{"type":"Feature","geometry":{"type":"LineString","coordinates":[[-106.92444680962572,32.470486880906684],[-106.92465372038174,32.47088489735436],[-106.92521140888317,32.471834016075888],[-106.92587569417115,32.472442296038388]]},"properties":{"fault_name":"East Robledo fault","slip_rate":"Less than 0.2 mm/yr","age":"middle and late Quaternary","slip_sense":"Normal","fault_id":"2063"}},{"type":"Feature","geometry":{"type":"LineString","coordinates":[[-106.90711130542739,32.441687366076088],[-106.90834802685885,32.442215659753458],[-106.91005989329518,32.442840247360529],[-106.91075262643159,32.442947084310823],[-106.91148161826781,32.443225022024308],[-106.91214714143426,32.444067981833186],[-106.91301820632425,32.445351671007018],[-106.91442245996289,32.44714850796781],[-106.91550428129662,32.448913217334187],[-106.91585312766416,32.449558567926189],[-106.91603550183653,32.450949890236899],[-106.91631461378519,32.452536890624295],[-106.9166908821251,32.454033389817681],[-106.91734525001233,32.45567259274695],[-106.91766797965963,32.45684139872256],[-106.91756352625333,32.457168000648643],[-106.91743068338913,32.457533455155094],[-106.9175281371227,32.458418450671779],[-106.91765717382508,32.459160193925072],[-106.91821161312012,32.460168867660236],[-106.91856338440222,32.461435716854304],[-106.91881634369801,32.462291705229077],[-106.91911817763349,32.463317402102007],[-106.91966022556751,32.464626323634647],[-106.92049714998511,32.465360410766017],[-106.92206731796516,32.466658212835412],[-106.92292938892253,32.467949382754973],[-106.92360436865395,32.46906628133879]]},"properties":{"fault_name":"East Robledo fault","slip_rate":"Less than 0.2 mm/yr","age":"middle and late Quaternary","slip_sense":"Normal","fault_id":"2063"}},{"type":"Feature","geometry":{"type":"LineString","coordinates":[[-106.89958009868162,32.435849749347746],[-106.90051177020887,32.436154078059182],[-106.9022972203451,32.437192312225505],[-106.90333830936889,32.438052810698309],[-106.90468809366028,32.439267251147903],[-106.90557409304188,32.439900768814695],[-106.90643169757561,32.440891873213317],[-106.90667266615903,32.441499990656858],[-106.90711130542739,32.441687366076088]]},"properties":{"fault_name":"East Robledo fault","slip_rate":"Less than 0.2 mm/yr","age":"middle and late Quaternary","slip_sense":"Normal","fault_id":"2063"}},{"type":"Feature","geometry":{"type":"LineString","coordinates":[[-106.89561236493749,32.431537655812335],[-106.89687922574501,32.43319837526748],[-106.89866657312311,32.435129557981682],[-106.89958009868162,32.435849749347746]]},"properties":{"fault_name":"East Robledo fault","slip_rate":"Less than 0.2 mm/yr","age":"middle and late Quaternary","slip_sense":"Normal","fault_id":"2063"}},{"type":"Feature","geometry":{"type":"LineString","coordinates":[[-106.89446848439067,32.291419246777636],[-106.89205732531973,32.292509286643956],[-106.88932469424289,32.29420002019905],[-106.88859478612507,32.29528395485891]]},"properties":{"fault_name":"East Robledo fault","slip_rate":"Less than 0.2 mm/yr","age":"middle and late Quaternary","slip_sense":"Normal","fault_id":"2063"}},{"type":"Feature","geometry":{"type":"LineString","coordinates":[[-106.89383611444812,32.427269623846954],[-106.89418126514657,32.428325750773951]]},"properties":{"fault_name":"East Robledo fault","slip_rate":"Less than 0.2 mm/yr","age":"middle and late Quaternary","slip_sense":"Normal","fault_id":"2063"}},{"type":"Feature","geometry":{"type":"LineString","coordinates":[[-106.89062661539764,32.413426134984185],[-106.8907526903545,32.414736717679638],[-106.89098750368156,32.416366687363144],[-106.89139359159732,32.417443992324849],[-106.8925424308445,32.419237414205597],[-106.89321852358857,32.420541075657823],[-106.89336030109662,32.423020412089265]]},"properties":{"fault_name":"East Robledo fault","slip_rate":"Less than 0.2 mm/yr","age":"middle and late Quaternary","slip_sense":"Normal","fault_id":"2063"}},{"type":"Feature","geometry":{"type":"LineString","coordinates":[[-106.88538662556438,32.40280988529247],[-106.88569115983559,32.403577758622191],[-106.88669297361686,32.406025894779773],[-106.88790552677388,32.408762648844146],[-106.88978429210519,32.411316746770289],[-106.89057673284822,32.412416217706735]]},"properties":{"fault_name":"East Robledo fault","slip_rate":"Less than 0.2 mm/yr","age":"middle and late Quaternary","slip_sense":"Normal","fault_id":"2063"}},{"type":"Feature","geometry":{"type":"LineString","coordinates":[[-106.8886615031029,32.296853500316836],[-106.88857026211781,32.299972787337069],[-106.88847425197689,32.302029559089121],[-106.88805129280176,32.303060436901312],[-106.88753578110125,32.306020676794645],[-106.88661053342659,32.310647976872154]]},"properties":{"fault_name":"East Robledo fault","slip_rate":"Less than 0.2 mm/yr","age":"middle and late Quaternary","slip_sense":"Normal","fault_id":"2063"}},{"type":"Feature","geometry":{"type":"LineString","coordinates":[[-106.8846323928653,32.314156574027763],[-106.88421787156565,32.31454846101407],[-106.88364927572005,32.314779330311978],[-106.88296028676176,32.315009691885265],[-106.88237319640109,32.315532062626616],[-106.88191416178248,32.316068834221248]]},"properties":{"fault_name":"East Robledo fault","slip_rate":"Less than 0.2 mm/yr","age":"middle and late Quaternary","slip_sense":"Normal","fault_id":"2063"}},{"type":"Feature","geometry":{"type":"LineString","coordinates":[[-106.87032966304994,32.379563341661303],[-106.87027237838258,32.380277723089193],[-106.87042477128233,32.381222747835587],[-106.87057137274344,32.382881562156577],[-106.87115773726538,32.384127480960608],[-106.87176627131019,32.385325386988093],[-106.87198914692544,32.386341707142755],[-106.87304720961652,32.388046764919281],[-106.8736680945982,32.389262119020152],[-106.87449025340747,32.390198482663209],[-106.87569253522756,32.391290425104259],[-106.87744100621509,32.393234690669161],[-106.87828614572597,32.394520147069315],[-106.87951213857797,32.396004841946798],[-106.88113250082284,32.397470261839011],[-106.88234710663029,32.39837501920767],[-106.88341767566678,32.399254988765087]]},"properties":{"fault_name":"East Robledo fault","slip_rate":"Less than 0.2 mm/yr","age":"middle and late Quaternary","slip_sense":"Normal","fault_id":"2063"}},{"type":"Feature","geometry":{"type":"LineString","coordinates":[[-106.88172087218112,32.317885703379076],[-106.88168349328213,32.318556179642741],[-106.88157738428077,32.319211786774815],[-106.88095459756566,32.320025588035932],[-106.88014346827143,32.320649067660746],[-106.87993423087883,32.321289663725985],[-106.87998219732174,32.322106289243351],[-106.87973739472871,32.323009156996783],[-106.87913135440711,32.323925080810525],[-106.87795035187951,32.325436774973511]]},"properties":{"fault_name":"East Robledo fault","slip_rate":"Less than 0.2 mm/yr","age":"middle and late Quaternary","slip_sense":"Normal","fault_id":"2063"}},{"type":"Feature","geometry":{"type":"LineString","coordinates":[[-106.87760373513051,32.326192798947808],[-106.87725321160832,32.3276638012237],[-106.8768349308592,32.328901255237305],[-106.87584786022838,32.330413312642385],[-106.87520599509327,32.331649825049276],[-106.87442783666491,32.332594182325948],[-106.87356452782909,32.333348654273649],[-106.87338586369887,32.334849538250666],[-106.8732915729334,32.336715252754693],[-106.87342684394383,32.337958109266417]]},"properties":{"fault_name":"East Robledo fault","slip_rate":"Less than 0.2 mm/yr","age":"middle and late Quaternary","slip_sense":"Normal","fault_id":"2063"}},{"type":"Feature","geometry":{"type":"LineString","coordinates":[[-106.87074425531651,32.349749507950392],[-106.87081365735872,32.349966336762542],[-106.87126974819815,32.350912350030285],[-106.8718535695895,32.35182891808428],[-106.87216262508154,32.352668443225411],[-106.87232431823942,32.353387861316932],[-106.87290683707361,32.354249947221525],[-106.87300848863454,32.355016856777915],[-106.87280197044228,32.356451156038496],[-106.87292870476256,32.357616140639415],[-106.87273411619729,32.35940996695512],[-106.87265248089753,32.360750957245763],[-106.87265179278803,32.361785135035937],[-106.87254556880231,32.362660302798567],[-106.87218466973862,32.363713186136209],[-106.87186157986689,32.364984120956834],[-106.87167672993762,32.366311730626848],[-106.87200053127505,32.367240220353651],[-106.87276456010227,32.367784941188418],[-106.87337556810739,32.368071102250397],[-106.87326632668064,32.368756948975843],[-106.87335285061216,32.369877519328242],[-106.8738478268253,32.370774909756918],[-106.87391393744032,32.371691794687735],[-106.8734785824126,32.372381387737413],[-106.87288759156696,32.372999942319943],[-106.87243994578952,32.373995559121667],[-106.87275145637723,32.375230070030483],[-106.87272492733025,32.375821544673883],[-106.87246399638462,32.37668392499176],[-106.87215180397563,32.377561458165054]]},"properties":{"fault_name":"East Robledo fault","slip_rate":"Less than 0.2 mm/yr","age":"middle and late Quaternary","slip_sense":"Normal","fault_id":"2063"}},{"type":"Feature","geometry":{"type":"LineString","coordinates":[[-106.87215180397563,32.377561458165054],[-106.87207105980463,32.378005813999138],[-106.8718296133175,32.379013627831974],[-106.87131980142746,32.379339932012471],[-106.87032966304994,32.379563341661303]]},"properties":{"fault_name":"East Robledo fault","slip_rate":"Less than 0.2 mm/yr","age":"middle and late Quaternary","slip_sense":"Normal","fault_id":"2063"}},{"type":"Feature","geometry":{"type":"LineString","coordinates":[[-106.87208794723365,32.343513247856158],[-106.8719545896348,32.343978828678893],[-106.87164657079857,32.34519685029931],[-106.87142311576997,32.345922875073803]]},"properties":{"fault_name":"East Robledo fault","slip_rate":"Less than 0.2 mm/yr","age":"middle and late Quaternary","slip_sense":"Normal","fault_id":"2063"}},{"type":"Feature","geometry":{"type":"LineString","coordinates":[[-106.9954309871825,32.153577493809948],[-106.99507501807307,32.151230751892747],[-106.99488229890191,32.14869778722592],[-106.99452332762279,32.146001581770712]]},"properties":{"fault_name":"East Robledo fault","slip_rate":"Less than 0.2 mm/yr","age":"middle and late Quaternary","slip_sense":"Normal","fault_id":"2063"}},{"type":"Feature","geometry":{"type":"LineString","coordinates":[[-106.96152004334779,32.203687232648633],[-106.96094995719713,32.201699369265576],[-106.95915960405608,32.194701588059161]]},"properties":{"fault_name":"East Robledo fault","slip_rate":"Less than 0.2 mm/yr","age":"middle and late Quaternary","slip_sense":"Normal","fault_id":"2063"}},{"type":"Feature","geometry":{"type":"LineString","coordinates":[[-106.99452332762279,32.146001581770712],[-106.99406155044761,32.144723817358113],[-106.99462969983051,32.143393758346043],[-106.99662806596044,32.142413099109859],[-106.99822626586895,32.141011709287042],[-106.99973764360524,32.139191058845825],[-107.00239921973971,32.136024038251158],[-107.0047437642408,32.133426697258429],[-107.00683731316326,32.131570694639464],[-107.00879128365352,32.130532710667083],[-107.01009692293523,32.12937745637101],[-107.0126012121483,32.126304893051461],[-107.01391312436566,32.12417868616857],[-107.01502163195154,32.122356149240822],[-107.01633305099378,32.120306095291305],[-107.01764237965637,32.118409618999138],[-107.01922259978446,32.116490951296974],[-107.02097176606803,32.115406990850822],[-107.02176301474668,32.114523695745376],[-107.02193303618556,32.112449422862319],[-107.02208099859433,32.11039440373743]]},"properties":{"fault_name":"East Robledo fault","slip_rate":"Less than 0.2 mm/yr","age":"middle and late Quaternary","slip_sense":"Normal","fault_id":"2063"}},{"type":"Feature","geometry":{"type":"LineString","coordinates":[[-107.00498852191804,32.191107309373379],[-107.00311501442611,32.188076322335448],[-107.00093425525924,32.184714270129199],[-106.99874449317659,32.181618719058775],[-106.99759467027414,32.17875157588248],[-106.99689932214194,32.176476326703146],[-106.99664564239728,32.17498356008516],[-106.99663416372459,32.17386224531338],[-106.9964322206521,32.172063401030606],[-106.99633286518502,32.170527005180915],[-106.99618471413007,32.169487650373462],[-106.99603570698062,32.168369793212221],[-106.9966569512884,32.166891264998398],[-106.99647358627429,32.165413092246403],[-106.99564130794336,32.163912517763315],[-106.99524446998005,32.161394067781117],[-106.99578940240444,32.158967001066827],[-106.99606806070389,32.157268628110806],[-106.9956221271154,32.154618307039733],[-106.9954309871825,32.153577493809948]]},"properties":{"fault_name":"East Robledo fault","slip_rate":"Less than 0.2 mm/yr","age":"middle and late Quaternary","slip_sense":"Normal","fault_id":"2063"}},{"type":"Feature","geometry":{"type":"LineString","coordinates":[[-106.97924793974704,32.226941850227924],[-106.98266598179239,32.223205474071818],[-106.98566992205133,32.219278820068112],[-106.98763379197604,32.216441122114105],[-106.98896006735644,32.215037289894084],[-106.99146957308639,32.212799856169283]]},"properties":{"fault_name":"East Robledo fault","slip_rate":"Less than 0.2 mm/yr","age":"middle and late Quaternary","slip_sense":"Normal","fault_id":"2063"}},{"type":"Feature","geometry":{"type":"LineString","coordinates":[[-106.98791098961482,32.123362277714989],[-106.98847048193335,32.121629400294132],[-106.98852081813196,32.120486935117398],[-106.98801252888633,32.119369472202514],[-106.98735699498584,32.117359075280575],[-106.98646595605554,32.1130102428586],[-106.98584374785544,32.108696600806759],[-106.98545872094154,32.106835569213366],[-106.98512931681168,32.106165131173952]]},"properties":{"fault_name":"East Robledo fault","slip_rate":"Less than 0.2 mm/yr","age":"middle and late Quaternary","slip_sense":"Normal","fault_id":"2063"}},{"type":"Feature","geometry":{"type":"LineString","coordinates":[[-106.98713811867025,32.151368060185547],[-106.98585552207388,32.14802049736268],[-106.9851063379067,32.146265545770895],[-106.98527534424932,32.144381631334078],[-106.98660576984635,32.142807752890995],[-106.98699675798049,32.141191402104262],[-106.98629645114794,32.138808444337961],[-106.98663743635844,32.137991431234674],[-106.98720152984782,32.137270648788146],[-106.98667658134525,32.135440597638535],[-106.9860672693594,32.132829617257819],[-106.98637038968235,32.130965366887935],[-106.98704335718756,32.129523956839201],[-106.98663430033976,32.127548988988998],[-106.98683471537797,32.125967178934388],[-106.98778603755207,32.123749282832591],[-106.98791098961482,32.123362277714989]]},"properties":{"fault_name":"East Robledo fault","slip_rate":"Less than 0.2 mm/yr","age":"middle and late Quaternary","slip_sense":"Normal","fault_id":"2063"}},{"type":"Feature","geometry":{"type":"LineString","coordinates":[[-106.98512931681168,32.106165131173952],[-106.98391456368053,32.103692741685713],[-106.98362537263436,32.1014541622203],[-106.98334039289027,32.099311026641089],[-106.98352764042303,32.097665462112374],[-106.98423721697101,32.096172654655675],[-106.98413589688843,32.094575562060292],[-106.98390903634656,32.091344130054445],[-106.98425084621051,32.08784455478186],[-106.98438675232984,32.085460851769923],[-106.98445736440273,32.084222370144381]]},"properties":{"fault_name":"East Robledo fault","slip_rate":"Less than 0.2 mm/yr","age":"middle and late Quaternary","slip_sense":"Normal","fault_id":"2063"}},{"type":"Feature","geometry":{"type":"LineString","coordinates":[[-106.97924793974704,32.226941850227924],[-106.97956900661272,32.226469654838169],[-106.98022817779179,32.223391984148734],[-106.98054579243184,32.219665867015969],[-106.9807256270669,32.216369763146247],[-106.98025180258546,32.210558500968872],[-106.98024816800182,32.206347701343489],[-106.98044792187999,32.20233878570567],[-106.9802848183671,32.19751322991916],[-106.98021749412813,32.196164305298218],[-106.97960313001711,32.19416897433706],[-106.97949112177928,32.192821661197378],[-106.97932874230852,32.191361969124202],[-106.97842909661946,32.189928905110705],[-106.97788851024443,32.187169582364142],[-106.97766983784638,32.18398506679187],[-106.97790515961989,32.182067263314636],[-106.97876739766389,32.180251737126213]]},"properties":{"fault_name":"East Robledo fault","slip_rate":"Less than 0.2 mm/yr","age":"middle and late Quaternary","slip_sense":"Normal","fault_id":"2063"}},{"type":"Feature","geometry":{"type":"LineString","coordinates":[[-106.96248887368677,32.25217242094083],[-106.96375655555445,32.251452679044881],[-106.96591342222972,32.249862078328171],[-106.96740302121026,32.248593529264681],[-106.96841995094283,32.246904642813291],[-106.96953557408406,32.245205588859065],[-106.97060282564219,32.242227744050368],[-106.97253204035985,32.2383169899379],[-106.97399712970616,32.235080828076484],[-106.97550653384377,32.231674359999666],[-106.97772912216355,32.229175580951228],[-106.97924793974704,32.226941850227924]]},"properties":{"fault_name":"East Robledo fault","slip_rate":"Less than 0.2 mm/yr","age":"middle and late Quaternary","slip_sense":"Normal","fault_id":"2063"}},{"type":"Feature","geometry":{"type":"LineString","coordinates":[[-106.96525582759398,32.234759041822784],[-106.96544693518752,32.233694617786789],[-106.96594248901738,32.232111314002559],[-106.96649970859823,32.230211903789233],[-106.96703360521936,32.229143589730192],[-106.96756027758894,32.228106383849337],[-106.96815527941234,32.226408635717156],[-106.96824637756529,32.224855889116142],[-106.96853637170533,32.223559248836807],[-106.96896359697972,32.22232315902864],[-106.96945970956168,32.22099929536035],[-106.97062695259409,32.219092103955418],[-106.97172586257946,32.217448240370167],[-106.97245810002882,32.216494364659418],[-106.97309144284684,32.215228275771551],[-106.97318309615864,32.213675529732321],[-106.97279362438069,32.21232889536067],[-106.97226746944068,32.210005612622389],[-106.97119907163224,32.207595114693461],[-106.97071848283672,32.206019598050617],[-106.97006232820036,32.204127418637661],[-106.96943673335167,32.202578567992497],[-106.96891780535812,32.200744166113616],[-106.96833054162258,32.198935874377121]]},"properties":{"fault_name":"East Robledo fault","slip_rate":"Less than 0.2 mm/yr","age":"middle and late Quaternary","slip_sense":"Normal","fault_id":"2063"}},{"type":"Feature","geometry":{"type":"LineString","coordinates":[[-106.95532688709918,32.193401283150948],[-106.95534552444634,32.190813679024892],[-106.95533768215392,32.187691795759591],[-106.95547251927809,32.18533196029977],[-106.95622664867088,32.182343336238148],[-106.9573509567243,32.179945150956243],[-106.95896256129346,32.177428226181597],[-106.96114514044712,32.174049426835552],[-106.96361780986052,32.169857701296181],[-106.96517575536282,32.167535734094116],[-106.96699150387691,32.164883938286103],[-106.96730676313432,32.162896174239563],[-106.96763251291758,32.160546380921986],[-106.96791553792764,32.158940203645741],[-106.96758159640729,32.157634313189469]]},"properties":{"fault_name":"East Robledo fault","slip_rate":"Less than 0.2 mm/yr","age":"middle and late Quaternary","slip_sense":"Normal","fault_id":"2063"}},{"type":"Feature","geometry":{"type":"LineString","coordinates":[[-106.94460250189496,32.242401819812684],[-106.94645448126114,32.240259909272112],[-106.94750426777351,32.23817518313578],[-106.94871123879936,32.235105093283515],[-106.95054196582252,32.232129478168751],[-106.95190530209833,32.228737207002609],[-106.95257499973589,32.227713731218003],[-106.95461342713421,32.226352163964521],[-106.95546438772813,32.225618958906573],[-106.95628339704402,32.223523471079709],[-106.95781979196265,32.221643359353251],[-106.95942788771232,32.21902388582388],[-106.96121488834071,32.21643933608857],[-106.96144235075381,32.215697421083853],[-106.96181796961176,32.212625712300621],[-106.96197138209935,32.21072965112495],[-106.96161568697609,32.209202821196847],[-106.96189931655233,32.20705932326441],[-106.96189544661006,32.204996250370442],[-106.96152004334779,32.203687232648633]]},"properties":{"fault_name":"East Robledo fault","slip_rate":"Less than 0.2 mm/yr","age":"middle and late Quaternary","slip_sense":"Normal","fault_id":"2063"}},{"type":"Feature","geometry":{"type":"LineString","coordinates":[[-106.94581506313685,32.195782075198601],[-106.94716724323511,32.193676104620096],[-106.94783878331734,32.190946729704926],[-106.94790691065016,32.187343512675007],[-106.94798041889155,32.185207088019816],[-106.94878167659911,32.182835054656366],[-106.94908804163687,32.180423573069632],[-106.94937957099772,32.178165038198806],[-106.95018481812345,32.17632630980507],[-106.95118760208523,32.174404306732178],[-106.95200885179942,32.172888885768003],[-106.95259670662641,32.170465327289648],[-106.95232940842205,32.16708338230481],[-106.95182232830879,32.163897469224835],[-106.95250548001435,32.160150374228024],[-106.95283454098777,32.156525877824919],[-106.95317355798947,32.153205709663411],[-106.95371319304864,32.149176486014504],[-106.95427650680037,32.146555310655643],[-106.95433750061154,32.14556239712546]]},"properties":{"fault_name":"East Robledo fault","slip_rate":"Less than 0.2 mm/yr","age":"middle and late Quaternary","slip_sense":"Normal","fault_id":"2063"}},{"type":"Feature","geometry":{"type":"LineString","coordinates":[[-106.9507433833806,32.144212184189506],[-106.95228273914641,32.141630547712765],[-106.95276895768383,32.139234146187313],[-106.95252102715698,32.136186868233843],[-106.95154972465434,32.13420217990442],[-106.95124427320324,32.133039374894963]]},"properties":{"fault_name":"East Robledo fault","slip_rate":"Less than 0.2 mm/yr","age":"middle and late Quaternary","slip_sense":"Normal","fault_id":"2063"}},{"type":"Feature","geometry":{"type":"LineString","coordinates":[[-106.98445736440273,32.084222370144381],[-106.98460098166048,32.083411727629937],[-106.98513983788028,32.081181851835531],[-106.98580074729944,32.079157214824242],[-106.985796588998,32.076356085987598],[-106.98567892676375,32.074931414806713],[-106.98553887312275,32.073143593275923],[-106.98455744211529,32.070877767075828],[-106.9826026182255,32.068212849666757],[-106.98069628539479,32.065680285700644],[-106.97790170020774,32.062594481030047],[-106.97547057068969,32.058910654902704],[-106.97442420765687,32.05672236300812],[-106.97365347200771,32.053995004718672],[-106.97296220312522,32.051704163944677]]},"properties":{"fault_name":"East Robledo fault","slip_rate":"Less than 0.2 mm/yr","age":"middle and late Quaternary","slip_sense":"Normal","fault_id":"2063"}},{"type":"Feature","geometry":{"type":"LineString","coordinates":[[-107.1621039863831,31.722327658069766],[-107.15803962805039,31.715569540911968],[-107.15545788878845,31.711339726146853],[-107.15285809518593,31.7073459677998],[-107.15186143324283,31.70501053223575],[-107.15145476142213,31.703159287856099]]},"properties":{"fault_name":"West Robledo fault","slip_rate":"Less than 0.2 mm/yr","age":"undifferentiated Quaternary","slip_sense":"Normal","fault_id":"2064"}},{"type":"Feature","geometry":{"type":"LineString","coordinates":[[-107.15914468161399,31.753329058268541],[-107.15821970702721,31.752556108974467],[-107.15700943828594,31.751191278364853],[-107.15617169729973,31.749733954625853],[-107.15612452137428,31.748880790201031],[-107.15626214327581,31.748449850826745]]},"properties":{"fault_name":"West Robledo fault","slip_rate":"Less than 0.2 mm/yr","age":"undifferentiated Quaternary","slip_sense":"Normal","fault_id":"2064"}},{"type":"Feature","geometry":{"type":"LineString","coordinates":[[-107.15213700672759,32.118061579323701],[-107.15268989642877,32.116196158327107],[-107.15311291938427,32.113807993097453],[-107.15348355798228,32.110088560335015],[-107.15365159504269,32.109054947673592]]},"properties":{"fault_name":"West Robledo fault","slip_rate":"Less than 0.2 mm/yr","age":"undifferentiated Quaternary","slip_sense":"Normal","fault_id":"2064"}},{"type":"Feature","geometry":{"type":"LineString","coordinates":[[-107.15145476142213,31.703159287856099],[-107.15158829778575,31.70223077697834],[-107.15239710583326,31.695295960656679],[-107.15320538117982,31.689794995142954],[-107.15300697657122,31.68589454530947],[-107.15254190796885,31.682684636335321],[-107.15220573144008,31.679417504647784],[-107.15154230673814,31.675347618620773],[-107.15020665294615,31.67230715371949],[-107.14826150840358,31.667838397896833],[-107.14652134683242,31.661876348129166],[-107.14391944668054,31.653449927310412],[-107.14031080728473,31.642729128016505],[-107.13669388811692,31.635332126994783],[-107.13355033708639,31.629026763155593],[-107.13094127197185,31.624096357226154],[-107.12806443973233,31.620367587225815],[-107.12559260575213,31.615723282838193],[-107.12104501757695,31.603284204308732],[-107.11763479356949,31.597148279881267],[-107.11476573175719,31.592904523243586],[-107.10967655019552,31.586254180094802],[-107.10580078058028,31.581667106060948],[-107.10131442696475,31.576675602064931],[-107.0975225510139,31.572271854876426],[-107.09676695287561,31.571400216969181],[-107.09322676600274,31.567730338019938],[-107.08994603414348,31.564173232332188],[-107.08613860835507,31.559986702333205],[-107.08459740834797,31.557921211802228],[-107.08272841668696,31.555857390216467]]},"properties":{"fault_name":"West Robledo fault","slip_rate":"Less than 0.2 mm/yr","age":"undifferentiated Quaternary","slip_sense":"Normal","fault_id":"2064"}},{"type":"Feature","geometry":{"type":"LineString","coordinates":[[-107.14676038313962,31.783286503148723],[-107.14771410022225,31.781750510200734],[-107.14868389265692,31.780473595028585],[-107.14898396499608,31.779809765058818]]},"properties":{"fault_name":"West Robledo fault","slip_rate":"Less than 0.2 mm/yr","age":"undifferentiated Quaternary","slip_sense":"Normal","fault_id":"2064"}},{"type":"Feature","geometry":{"type":"LineString","coordinates":[[-107.12002544679746,31.820207724737713],[-107.12364674794722,31.813583481030463],[-107.1249090632794,31.81127439776969],[-107.12699684681436,31.808736392214588],[-107.1289626822529,31.806056820668456],[-107.13023559590881,31.804439446806853]]},"properties":{"fault_name":"West Robledo fault","slip_rate":"Less than 0.2 mm/yr","age":"undifferentiated Quaternary","slip_sense":"Normal","fault_id":"2064"}},{"type":"Feature","geometry":{"type":"LineString","coordinates":[[-107.12815508962596,32.155092502861109],[-107.12886768361497,32.154236466843678],[-107.1296607989928,32.152486550317349]]},"properties":{"fault_name":"West Robledo fault","slip_rate":"Less than 0.2 mm/yr","age":"undifferentiated Quaternary","slip_sense":"Normal","fault_id":"2064"}},{"type":"Feature","geometry":{"type":"LineString","coordinates":[[-107.12006142073133,31.819988663692385],[-107.12009418498467,31.818799681892759],[-107.12015928499501,31.818061942965773],[-107.12025010377192,31.817644016173414]]},"properties":{"fault_name":"West Robledo fault","slip_rate":"Less than 0.2 mm/yr","age":"undifferentiated Quaternary","slip_sense":"Normal","fault_id":"2064"}},{"type":"Feature","geometry":{"type":"LineString","coordinates":[[-107.11531295308893,32.175605345375274],[-107.1161342117863,32.173407272769303]]},"properties":{"fault_name":"West Robledo fault","slip_rate":"Less than 0.2 mm/yr","age":"undifferentiated Quaternary","slip_sense":"Normal","fault_id":"2064"}},{"type":"Feature","geometry":{"type":"LineString","coordinates":[[-107.06769456063827,32.236116034982466],[-107.07206615088302,32.233574283710482],[-107.08047745777391,32.228082280154823],[-107.08427702959179,32.225575278641742],[-107.08783393680704,32.222290229122528],[-107.09174872564496,32.217530638277822],[-107.09615170392402,32.211399657792221],[-107.09993314055296,32.20546600790199],[-107.10289990044062,32.201127836355859],[-107.10466187759845,32.198683431160269],[-107.10691094376122,32.195018834848774]]},"properties":{"fault_name":"West Robledo fault","slip_rate":"Less than 0.2 mm/yr","age":"undifferentiated Quaternary","slip_sense":"Normal","fault_id":"2064"}},{"type":"Feature","geometry":{"type":"LineString","coordinates":[[-107.0595372254445,32.242416008200806],[-107.06333642266493,32.239536995704981],[-107.06769456063827,32.236116034982466]]},"properties":{"fault_name":"West Robledo fault","slip_rate":"Less than 0.2 mm/yr","age":"undifferentiated Quaternary","slip_sense":"Normal","fault_id":"2064"}},{"type":"Feature","geometry":{"type":"LineString","coordinates":[[-106.99551601541907,32.31186292728303],[-106.99608441902521,32.310461778904831],[-106.99698589278589,32.308882419857177],[-106.99775916707404,32.307914107095648]]},"properties":{"fault_name":"West Robledo fault","slip_rate":"Less than 0.2 mm/yr","age":"undifferentiated Quaternary","slip_sense":"Normal","fault_id":"2064"}},{"type":"Feature","geometry":{"type":"LineString","coordinates":[[-106.96054993470617,32.366019528834343],[-106.9616866179509,32.364379007794518],[-106.96292274829089,32.362471826936684],[-106.96455554860918,32.359847440842195],[-106.96626446407981,32.357279717933771],[-106.96702725323198,32.356009746302007],[-106.96806504364206,32.354193675696933],[-106.96933173376966,32.352748148070887],[-106.97049897410714,32.350959297666535],[-106.97177288579132,32.349227112276935],[-106.97327569090488,32.347522146296136],[-106.97451181765159,32.345218309119822],[-106.97540460290682,32.343341129929655],[-106.97653350224962,32.341006738779285],[-106.97770129505101,32.338962340829845],[-106.97870798039605,32.33763070167015],[-106.97977633418704,32.336303506638529],[-106.98114969116982,32.334571319218604],[-106.98241637590753,32.33249636499054],[-106.98368250818137,32.330703624804528],[-106.98488808142864,32.328800333868564],[-106.98568141958866,32.326896489775969],[-106.98654364685287,32.32491320428624],[-106.98761199705059,32.323322125952664],[-106.98891646672583,32.321762157630701],[-106.9903887174416,32.319972749334234],[-106.99118261704866,32.318733333864799],[-106.99238763603539,32.316830040310649],[-106.99359321557088,32.315643395761604],[-106.99469211836976,32.313537888078947],[-106.99551601541907,32.31186292728303]]},"properties":{"fault_name":"West Robledo fault","slip_rate":"Less than 0.2 mm/yr","age":"undifferentiated Quaternary","slip_sense":"Normal","fault_id":"2064"}},{"type":"Feature","geometry":{"type":"LineString","coordinates":[[-106.95899312557269,32.369525674805132],[-106.96054993470617,32.366019528834343]]},"properties":{"fault_name":"West Robledo fault","slip_rate":"Less than 0.2 mm/yr","age":"undifferentiated Quaternary","slip_sense":"Normal","fault_id":"2064"}},{"type":"Feature","geometry":{"type":"LineString","coordinates":[[-106.95339501965647,32.392552160961039],[-106.95381200233999,32.390943216766338]]},"properties":{"fault_name":"West Robledo fault","slip_rate":"Less than 0.2 mm/yr","age":"undifferentiated Quaternary","slip_sense":"Normal","fault_id":"2064"}},{"type":"Feature","geometry":{"type":"LineString","coordinates":[[-107.18530724559311,32.000142969288071],[-107.18532223667857,31.999168549948717],[-107.18578777060826,31.995607526875755],[-107.18645164626446,31.992281493015586],[-107.18609272259607,31.989689338623059],[-107.18585419293866,31.986568132325221],[-107.18507853272514,31.982207210694618],[-107.18472271183772,31.980308946237322],[-107.18513375306397,31.976787584231346],[-107.18454840274001,31.973010651322042],[-107.18426457912766,31.970352550912846],[-107.18369029335304,31.966041679111658],[-107.183109740931,31.964011018334784],[-107.18160572129521,31.958957953737748],[-107.18096271619798,31.957653973631338],[-107.17936954416012,31.955520696770861],[-107.17682214030498,31.950857509183372],[-107.1751429132562,31.946747132734046],[-107.17360343621779,31.942884478935394],[-107.17119058382252,31.938264310741797],[-107.16847559475957,31.933308407169775],[-107.16627539874489,31.930755030772978],[-107.16449629161289,31.927515210176338],[-107.16261119136222,31.92434138836126],[-107.16044267084276,31.920320175645298],[-107.15834790290644,31.917516686918159],[-107.15624352030166,31.916225494703866],[-107.15521760561963,31.916283505667199],[-107.15363932675088,31.915610444632886],[-107.15228280239988,31.913621156007039],[-107.15116267690244,31.911214284240639],[-107.14863461467367,31.906223990996402],[-107.14661947340416,31.901391351725319],[-107.14487922918798,31.897889448040626],[-107.14330404860863,31.895194727185856],[-107.14050344291257,31.89281857800168],[-107.13850408504257,31.89093705866069],[-107.13489115798789,31.887710697887581],[-107.1328017862315,31.884458748228663],[-107.13173258982079,31.88087201612414],[-107.13052043371911,31.877730300985032],[-107.12981658303276,31.875981623189475],[-107.12780667175481,31.86982404792851],[-107.12612450272344,31.865419448834373],[-107.12588637281634,31.861988540967353],[-107.12537864142449,31.855486541373271],[-107.12537486221211,31.850166571786861]]},"properties":{"fault_name":"West Robledo fault","slip_rate":"Less than 0.2 mm/yr","age":"undifferentiated Quaternary","slip_sense":"Normal","fault_id":"2064"}},{"type":"Feature","geometry":{"type":"LineString","coordinates":[[-107.15643466831938,32.097013347261367],[-107.15690499296447,32.095779952849234],[-107.15754564717059,32.09391387570674],[-107.15895452084476,32.090558219756183],[-107.15950125888287,32.087996015665318],[-107.15997641197264,32.086202774907754],[-107.16097243880682,32.08357512336292],[-107.16245354960627,32.080497543930022],[-107.16586718721179,32.073432421871267],[-107.1673663828945,32.07110303994979],[-107.16962655403081,32.066439328017061],[-107.17037901255719,32.063593339052353],[-107.17098072659238,32.060959218205078],[-107.17197416358361,32.055333727693125],[-107.17273199134046,32.052696717902379],[-107.17350211074532,32.049608446130549],[-107.17396674276648,32.047718140021772],[-107.1746189169678,32.045311169872839],[-107.17530593502237,32.042523414305023],[-107.17598285062323,32.040211022044168],[-107.1767276492152,32.037935388346099],[-107.17781109919454,32.034597175353397],[-107.17834660918992,32.032880369025364],[-107.17886273713474,32.031277718076822],[-107.17928768607818,32.030473340790103],[-107.17988634224815,32.029495085738027],[-107.1802256323377,32.028825043097143],[-107.18073671714049,32.027905289705686],[-107.18134328387485,32.02635788619579],[-107.18173811590009,32.024359149928344],[-107.18212243314495,32.02194333700448],[-107.18217032682432,32.020311313752124],[-107.18168397443792,32.017797621276905],[-107.18122104562256,32.016212874017519],[-107.18079640480123,32.01438085575262],[-107.18098593405483,32.013068681132275],[-107.18117472219831,32.012610024830103],[-107.18182027222274,32.011725747111129],[-107.18274648289136,32.010494932697078],[-107.18325761171161,32.009808216915097],[-107.18437747040942,32.008075062802945],[-107.18533870369603,32.006249494726191],[-107.18532883480432,32.004916931371639],[-107.18516218204775,32.003568076160803],[-107.18530724559311,32.000142969288071]]},"properties":{"fault_name":"West Robledo fault","slip_rate":"Less than 0.2 mm/yr","age":"undifferentiated Quaternary","slip_sense":"Normal","fault_id":"2064"}},{"type":"Feature","geometry":{"type":"LineString","coordinates":[[-107.15674329531502,31.733482184313626],[-107.15854422342359,31.731957525785727],[-107.16086710594988,31.730905165667984],[-107.1626623953334,31.729778064837411],[-107.16335127918882,31.72845977223426],[-107.16315054974025,31.727544509234228],[-107.1629503080769,31.724854648725874],[-107.16235294458262,31.723177792877632],[-107.1621039863831,31.722327658069766]]},"properties":{"fault_name":"West Robledo fault","slip_rate":"Less than 0.2 mm/yr","age":"undifferentiated Quaternary","slip_sense":"Normal","fault_id":"2064"}},{"type":"Feature","geometry":{"type":"LineString","coordinates":[[-107.1161342117863,32.173407272769303],[-107.11642956797026,32.172872530867657],[-107.11769556729341,32.170519589054109],[-107.11963409574393,32.167775525941231],[-107.12279435004882,32.163427989165115],[-107.12452745804839,32.161330757058742],[-107.12655266044911,32.15769454492802],[-107.12815508962596,32.155092502861109]]},"properties":{"fault_name":"West Robledo fault","slip_rate":"Less than 0.2 mm/yr","age":"undifferentiated Quaternary","slip_sense":"Normal","fault_id":"2064"}},{"type":"Feature","geometry":{"type":"LineString","coordinates":[[-107.10691094376122,32.195018834848774],[-107.10774506633345,32.191831051278882],[-107.10846927733573,32.189715947805958],[-107.109758845757,32.186094637940421],[-107.11175471726536,32.181965653986637],[-107.11396266933421,32.177977240142539],[-107.11531295308893,32.175605345375274]]},"properties":{"fault_name":"West Robledo fault","slip_rate":"Less than 0.2 mm/yr","age":"undifferentiated Quaternary","slip_sense":"Normal","fault_id":"2064"}},{"type":"Feature","geometry":{"type":"LineString","coordinates":[[-107.02617121133925,32.256440989922659],[-107.03561124643562,32.251558523665118],[-107.04877059337085,32.246570214266413],[-107.05408802786305,32.24395325229797],[-107.0595372254445,32.242416008200806]]},"properties":{"fault_name":"West Robledo fault","slip_rate":"Less than 0.2 mm/yr","age":"undifferentiated Quaternary","slip_sense":"Normal","fault_id":"2064"}},{"type":"Feature","geometry":{"type":"LineString","coordinates":[[-107.02796288320711,32.253997129155145],[-107.03224444519239,32.249256890246734],[-107.03585207757678,32.245239783836219]]},"properties":{"fault_name":"West Robledo fault","slip_rate":"Less than 0.2 mm/yr","age":"undifferentiated Quaternary","slip_sense":"Normal","fault_id":"2064"}},{"type":"Feature","geometry":{"type":"LineString","coordinates":[[-107.0143535234337,32.286268176334168],[-107.01490175806506,32.284618344150601],[-107.01537546127395,32.283362078909768],[-107.01717695711777,32.279802544326728]]},"properties":{"fault_name":"West Robledo fault","slip_rate":"Less than 0.2 mm/yr","age":"undifferentiated Quaternary","slip_sense":"Normal","fault_id":"2064"}},{"type":"Feature","geometry":{"type":"LineString","coordinates":[[-107.14898396499608,31.779809765058818],[-107.14928980811267,31.779031657825644],[-107.14979891841848,31.778424129059132],[-107.15051066709283,31.777919504076593],[-107.15248046410174,31.776771751007928],[-107.15437642228926,31.775668107943577],[-107.15582101926735,31.774508993895015],[-107.15689697280563,31.773591761294728],[-107.15718012627475,31.772945827238825],[-107.15759485239029,31.772553610204987],[-107.15803289607564,31.772096893838675],[-107.15816115663361,31.77126174294126],[-107.15824000625767,31.770448882712785],[-107.15839602385957,31.769719961374065],[-107.15879854276872,31.768858241810928],[-107.15919329574224,31.767697746370434],[-107.15963967938669,31.766600324986889],[-107.16083555532046,31.765488645764457],[-107.16160671766939,31.764385046048012],[-107.16175164017922,31.76322930476092],[-107.16169336736506,31.761949317835342],[-107.16144188759453,31.760929225869209],[-107.16080513656833,31.758549961023729],[-107.16033158427641,31.757640850799323],[-107.16030550708203,31.756637822659442],[-107.15977368287426,31.754448725976442],[-107.15957882661102,31.75368377594409],[-107.15914468161399,31.753329058268541]]},"properties":{"fault_name":"West Robledo fault","slip_rate":"Less than 0.2 mm/yr","age":"undifferentiated Quaternary","slip_sense":"Normal","fault_id":"2064"}},{"type":"Feature","geometry":{"type":"LineString","coordinates":[[-107.15626214327581,31.748449850826745],[-107.15700854625885,31.746904822259737],[-107.1573645396228,31.745526810152061],[-107.15732504519133,31.744137141315473],[-107.15708503421205,31.742235166778979],[-107.15688810014557,31.740213113711064],[-107.15644850596802,31.739467401286134],[-107.15555050060267,31.738949707686039],[-107.15508429024158,31.738085363102449],[-107.15495121022212,31.737492201992236],[-107.15531284590436,31.736312713029378],[-107.15564945901437,31.735888579719866],[-107.15647627469008,31.734719301203636],[-107.15674329531502,31.733482184313626]]},"properties":{"fault_name":"West Robledo fault","slip_rate":"Less than 0.2 mm/yr","age":"undifferentiated Quaternary","slip_sense":"Normal","fault_id":"2064"}},{"type":"Feature","geometry":{"type":"LineString","coordinates":[[-107.15365159504269,32.109054947673592],[-107.15404046225446,32.108140153921845],[-107.15440366819182,32.107090440130875],[-107.15434306065625,32.106395435081389],[-107.15451120102293,32.105774128883461],[-107.15474619221642,32.105093765718777],[-107.15529399924969,32.104176450831652],[-107.15559541996014,32.103417704374301],[-107.15567897855293,32.102043776966013],[-107.15573265828104,32.100341672192307],[-107.15576996172153,32.098929814078751],[-107.15593936781444,32.098366486111452],[-107.1562819789756,32.097413761108733],[-107.15643466831938,32.097013347261367]]},"properties":{"fault_name":"West Robledo fault","slip_rate":"Less than 0.2 mm/yr","age":"undifferentiated Quaternary","slip_sense":"Normal","fault_id":"2064"}},{"type":"Feature","geometry":{"type":"LineString","coordinates":[[-107.1296607989928,32.152486550317349],[-107.12981467501108,32.151879507931859],[-107.13003964909085,32.151271497880401],[-107.13080649683145,32.15049479669652],[-107.13119936783444,32.149985327779035],[-107.13175532707892,32.149332484639615],[-107.13301985586,32.14854901224362],[-107.13425868294244,32.147665063670217],[-107.13523641917915,32.14676450278921],[-107.13597126713269,32.145986276995174],[-107.13684286741859,32.144600300341047],[-107.13745534866077,32.143299077739243],[-107.13772645392531,32.142669194926086],[-107.13860500537486,32.141606039272318],[-107.13948442639362,32.140583234819921],[-107.14014737678509,32.1394225109198],[-107.14115822312652,32.137893092297482],[-107.14189101393809,32.136670733804429],[-107.14312857619262,32.134653401710381],[-107.14383504636635,32.133310354362422],[-107.14477822531239,32.131943448676203],[-107.14600684304163,32.13061247981755],[-107.14770105668433,32.128870621071769],[-107.14866230344566,32.127241056213343],[-107.14903590468749,32.125862810128126],[-107.1493655531591,32.124646710626621],[-107.14967452870108,32.123572213840845],[-107.15066687334094,32.12228527723866],[-107.15126563281716,32.12144847828268],[-107.15151631937529,32.119870310260204],[-107.15213700672759,32.118061579323701]]},"properties":{"fault_name":"West Robledo fault","slip_rate":"Less than 0.2 mm/yr","age":"undifferentiated Quaternary","slip_sense":"Normal","fault_id":"2064"}},{"type":"Feature","geometry":{"type":"LineString","coordinates":[[-107.13023559590881,31.804439446806853],[-107.13062433196654,31.803962837740521],[-107.13133038891525,31.80316035771979],[-107.13209966929364,31.801865573354117],[-107.13291997308185,31.800612614164887],[-107.13439531040895,31.798515350085843],[-107.13510239143709,31.797755566761051],[-107.13631757575956,31.796282173273578],[-107.1375332730201,31.794830127828231],[-107.13855101662629,31.79346695231402],[-107.13980954555956,31.791715166027441],[-107.14062882706497,31.790419511967777],[-107.1413328349565,31.789531640979281],[-107.14214452300284,31.78896225015383],[-107.14374187759664,31.787781207233198],[-107.1449142302464,31.786607555209343],[-107.14583555857146,31.785395552910376],[-107.14643393536538,31.784274594246501],[-107.14676038313962,31.783286503148723]]},"properties":{"fault_name":"West Robledo fault","slip_rate":"Less than 0.2 mm/yr","age":"undifferentiated Quaternary","slip_sense":"Normal","fault_id":"2064"}},{"type":"Feature","geometry":{"type":"LineString","coordinates":[[-107.14384270719908,31.890329007657673],[-107.14363542633717,31.889655501281574],[-107.14332830581625,31.888919631753666],[-107.14311525956684,31.888462448930014],[-107.14253965237044,31.887790111157692],[-107.1419576482709,31.88639941597911],[-107.14134767871825,31.884649706719799],[-107.14108723735445,31.88321462964203],[-107.1407508092974,31.881589889978891],[-107.14002247412967,31.880453714018405],[-107.13932304405283,31.879782194253551],[-107.13886693165382,31.878623090765043],[-107.13865940734846,31.877567993018189],[-107.13838003399005,31.876788050927903],[-107.1381241093555,31.875860048793008],[-107.13816328937661,31.874697675189815],[-107.13827506944237,31.873344657072732],[-107.13818459292358,31.871528128669659],[-107.13798489563928,31.868571335179752],[-107.13796852563986,31.866733187670256],[-107.13838067987874,31.865737385121665],[-107.1389907626191,31.864719146827621],[-107.13888060311413,31.8634732411324],[-107.1386989709502,31.862544749374788],[-107.13825802211322,31.86194965522748],[-107.13756080638355,31.861007548236028],[-107.13670069195688,31.86006822486797],[-107.13606863013644,31.85892624884977],[-107.13575723273647,31.857560161031355],[-107.13568180659196,31.856329169197586],[-107.13549328884137,31.855239237143639],[-107.13485889589279,31.853997924168247],[-107.1333215757094,31.851977023097731]]},"properties":{"fault_name":"West Robledo fault","slip_rate":"Less than 0.2 mm/yr","age":"undifferentiated Quaternary","slip_sense":"Normal","fault_id":"2064"}},{"type":"Feature","geometry":{"type":"LineString","coordinates":[[-107.1253101808167,31.846978801000585],[-107.12376374812307,31.845700069955253],[-107.12228714686638,31.844339147016559],[-107.1212148674376,31.842972707273507],[-107.12091694117363,31.842306546270827],[-107.1211078448496,31.84106503862817],[-107.12162033192256,31.839209847308513],[-107.12173760788122,31.837847486230949],[-107.12161894492375,31.836589892799537],[-107.12119678884252,31.835641089338491],[-107.12109621795487,31.83407860097439],[-107.12097755499741,31.832821008077655],[-107.12069430630686,31.831667209906005],[-107.12036576635634,31.830635889361645],[-107.11977181286689,31.829405090779421],[-107.11963601634201,31.828116645136991],[-107.1196143399942,31.827019012095814],[-107.11970405025005,31.825734964629365],[-107.11962384237327,31.824374698259025],[-107.11952405122329,31.823116715920861],[-107.11973609315623,31.821910327107936],[-107.11994729336773,31.820683627133054],[-107.12002544679746,31.820207724737713]]},"properties":{"fault_name":"West Robledo fault","slip_rate":"Less than 0.2 mm/yr","age":"undifferentiated Quaternary","slip_sense":"Normal","fault_id":"2064"}},{"type":"Feature","geometry":{"type":"LineString","coordinates":[[-107.12025010377192,31.817644016173414],[-107.12069670480867,31.816349186724025],[-107.12096877037226,31.813717278743425],[-107.12124124377098,31.812244661929711],[-107.12167353195031,31.810604507864127],[-107.12161480728355,31.808613093203704],[-107.12150912228701,31.807212917655569],[-107.12120404902664,31.805025559125664],[-107.12087265782337,31.802777979913639],[-107.12035567558074,31.80112299166068],[-107.12001745628301,31.799749964720178],[-107.11951593135146,31.798346171069028]]},"properties":{"fault_name":"West Robledo fault","slip_rate":"Less than 0.2 mm/yr","age":"undifferentiated Quaternary","slip_sense":"Normal","fault_id":"2064"}},{"type":"Feature","geometry":{"type":"LineString","coordinates":[[-107.12002544679746,31.820207724737713],[-107.12006142073133,31.819988663692385]]},"properties":{"fault_name":"West Robledo fault","slip_rate":"Less than 0.2 mm/yr","age":"undifferentiated Quaternary","slip_sense":"Normal","fault_id":"2064"}},{"type":"Feature","geometry":{"type":"LineString","coordinates":[[-107.02617121133925,32.256440989922659],[-107.02796288320711,32.253997129155145]]},"properties":{"fault_name":"West Robledo fault","slip_rate":"Less than 0.2 mm/yr","age":"undifferentiated Quaternary","slip_sense":"Normal","fault_id":"2064"}},{"type":"Feature","geometry":{"type":"LineString","coordinates":[[-107.01717695711777,32.279802544326728],[-107.01873597610683,32.277119625093711],[-107.02029944804477,32.272957226968636],[-107.0216271409667,32.268866115937513],[-107.02205926295771,32.265395562757838],[-107.02182075485989,32.263684890107527],[-107.02301413796876,32.260604763237147],[-107.02474257832208,32.258389658839974],[-107.02617121133925,32.256440989922659]]},"properties":{"fault_name":"West Robledo fault","slip_rate":"Less than 0.2 mm/yr","age":"undifferentiated Quaternary","slip_sense":"Normal","fault_id":"2064"}},{"type":"Feature","geometry":{"type":"LineString","coordinates":[[-106.99775916707404,32.307914107095648],[-106.99900713990439,32.307429351962256],[-107.00132066827364,32.305856636749873],[-107.00267316907046,32.304478507790385],[-107.00523430187809,32.300975736311337],[-107.00712819573708,32.297662576642942],[-107.00795225897475,32.295259128629603],[-107.00957545630267,32.292913486293891],[-107.01167656993816,32.291237372727288],[-107.01370920230458,32.288456829664177],[-107.0143535234337,32.286268176334168]]},"properties":{"fault_name":"West Robledo fault","slip_rate":"Less than 0.2 mm/yr","age":"undifferentiated Quaternary","slip_sense":"Normal","fault_id":"2064"}},{"type":"Feature","geometry":{"type":"LineString","coordinates":[[-106.95381200233999,32.390943216766338],[-106.95389096155853,32.39051269304926],[-106.95417692495788,32.389407662844761],[-106.95443824217907,32.388208233882821],[-106.95482758459963,32.386760007956575],[-106.95522662074042,32.38570989872656],[-106.95536729421895,32.38506259531863],[-106.95559685689318,32.384394770077684],[-106.95562215075664,32.383597754702336],[-106.95545101989838,32.382993835046804],[-106.95545028327986,32.382045547020496],[-106.95551794438704,32.381152962157962],[-106.95563074224403,32.380278552280842],[-106.95587895124859,32.37945867296115],[-106.95621697201865,32.378656188920282],[-106.95670951200071,32.377775139371117],[-106.95747010387369,32.376889400257511],[-106.95788778544652,32.375687236967245],[-106.95830454265291,32.374447158228307],[-106.95862595087839,32.372962188670073],[-106.95927227165734,32.37105428374575],[-106.95951078873831,32.369836287891708]]},"properties":{"fault_name":"West Robledo fault","slip_rate":"Less than 0.2 mm/yr","age":"undifferentiated Quaternary","slip_sense":"Normal","fault_id":"2064"}},{"type":"Feature","geometry":{"type":"LineString","coordinates":[[-106.92441490865335,32.470407726374475],[-106.92547370167476,32.46994659803984],[-106.92635189200159,32.469402721810617],[-106.92713405422114,32.468512753285331],[-106.92767358866899,32.467663025207507],[-106.92812556432609,32.466870531069318],[-106.92906367587561,32.466053782670969],[-106.93008258819,32.464748697296017],[-106.9315434150303,32.463419861169832],[-106.93330761731512,32.461693899836554],[-106.93437427688346,32.460613238234608],[-106.9348288980791,32.459989436278683],[-106.93571720433431,32.458817058623978],[-106.93685019460493,32.457735646209265],[-106.93790568541938,32.455942723205403],[-106.93915517280931,32.45382890199145],[-106.94048869400082,32.451432924657105],[-106.94083194476245,32.44934811388417],[-106.94041014800732,32.447834378707071],[-106.94001516416679,32.446620291720855],[-106.93981505904735,32.445141539943315],[-106.9390306761924,32.443069498793228],[-106.93869106809925,32.442456442200516],[-106.93877307799647,32.44152948318564],[-106.93923103643338,32.439819874771352],[-106.93957598680753,32.438056214804476],[-106.94015947133066,32.436796836112514],[-106.9407977647642,32.435158619675477],[-106.94104222689575,32.433737084654837],[-106.94145312528984,32.432651568137452],[-106.94160723127682,32.431892873865188],[-106.94137365492992,32.430840980117182],[-106.94120979234062,32.429881887287031],[-106.94152754172798,32.428666346848864],[-106.94168720110007,32.427378907142014],[-106.94139840890588,32.425988449371545],[-106.9414017659101,32.424685706043746],[-106.94147960403117,32.423626687656323],[-106.94181184773562,32.422165386032198],[-106.94225054359789,32.420550615072159],[-106.94257563491604,32.418862926078972],[-106.94271364668643,32.417594858900976],[-106.94278931986763,32.415753459832871],[-106.94269286775558,32.413998986075335],[-106.94301893374585,32.412733583687618],[-106.94373624119515,32.411232239198711],[-106.94432556027603,32.410191832207651],[-106.94483045927979,32.40915403272141],[-106.94522368332069,32.407976219724262],[-106.94537783602007,32.406644397979342],[-106.94561298711369,32.405722536066897],[-106.94580096767172,32.40517873033783],[-106.94658288105796,32.403701971718689],[-106.94718911272071,32.403055571641858],[-106.94782875272887,32.402695069681805],[-106.9487768508494,32.401643572695562],[-106.9498972090105,32.400174288622672],[-106.95081728238912,32.398962257894908],[-106.95199403498712,32.397329831129298],[-106.95293940402584,32.395722489073883],[-106.95339167522866,32.393951055233863],[-106.95339501965647,32.392552160961039]]},"properties":{"fault_name":"West Robledo fault","slip_rate":"Less than 0.2 mm/yr","age":"undifferentiated Quaternary","slip_sense":"Normal","fault_id":"2064"}},{"type":"Feature","geometry":{"type":"LineString","coordinates":[[-106.89260674033738,32.061419716825505],[-106.89303423780132,32.060739500742955],[-106.89315185062821,32.060052043301461],[-106.89292600697927,32.059027869902977],[-106.89248947785347,32.058307238365614],[-106.89210906468682,32.05782837593631],[-106.89160377581423,32.057037547015128],[-106.89157740397243,32.056638185850538],[-106.89185953875204,32.055819344937959],[-106.89222513600468,32.054984767816173],[-106.89249291301111,32.054266134227106],[-106.89259033260872,32.053436235262957],[-106.89236346038876,32.052369243226984],[-106.89141174385428,32.051143540221901],[-106.89019802917558,32.050179434262425],[-106.88925557876324,32.049339111156883],[-106.88823233926414,32.048741660334585]]},"properties":{"fault_name":"Fitzgerald fault","slip_rate":"Less than 0.2 mm/yr","age":"middle and late Quaternary","slip_sense":"Normal","fault_id":"2065"}},{"type":"Feature","geometry":{"type":"LineString","coordinates":[[-106.89227488740006,32.009001451211219],[-106.89192060442842,32.006188759370851],[-106.89139442523391,32.002157606819566],[-106.89086496808693,31.998009025955245],[-106.89047260732701,31.995808079376502],[-106.88995238036955,31.992232901903748],[-106.8897528259174,31.988638596013189],[-106.8890569828135,31.985050461946678],[-106.88926682117904,31.982814553641536],[-106.89050527995221,31.981059532002575],[-106.89133797689809,31.978157644190052],[-106.89069424057223,31.974381199732093],[-106.88953336659517,31.970549083893111]]},"properties":{"fault_name":"Fitzgerald fault","slip_rate":"Less than 0.2 mm/yr","age":"middle and late Quaternary","slip_sense":"Normal","fault_id":"2065"}},{"type":"Feature","geometry":{"type":"LineString","coordinates":[[-106.88953336659517,31.970549083893111],[-106.88913835311024,31.969893587988068],[-106.88813881206664,31.967248111210235],[-106.8871314979009,31.964890960187429],[-106.88585750177506,31.962414924795151],[-106.88497965909627,31.961263296156488],[-106.88384290129135,31.959251136908513],[-106.88290448161969,31.957063426318584],[-106.88202718242164,31.955107929061725],[-106.88108822106585,31.953667975211669],[-106.8791430738283,31.950790290273861],[-106.87766239961012,31.94831648082943],[-106.8767928780258,31.946361539808901],[-106.87491606473361,31.943368858020875],[-106.87397709798795,31.941640579972422],[-106.87269532694333,31.93928176472415],[-106.87175692074641,31.937900698316952],[-106.87021569738312,31.935827435997201],[-106.86947564369248,31.934906354277288],[-106.86765995895875,31.932661431836923]]},"properties":{"fault_name":"Fitzgerald fault","slip_rate":"Less than 0.2 mm/yr","age":"middle and late Quaternary","slip_sense":"Normal","fault_id":"2065"}},{"type":"Feature","geometry":{"type":"LineString","coordinates":[[-106.85122202893444,32.183037663786834],[-106.85012920323851,32.18139886764795],[-106.84969886170839,32.178924334649317],[-106.84960528330691,32.177541218239234],[-106.84986787074594,32.175864875952406],[-106.85056841293711,32.173432739089378],[-106.85100926385773,32.171619394141956],[-106.85144259228618,32.169402372650133],[-106.85135155072707,32.166942481111214],[-106.85033012492651,32.164283661281097],[-106.84985889028806,32.162040410765336],[-106.84980083306955,32.160137671152448],[-106.8497187162728,32.159369680097662],[-106.84999276621484,32.15830846301791],[-106.85095404531553,32.156526537948686],[-106.85089833898813,32.155951118874697],[-106.84987867029227,32.153397921991868],[-106.84914580671719,32.150696578782593],[-106.84914102318831,32.146997993038575],[-106.84934274707186,32.143933297038757],[-106.84941142058041,32.141352211734933]]},"properties":{"fault_name":"Fitzgerald fault","slip_rate":"Less than 0.2 mm/yr","age":"middle and late Quaternary","slip_sense":"Normal","fault_id":"2065"}},{"type":"Feature","geometry":{"type":"LineString","coordinates":[[-106.89221311385124,32.070568320934818],[-106.89292461638719,32.069094630884095],[-106.89332266438116,32.068004087255694],[-106.89374257377588,32.065962615342677],[-106.89388148296322,32.064306245350707],[-106.89360367357173,32.062961293085905],[-106.89260674033738,32.061419716825505]]},"properties":{"fault_name":"Fitzgerald fault","slip_rate":"Less than 0.2 mm/yr","age":"middle and late Quaternary","slip_sense":"Normal","fault_id":"2065"}},{"type":"Feature","geometry":{"type":"LineString","coordinates":[[-106.89260674033738,32.061419716825505],[-106.89152008876238,32.05986068880636],[-106.88974983542583,32.058655740194169],[-106.88861719909141,32.057773308651825]]},"properties":{"fault_name":"Fitzgerald fault","slip_rate":"Less than 0.2 mm/yr","age":"middle and late Quaternary","slip_sense":"Normal","fault_id":"2065"}},{"type":"Feature","geometry":{"type":"LineString","coordinates":[[-106.89221311385124,32.070568320934818],[-106.89078666104527,32.069545678904994],[-106.88885609795639,32.067240878634216],[-106.88772435993728,32.064732085251208],[-106.88720699591063,32.062706901253911],[-106.88709541886415,32.060845764260137],[-106.88776945895779,32.059161081665515],[-106.88861719909141,32.057773308651825]]},"properties":{"fault_name":"Fitzgerald fault","slip_rate":"Less than 0.2 mm/yr","age":"middle and late Quaternary","slip_sense":"Normal","fault_id":"2065"}},{"type":"Feature","geometry":{"type":"LineString","coordinates":[[-106.86808639730899,32.102135323357615],[-106.86880519865659,32.101673679103271],[-106.86934458039086,32.101065103071576],[-106.86988347164495,32.100435121215469],[-106.87028587287479,32.099336264053882],[-106.87039246067819,32.09849929811201],[-106.87077266184241,32.097529301246581],[-106.87145602824536,32.096618522804945],[-106.87232469643016,32.096111561916764],[-106.87295827011521,32.095223024680635],[-106.8733626323673,32.094209797688116],[-106.87348602764968,32.093008491245591],[-106.87390180389578,32.091395444912749],[-106.87468636641377,32.089412221038707],[-106.87515683838261,32.087991004697585],[-106.87578011737449,32.086652917304455],[-106.87660795802793,32.085461341920713],[-106.87771333318841,32.084307996189608],[-106.87832127614178,32.083398468144487],[-106.87940297979621,32.08230975971815],[-106.88032305227651,32.080752594894918],[-106.88112281069586,32.079432994990206],[-106.88260236381659,32.078144949909657],[-106.88399507679878,32.077457974963487],[-106.88543611195675,32.07668453663338],[-106.88664695741642,32.076370870375733],[-106.88761839017478,32.07591673517183],[-106.88847414417904,32.075293512057065],[-106.89053952283254,32.072976299782319],[-106.89192494418957,32.07116519076046],[-106.89221311385124,32.070568320934818]]},"properties":{"fault_name":"Fitzgerald fault","slip_rate":"Less than 0.2 mm/yr","age":"middle and late Quaternary","slip_sense":"Normal","fault_id":"2065"}},{"type":"Feature","geometry":{"type":"LineString","coordinates":[[-106.88823233926414,32.048741660334585],[-106.88785730700606,32.047379351855724],[-106.88774340961119,32.045783081956912],[-106.88703748920641,32.044561065981405],[-106.88657094107876,32.043124584312082],[-106.88662666357585,32.041220178898143],[-106.88764491203523,32.038629094752899],[-106.88878314038227,32.036320931803857],[-106.88970211242636,32.034911961889946],[-106.89038223680942,32.032975192286081],[-106.89066109812812,32.029543449952136],[-106.89052488119171,32.027947657299059],[-106.88978878637654,32.025698547755091],[-106.88920110761936,32.023179821014743],[-106.88921020575656,32.022420901234732],[-106.88989591316911,32.021379083100094],[-106.89065602264677,32.020602251309256],[-106.89176057674709,32.019361583783265],[-106.89216672035839,32.017906658364474],[-106.89216913233493,32.015833261904127],[-106.89175708769054,32.013632005142654],[-106.89120226930643,32.011359010810331],[-106.89082866357302,32.009977006142648]]},"properties":{"fault_name":"Fitzgerald fault","slip_rate":"Less than 0.2 mm/yr","age":"middle and late Quaternary","slip_sense":"Normal","fault_id":"2065"}},{"type":"Feature","geometry":{"type":"LineString","coordinates":[[-106.88861719909141,32.057773308651825],[-106.88829382804701,32.05752137292842],[-106.88755694630765,32.055652091321029],[-106.8875524771891,32.054556676115496],[-106.88777328039102,32.053500089842288],[-106.88802923377166,32.052069816683385],[-106.8882597495584,32.050434935258146],[-106.88823233926414,32.048741660334585]]},"properties":{"fault_name":"Fitzgerald fault","slip_rate":"Less than 0.2 mm/yr","age":"middle and late Quaternary","slip_sense":"Normal","fault_id":"2065"}},{"type":"Feature","geometry":{"type":"LineString","coordinates":[[-106.85952383298886,32.108295005266847],[-106.85952253671991,32.108055156661983],[-106.85988540309408,32.105887257700203],[-106.86059097315588,32.104571445029315],[-106.86144404658734,32.103314416972999],[-106.86204365586983,32.102040966720217],[-106.86333545390966,32.10024206826305],[-106.86457353898368,32.098294151873965],[-106.86501039509623,32.097601616303628],[-106.86600000885763,32.095786314196197],[-106.86739776498185,32.094221226087022],[-106.86923482782271,32.092070638332963],[-106.87079876868121,32.090074487200674]]},"properties":{"fault_name":"Fitzgerald fault","slip_rate":"Less than 0.2 mm/yr","age":"middle and late Quaternary","slip_sense":"Normal","fault_id":"2065"}},{"type":"Feature","geometry":{"type":"LineString","coordinates":[[-106.84941142058041,32.141352211734933],[-106.84945453791741,32.139723291246682],[-106.84962266840262,32.138049740819291],[-106.84984412917129,32.13652540712966],[-106.85021023397208,32.134677638169563],[-106.85063401510568,32.132417102894152],[-106.85089189357599,32.131385675317219],[-106.851187925293,32.129689827672237],[-106.85141947144739,32.128594503282521],[-106.85174894744246,32.12597730397043],[-106.85194984757094,32.124582555788265],[-106.8524997809165,32.123011821635018],[-106.85278673695422,32.12219417101069],[-106.85324350242844,32.121031591075038],[-106.85393411464244,32.120272805897528],[-106.8558931219865,32.118704696216895],[-106.85751491524762,32.116584255971652],[-106.8585274980325,32.11417211084197],[-106.85909435024816,32.112151405921672],[-106.85953307395818,32.110003911858996],[-106.85952383298886,32.108295005266847]]},"properties":{"fault_name":"Fitzgerald fault","slip_rate":"Less than 0.2 mm/yr","age":"middle and late Quaternary","slip_sense":"Normal","fault_id":"2065"}},{"type":"Feature","geometry":{"type":"LineString","coordinates":[[-106.83487921343077,32.141748049091049],[-106.83536777297782,32.14077446210684],[-106.83587993216571,32.138545906288847],[-106.83654321223888,32.136623732327983],[-106.83762756861833,32.135209804865781],[-106.83847547404199,32.134066599171049],[-106.83928095023811,32.131998442363312],[-106.83941425303976,32.131114413229128],[-106.84037913707969,32.128326282727862],[-106.84181575432309,32.126251403005419],[-106.84298962871893,32.124344479229492],[-106.84416240537348,32.122375895705353],[-106.84534985241494,32.12122942890641],[-106.84670709901143,32.120121820788569],[-106.84789858128515,32.119201436328282],[-106.84872264092955,32.117998126669455],[-106.84986178376157,32.116852303330361],[-106.85127210372336,32.116011240217453],[-106.85404774164442,32.114514732035168],[-106.85613574077506,32.112390075816165],[-106.85879386198899,32.109723335931506],[-106.85952383298886,32.108295005266847]]},"properties":{"fault_name":"Fitzgerald fault","slip_rate":"Less than 0.2 mm/yr","age":"middle and late Quaternary","slip_sense":"Normal","fault_id":"2065"}},{"type":"Feature","geometry":{"type":"LineString","coordinates":[[-106.81159650991199,32.163507007109068],[-106.81216108579672,32.162268814689916],[-106.81311985769943,32.160352331902445],[-106.8139759979793,32.159060606799081],[-106.81480071788545,32.158020406308744],[-106.81614778297649,32.156520170187797],[-106.81823255715526,32.154453921225752],[-106.82015322619961,32.152636820947357],[-106.82123806317777,32.15145071414581],[-106.82201255917469,32.150225108769305],[-106.82294668130602,32.148503176010543],[-106.82442876767584,32.146341117122113],[-106.82576446728191,32.144119395320899],[-106.82728723475768,32.141565634293634]]},"properties":{"fault_name":"Fitzgerald fault","slip_rate":"Less than 0.2 mm/yr","age":"middle and late Quaternary","slip_sense":"Normal","fault_id":"2065"}},{"type":"Feature","geometry":{"type":"LineString","coordinates":[[-107.0758803571552,31.978192030776441],[-107.07793807587424,31.97864590477279],[-107.08009419515119,31.97913462604637],[-107.08231487365266,31.979644537770515]]},"properties":{"fault_name":"East Potrillo fault","slip_rate":"Less than 0.2 mm/yr","age":"late Quaternary","slip_sense":"Normal","fault_id":"2066"}},{"type":"Feature","geometry":{"type":"LineString","coordinates":[[-107.02756634258618,31.942488745039313],[-107.02845755219643,31.943245215358274],[-107.03053855165437,31.944902866960739],[-107.03280468940079,31.947558646670313],[-107.03526458926244,31.951946999287948],[-107.03800408975624,31.955787440927349],[-107.04327529155405,31.960173752693208],[-107.0488887918993,31.96392975871689],[-107.05340157934039,31.966689112160257],[-107.05597720017693,31.968051833134261]]},"properties":{"fault_name":"East Potrillo fault","slip_rate":"Less than 0.2 mm/yr","age":"late Quaternary","slip_sense":"Normal","fault_id":"2066"}},{"type":"Feature","geometry":{"type":"LineString","coordinates":[[-107.02756634258618,31.942488745039313],[-107.02744145430381,31.943747105963084],[-107.02713057613008,31.945499239182023],[-107.02744635820697,31.948721324315873],[-107.02774654732713,31.950868440216698],[-107.02844482486547,31.952638677270198],[-107.02934308714899,31.954988587219145]]},"properties":{"fault_name":"East Potrillo fault","slip_rate":"Less than 0.2 mm/yr","age":"late Quaternary","slip_sense":"Normal","fault_id":"2066"}},{"type":"Feature","geometry":{"type":"LineString","coordinates":[[-107.01988253003994,31.937086062703084],[-107.02125453056665,31.937674841749406],[-107.02346332435691,31.939332234776067],[-107.0262481861793,31.941369874224542],[-107.02756634258618,31.942488745039313]]},"properties":{"fault_name":"East Potrillo fault","slip_rate":"Less than 0.2 mm/yr","age":"late Quaternary","slip_sense":"Normal","fault_id":"2066"}},{"type":"Feature","geometry":{"type":"LineString","coordinates":[[-107.01089244759466,31.934429196633676],[-107.01141006314954,31.935105642017181],[-107.01254665835943,31.937016703748412],[-107.01368856261261,31.939296250301219],[-107.01387629613394,31.940857665790883]]},"properties":{"fault_name":"East Potrillo fault","slip_rate":"Less than 0.2 mm/yr","age":"late Quaternary","slip_sense":"Normal","fault_id":"2066"}},{"type":"Feature","geometry":{"type":"LineString","coordinates":[[-107.0107100455745,31.933797459699754],[-107.01089244759466,31.934429196633676]]},"properties":{"fault_name":"East Potrillo fault","slip_rate":"Less than 0.2 mm/yr","age":"late Quaternary","slip_sense":"Normal","fault_id":"2066"}},{"type":"Feature","geometry":{"type":"LineString","coordinates":[[-107.00760246398627,31.915616491375715],[-107.00769105943287,31.917997824866035],[-107.00762146784611,31.920194961015298],[-107.00768289644188,31.922151301092939],[-107.00802574475829,31.923850522756304],[-107.00918597015169,31.928963976310399],[-107.01013350233359,31.931800644832872],[-107.0107100455745,31.933797459699754]]},"properties":{"fault_name":"East Potrillo fault","slip_rate":"Less than 0.2 mm/yr","age":"late Quaternary","slip_sense":"Normal","fault_id":"2066"}},{"type":"Feature","geometry":{"type":"LineString","coordinates":[[-106.97691526288919,31.830201675088922],[-106.97730247809915,31.830920605247957],[-106.97776056319852,31.831573087766774],[-106.97860971099216,31.832556351964644],[-106.97937339217138,31.833237529047441],[-106.98000213381852,31.833865721115451]]},"properties":{"fault_name":"East Potrillo fault","slip_rate":"Less than 0.2 mm/yr","age":"late Quaternary","slip_sense":"Normal","fault_id":"2066"}},{"type":"Feature","geometry":{"type":"LineString","coordinates":[[-107.08231487365266,31.979644537770515],[-107.08406954930388,31.980154916802551],[-107.08740008016922,31.980722013647583],[-107.08958219938545,31.980910388075614],[-107.09071778129565,31.980775284044796]]},"properties":{"fault_name":"East Potrillo fault","slip_rate":"Less than 0.2 mm/yr","age":"late Quaternary","slip_sense":"Normal","fault_id":"2066"}},{"type":"Feature","geometry":{"type":"LineString","coordinates":[[-107.05597720017693,31.968051833134261],[-107.05793675459499,31.969939769853042],[-107.05941822741546,31.970912112915546],[-107.06204454467505,31.972120450138174],[-107.06422987806337,31.973108417027468],[-107.06671051104176,31.97451934527869],[-107.06959828925301,31.976136983088292],[-107.07124860222777,31.977163342246079],[-107.07200660874933,31.977335046025125],[-107.07444876239254,31.977875629804533],[-107.0758803571552,31.978192030776441]]},"properties":{"fault_name":"East Potrillo fault","slip_rate":"Less than 0.2 mm/yr","age":"late Quaternary","slip_sense":"Normal","fault_id":"2066"}},{"type":"Feature","geometry":{"type":"LineString","coordinates":[[-107.03421116457316,31.96948770386604],[-107.03536522842202,31.971107292051034],[-107.03701861902495,31.97269676398863],[-107.03868454741431,31.974787587251196],[-107.04154482729639,31.977587677804927],[-107.044209549331,31.979961382212416],[-107.045617336942,31.981139702839858],[-107.04627798944297,31.982016261966884],[-107.04751779658739,31.983871169767689],[-107.04831930582323,31.985003134871146],[-107.04949939835747,31.986486523141725],[-107.05012394217729,31.987263419296301]]},"properties":{"fault_name":"East Potrillo fault","slip_rate":"Less than 0.2 mm/yr","age":"late Quaternary","slip_sense":"Normal","fault_id":"2066"}},{"type":"Feature","geometry":{"type":"LineString","coordinates":[[-107.0107100455745,31.933797459699754],[-107.01300752374459,31.934757017979958],[-107.01620512999901,31.935813051265651],[-107.01988253003994,31.937086062703084]]},"properties":{"fault_name":"East Potrillo fault","slip_rate":"Less than 0.2 mm/yr","age":"late Quaternary","slip_sense":"Normal","fault_id":"2066"}},{"type":"Feature","geometry":{"type":"LineString","coordinates":[[-107.00795832260293,31.909657145852496],[-107.0079866321108,31.910515150898771],[-107.00790403471538,31.912529812352926],[-107.00778175603891,31.914144973151402],[-107.00760246398627,31.915616491375715]]},"properties":{"fault_name":"East Potrillo fault","slip_rate":"Less than 0.2 mm/yr","age":"late Quaternary","slip_sense":"Normal","fault_id":"2066"}},{"type":"Feature","geometry":{"type":"LineString","coordinates":[[-107.07421574030617,32.034529144315236],[-107.0752780367572,32.036306626787692],[-107.07629395139347,32.038795014887057],[-107.0771277029615,32.04084196416342],[-107.07778190196547,32.043197681018448],[-107.07898688771455,32.044971504754898]]},"properties":{"fault_name":"East Potrillo fault","slip_rate":"Less than 0.2 mm/yr","age":"late Quaternary","slip_sense":"Normal","fault_id":"2066"}},{"type":"Feature","geometry":{"type":"LineString","coordinates":[[-107.02934308714899,31.954988587219145],[-107.0297295935882,31.956131345038749],[-107.02991185726775,31.957104220754751],[-107.02970206022474,31.958869632083147],[-107.02948581776953,31.960190723380457],[-107.02932105057674,31.961582950778254],[-107.02923057405796,31.962300650688494],[-107.02955170290743,31.96357310996445],[-107.03050982981978,31.96470988206999],[-107.03144615282358,31.9655028401984],[-107.03187166141747,31.965856760002989],[-107.0328291640007,31.966950534217613],[-107.03371196268493,31.968690168078925],[-107.03421116457316,31.96948770386604]]},"properties":{"fault_name":"East Potrillo fault","slip_rate":"Less than 0.2 mm/yr","age":"late Quaternary","slip_sense":"Normal","fault_id":"2066"}},{"type":"Feature","geometry":{"type":"LineString","coordinates":[[-107.01387629613394,31.940857665790883],[-107.01356868692952,31.942994088365761],[-107.01367005013124,31.943641716664278],[-107.01416234217828,31.946459597629918],[-107.01403446070938,31.949315946052401],[-107.01362909683576,31.951196744100798],[-107.01328433870107,31.953365627035687],[-107.01254252431249,31.957711120071949],[-107.012374042586,31.959627372169791],[-107.0128349753448,31.961293770168677],[-107.01449238590861,31.964035491317834],[-107.01626659362906,31.967048679800474],[-107.01875570760207,31.970070543027138],[-107.02029995199963,31.971896166739256],[-107.02220547365168,31.97442666989226],[-107.02343982892064,31.977177507903797],[-107.02457984132185,31.979914000697086],[-107.02495256760459,31.98128576574943],[-107.02476052037326,31.983372838067897],[-107.02475836711153,31.98553666291599],[-107.02456784072798,31.986934502255366],[-107.0246499907624,31.988712149911454],[-107.02490998656179,31.99008592587715],[-107.02610274983313,31.992677224904202],[-107.02645981578551,31.993424175171565],[-107.027189839786,31.994052277032598],[-107.0277539808861,31.994811562005651],[-107.02840612723966,31.996082174855761],[-107.02880078139849,31.997113402265683],[-107.02957205244356,31.998351795984902],[-107.03032905375032,31.999230428877052],[-107.03088539477882,31.999934754789898],[-107.03137730594021,32.000791007357584],[-107.03175473939503,32.00142544724018],[-107.03253765709776,32.002513435245135]]},"properties":{"fault_name":"East Potrillo fault","slip_rate":"Less than 0.2 mm/yr","age":"late Quaternary","slip_sense":"Normal","fault_id":"2066"}},{"type":"Feature","geometry":{"type":"LineString","coordinates":[[-106.98000213381852,31.833865721115451],[-106.98056277687894,31.834354122040907],[-106.98145818970637,31.834861790002012],[-106.98207826530597,31.835031092932422],[-106.98257949020019,31.835438584682468],[-106.98331688128432,31.836205486756743],[-106.98393360796454,31.83714632689842],[-106.98462184413465,31.838396413230257],[-106.98493133441127,31.839129320715578],[-106.98536571656352,31.839838211637137],[-106.98606581229201,31.840754750110904],[-106.98684523285333,31.841797058004307],[-106.98712864324062,31.84254992229808],[-106.98718310270641,31.843168374675461],[-106.98696091520068,31.843738792012413],[-106.98661626755877,31.844407717320813],[-106.98631148175927,31.845161318829213],[-106.98625570087171,31.845867361327471],[-106.98651146740276,31.846524631072935],[-106.98691762718376,31.847189661252351],[-106.98745734129467,31.848161853958878],[-106.98758630433517,31.849216745800156],[-106.98793664909262,31.850363083892539],[-106.98840608979548,31.851058644242599],[-106.98897805881496,31.852072529944788],[-106.98948851120379,31.85289542103969],[-106.99047842140924,31.853404648855637],[-106.99114330407689,31.853695990051378],[-106.99179597594487,31.854227811908324],[-106.99231558396311,31.854698165695886],[-106.99278109543489,31.855249656110985],[-106.99320996013469,31.855833893146155],[-106.99346693310316,31.856309369193852],[-106.99368159542179,31.857298192205327],[-106.99378238909161,31.858241187073148],[-106.99393248859245,31.859615659855375],[-106.99404680460223,31.860366195840236],[-106.99431512688602,31.861257875120803],[-106.99456163268482,31.862037864727913],[-106.9948962641113,31.862607922740569],[-106.9950869270388,31.863405019937581],[-106.99508824756226,31.86414174177764],[-106.99543073565422,31.86499994209219],[-106.99594599043658,31.865998917987152],[-106.99638227701723,31.866855286789555],[-106.99699092874135,31.86818117735368],[-106.99779188371667,31.869626860940986],[-106.99852186100476,31.871265912694202],[-106.99901008009032,31.872139613901709],[-106.99960143385533,31.873444332197341],[-106.99988245382566,31.874289188958929],[-107.00010166341625,31.874878637665315],[-107.00068135076066,31.875638768790797],[-107.00166421278438,31.876809260068516],[-107.00245521801959,31.877790443905212],[-107.00288128177233,31.878392720732688],[-107.00323705594735,31.879220400791716],[-107.00362728770003,31.879903343928579],[-107.00400149171142,31.880714716161123],[-107.00443270370903,31.881557252952046],[-107.00461608040126,31.882227369208358],[-107.00462980396385,31.882868059932623],[-107.00486812970367,31.883473235694183],[-107.00524061883118,31.884204523272484],[-107.00572849476031,31.885062205701502],[-107.0064645509479,31.886108329178292],[-107.00722991916325,31.886769456831946],[-107.00776862805934,31.88736999537991],[-107.00815851755391,31.888036922267293],[-107.00856580921214,31.888639489061706],[-107.00906937242108,31.889352728271117],[-107.00974944919342,31.890415737003526],[-107.01043021138037,31.891510781211139],[-107.01069074167738,31.892275840999815],[-107.01088609111569,31.893434478276106],[-107.0110041692699,31.89445713019601],[-107.01078501896812,31.895497175914247],[-107.00998933800184,31.897338960209748],[-107.00923052119988,31.899068684068119],[-107.00860252964601,31.900733914981789],[-107.00803022914816,31.902302993782317],[-107.00775494671757,31.903359260938686],[-107.00760908097668,31.904095255279636],[-107.0074862731925,31.905614496699002],[-107.00753388569919,31.907452762091154],[-107.00780470260453,31.908986349215027],[-107.00795832260293,31.909657145852496]]},"properties":{"fault_name":"East Potrillo fault","slip_rate":"Less than 0.2 mm/yr","age":"late Quaternary","slip_sense":"Normal","fault_id":"2066"}},{"type":"Feature","geometry":{"type":"LineString","coordinates":[[-106.97639038984511,31.826730241235964],[-106.97645069734338,31.82753260196289],[-106.97660368492782,31.828504478219315],[-106.97677103477706,31.829540346228342],[-106.97691526288919,31.830201675088922]]},"properties":{"fault_name":"East Potrillo fault","slip_rate":"Less than 0.2 mm/yr","age":"late Quaternary","slip_sense":"Normal","fault_id":"2066"}},{"type":"Feature","geometry":{"type":"LineString","coordinates":[[-106.97592735682514,31.823686404627356],[-106.97613128966601,31.824667653851623],[-106.97633779977342,31.825756283974467],[-106.97639038984511,31.826730241235964]]},"properties":{"fault_name":"East Potrillo fault","slip_rate":"Less than 0.2 mm/yr","age":"late Quaternary","slip_sense":"Normal","fault_id":"2066"}},{"type":"Feature","geometry":{"type":"LineString","coordinates":[[-106.9731496860166,31.79874089592257],[-106.97417059528586,31.800664597059651],[-106.97448658756851,31.801162768038889],[-106.97513149170423,31.801904343941281],[-106.97569155894453,31.802342133689507],[-106.97611202080317,31.803137084081264],[-106.97607028507507,31.804216076168721],[-106.97572628601679,31.805269760233902],[-106.97540891931176,31.805968855378367],[-106.97493061313536,31.8069451421118],[-106.97444650923212,31.80833990614007],[-106.97436611270913,31.809387596333099],[-106.9744240333837,31.810641313651452],[-106.97446391139577,31.811316195019572],[-106.97459413926423,31.812471727707088],[-106.97464974138705,31.813642930674067],[-106.97485640420804,31.815904807027536],[-106.97518565472599,31.817548728639675],[-106.97543981956089,31.819029155076972],[-106.97557894344557,31.820181844891803],[-106.97557927582223,31.821397521161309],[-106.9755163964473,31.822254339977441],[-106.97560067908219,31.822732817066044],[-106.97577893268233,31.823419411117225],[-106.97592735682514,31.823686404627356]]},"properties":{"fault_name":"East Potrillo fault","slip_rate":"Less than 0.2 mm/yr","age":"late Quaternary","slip_sense":"Normal","fault_id":"2066"}},{"type":"Feature","geometry":{"type":"LineString","coordinates":[[-106.95799036856037,31.761971218626726],[-106.95927688899789,31.764426346668785],[-106.9598600609073,31.766834999065107],[-106.96008672202316,31.768474155703615],[-106.96093926724524,31.770635989801264],[-106.9620389461885,31.772343563922266],[-106.96381750265324,31.774118168050503],[-106.96522880716853,31.776221804781247],[-106.96536986961762,31.776772148876603],[-106.96546082404012,31.779174489835608],[-106.96594456322735,31.781841091037471],[-106.96623731519531,31.783308411106979],[-106.96635664470271,31.784570783335671],[-106.9672493688725,31.787045593039995],[-106.96902603438355,31.791498046291181],[-106.9709074892708,31.795016738934866],[-106.9731496860166,31.79874089592257]]},"properties":{"fault_name":"East Potrillo fault","slip_rate":"Less than 0.2 mm/yr","age":"late Quaternary","slip_sense":"Normal","fault_id":"2066"}},{"type":"Feature","geometry":{"type":"LineString","coordinates":[[-107.07771401538113,32.033831148351098],[-107.07705293618039,32.032682851663807],[-107.07621590127002,32.030774575856967],[-107.07564490692261,32.028531828644375],[-107.0750762823309,32.025751996134495],[-107.07479744616504,32.02307936607523]]},"properties":{"fault_name":"East Potrillo fault","slip_rate":"Less than 0.2 mm/yr","age":"late Quaternary","slip_sense":"Normal","fault_id":"2066"}},{"type":"Feature","geometry":{"type":"LineString","coordinates":[[-107.08154986476345,32.042046663819065],[-107.08066997482413,32.040041451648577],[-107.07944669398597,32.037071714704297],[-107.07888356169393,32.035950601363282],[-107.07791353929058,32.034089642867215],[-107.07771401538113,32.033831148351098]]},"properties":{"fault_name":"East Potrillo fault","slip_rate":"Less than 0.2 mm/yr","age":"late Quaternary","slip_sense":"Normal","fault_id":"2066"}},{"type":"Feature","geometry":{"type":"LineString","coordinates":[[-107.07479744616504,32.02307936607523],[-107.07473184399646,32.02166156693167],[-107.07480832476311,32.020604767017161],[-107.07490977869467,32.017803128888346],[-107.07491749791792,32.016221036939925],[-107.07528634886852,32.012965466107083],[-107.07569679630836,32.010742985828585]]},"properties":{"fault_name":"East Potrillo fault","slip_rate":"Less than 0.2 mm/yr","age":"late Quaternary","slip_sense":"Normal","fault_id":"2066"}},{"type":"Feature","geometry":{"type":"LineString","coordinates":[[-106.7455692253132,31.875014976053855],[-106.74458886240262,31.874351135992914],[-106.7417883133004,31.872544656142132],[-106.73925989533879,31.871234117283816],[-106.73800719198012,31.870653593931884]]},"properties":{"fault_name":"Mastodon fault","slip_rate":"Less than 0.2 mm/yr","age":"middle and late Quaternary","slip_sense":"Normal","fault_id":"2067"}},{"type":"Feature","geometry":{"type":"LineString","coordinates":[[-106.75987210065564,31.880878100238117],[-106.75912957210642,31.880454051941502],[-106.75819046881682,31.880006520120407],[-106.75693901770967,31.879593035827316],[-106.75566909634196,31.879462764773571],[-106.75437989443333,31.879399168919452],[-106.7531881534448,31.87928537136332],[-106.75209459382525,31.879015675148121],[-106.75121416938833,31.878890244127916],[-106.75005999235174,31.878376589308861],[-106.74855284927369,31.877480651988911],[-106.74769105589577,31.876816395639178],[-106.7455692253132,31.875014976053855]]},"properties":{"fault_name":"Mastodon fault","slip_rate":"Less than 0.2 mm/yr","age":"middle and late Quaternary","slip_sense":"Normal","fault_id":"2067"}},{"type":"Feature","geometry":{"type":"LineString","coordinates":[[-106.73800719198012,31.870653593931884],[-106.73712405732599,31.870038223345979],[-106.73650492136417,31.869566692856793],[-106.73594407977612,31.868797556690506],[-106.73589251827545,31.868446194340684],[-106.73586383866167,31.867204582362159],[-106.73588800513946,31.866369930351894],[-106.73568762064396,31.865221845017299],[-106.73524379809638,31.863876027290672],[-106.73453040999665,31.862145457849547],[-106.73310343976109,31.860556735800792],[-106.73209301472951,31.860073290258143],[-106.73132230602981,31.859622864662398],[-106.73057331140717,31.859172072160511],[-106.72954280184247,31.857905460934994],[-106.72786930065527,31.85473344770325],[-106.72607162534638,31.851004434904521],[-106.7249002536569,31.847618985144486],[-106.72437946525241,31.844941208984007],[-106.72383392556688,31.842113486160084],[-106.72371008202519,31.841406573199478],[-106.72306112019932,31.839970750276006],[-106.72218622309634,31.838620265926718],[-106.72113688663991,31.836755542328145],[-106.71799083469963,31.832139743204781],[-106.71555478780373,31.829303327170617],[-106.71353571730316,31.826543156095095],[-106.71263786914299,31.825152471840511],[-106.71194196944521,31.823335790916573],[-106.71120833062405,31.822137395072058],[-106.70965136338708,31.820120314107442],[-106.70848539326742,31.81806019037769],[-106.70701840039101,31.815840998637981],[-106.70636117765778,31.815095637720155],[-106.70569978225006,31.814611996682832],[-106.70448203862733,31.814050489359026],[-106.70370762886867,31.813660719987162],[-106.7030168432798,31.813271926073661],[-106.70166769499562,31.812209149167874],[-106.69957618435052,31.810495207246092],[-106.69803457201672,31.809263610372543],[-106.69691524691821,31.807775158956424],[-106.69609684935502,31.806647168086975],[-106.69525152658781,31.805721952832524],[-106.693032043744,31.804455497261152],[-106.69164288629366,31.803795314674144],[-106.68950913686392,31.802410370262564],[-106.68809596385282,31.801487174684009],[-106.68639016823116,31.799557547016359],[-106.68575856994141,31.798762365797359],[-106.68521126506634,31.797944224981705],[-106.68430025029906,31.797122089950438],[-106.68216433862445,31.795880438099093],[-106.68010803834522,31.7949262946956],[-106.67855065428996,31.794288151717307],[-106.67688299933864,31.794305979115649],[-106.67483873019603,31.793989671128148],[-106.67390915713329,31.793328857922845],[-106.67266916313928,31.791636551911871],[-106.67155317797697,31.79012934619724],[-106.67059221238831,31.788860132739067],[-106.66894928895508,31.786718347105467],[-106.66758563377738,31.785343543865249],[-106.66665582176275,31.784338843653451]]},"properties":{"fault_name":"Mastodon fault","slip_rate":"Less than 0.2 mm/yr","age":"middle and late Quaternary","slip_sense":"Normal","fault_id":"2067"}},{"type":"Feature","geometry":{"type":"LineString","coordinates":[[-106.66665582176275,31.784338843653451],[-106.6665062899972,31.783684663634599],[-106.66635405070937,31.780676498934106],[-106.6658971100637,31.778100903025464],[-106.66549117755646,31.776550076045464],[-106.66394658910411,31.773719349317084],[-106.66206292256463,31.77168527508945],[-106.66049623825126,31.770243733189329],[-106.65931766027659,31.768864965678773],[-106.6589579856166,31.767942089622725],[-106.6589523540781,31.764238156221438],[-106.65983596124606,31.760394220080418]]},"properties":{"fault_name":"Mastodon fault","slip_rate":"Less than 0.2 mm/yr","age":"middle and late Quaternary","slip_sense":"Normal","fault_id":"2067"}},{"type":"Feature","geometry":{"type":"LineString","coordinates":[[-106.678109107175,31.827309188714473],[-106.67826744871856,31.827793038015191],[-106.67928120200824,31.830867005334412],[-106.67980535370516,31.833396470762711],[-106.68052926287352,31.835899967003627],[-106.68111695959701,31.836824192295982]]},"properties":{"fault_name":"unnamed fault southeast of Strauss","slip_rate":"Less than 0.2 mm/yr","age":"class B","slip_sense":"Normal","fault_id":"2068"}},{"type":"Feature","geometry":{"type":"LineString","coordinates":[[-106.63568400024766,31.804572070625177],[-106.63754375093936,31.804684440380775],[-106.64275727999758,31.804454475785406],[-106.64803716041936,31.804139382043289],[-106.65118267426877,31.804086790353047],[-106.65574170428573,31.8044185172363],[-106.65883048862663,31.804955628904594],[-106.66097079306302,31.805585567740884]]},"properties":{"fault_name":"unnamed fault southeast of Strauss","slip_rate":"Less than 0.2 mm/yr","age":"class B","slip_sense":"Normal","fault_id":"2068"}},{"type":"Feature","geometry":{"type":"LineString","coordinates":[[-106.68111695959701,31.836824192295982],[-106.68187849110775,31.83716581506593],[-106.68241005570241,31.837280236992886],[-106.68377262302032,31.837452829293508],[-106.68433723304101,31.837624065898062],[-106.68616211831987,31.838677219205522],[-106.68894814795213,31.84058339797765],[-106.69040628523648,31.841919726622738],[-106.69159894430325,31.843113704357165],[-106.69295662388768,31.844648520728185],[-106.69381669878845,31.845870312968827],[-106.6948422020421,31.847319426215751],[-106.69526994923766,31.84856886497565],[-106.69543170976918,31.849817852629375],[-106.69546261630653,31.85047064103944],[-106.6953611399171,31.850952925969708],[-106.69448935457827,31.852994793226099],[-106.69385285238538,31.854327564170109],[-106.69211630563493,31.856453102626979],[-106.69028042407865,31.85846495422518],[-106.68944555231147,31.859485210252441]]},"properties":{"fault_name":"unnamed fault southeast of Strauss","slip_rate":"Less than 0.2 mm/yr","age":"class B","slip_sense":"Normal","fault_id":"2068"}},{"type":"Feature","geometry":{"type":"LineString","coordinates":[[-106.66097079306302,31.805585567740884],[-106.66249662918381,31.806211440122851],[-106.66475082832011,31.807858868061381],[-106.66663937540653,31.809760879226467],[-106.66825372432891,31.810923979685946],[-106.66904409984512,31.811358658679332],[-106.67012705215778,31.812193735948611],[-106.67074633274835,31.812938236309698],[-106.67148663886556,31.814421299230457],[-106.67186793507612,31.815503173201034],[-106.6737416860115,31.818814193296554],[-106.67608093135071,31.822102406677384],[-106.67695319369494,31.823643744367789],[-106.67765254022848,31.825608281883419],[-106.678109107175,31.827309188714473]]},"properties":{"fault_name":"unnamed fault southeast of Strauss","slip_rate":"Less than 0.2 mm/yr","age":"class B","slip_sense":"Normal","fault_id":"2068"}},{"type":"Feature","geometry":{"type":"LineString","coordinates":[[-106.62593210332231,31.804631519197585],[-106.63008305385851,31.804515633762843],[-106.63353654342501,31.804286700913053],[-106.63568400024766,31.804572070625177]]},"properties":{"fault_name":"unnamed fault southeast of Strauss","slip_rate":"Less than 0.2 mm/yr","age":"class B","slip_sense":"Normal","fault_id":"2068"}},{"type":"Feature","geometry":{"type":"LineString","coordinates":[[-106.72437512189801,31.90491665612964],[-106.72461005290437,31.906161257051473],[-106.72465020939421,31.9073593426385],[-106.7246343047221,31.908463860845703],[-106.72498230308003,31.910129579864368],[-106.72512839609468,31.910927402837707],[-106.72522213888782,31.911984097925266],[-106.72514918311033,31.912901064317019]]},"properties":{"fault_name":"unnamed fault north of Strauss","slip_rate":"Less than 0.2 mm/yr","age":"middle and late Quaternary","slip_sense":"Normal","fault_id":"2069"}},{"type":"Feature","geometry":{"type":"LineString","coordinates":[[-106.72514918311033,31.912901064317019],[-106.72480023523316,31.914289644240231],[-106.72435167856403,31.916149357308157],[-106.72444864002088,31.917511498874294],[-106.72424196462345,31.918805440108038],[-106.72433471837147,31.919768149868524],[-106.72462071590679,31.920776398119763],[-106.72476779796658,31.921668204750691],[-106.72534878427489,31.922280287997122],[-106.72570413714003,31.922822558332964],[-106.72602622359359,31.924399141837768],[-106.72588477486894,31.925056822737506],[-106.7254350656613,31.926630080368614],[-106.72490084923993,31.928532118313246],[-106.72463890499466,31.931046599245636],[-106.72438305222532,31.932456119083774],[-106.72420872516129,31.934077583097693]]},"properties":{"fault_name":"unnamed fault north of Strauss","slip_rate":"Less than 0.2 mm/yr","age":"middle and late Quaternary","slip_sense":"Normal","fault_id":"2069"}},{"type":"Feature","geometry":{"type":"LineString","coordinates":[[-106.72232096230411,31.878985822258862],[-106.72196706830299,31.880354459155257],[-106.72132193689349,31.883419621318009],[-106.72101077395379,31.885445409620868],[-106.72089881871656,31.887749809970927],[-106.72093791339775,31.889440810859796],[-106.72150654607427,31.891404900351105],[-106.72216954497476,31.89268605126783],[-106.72249461024181,31.893643918133623],[-106.72266319707116,31.89498032500882],[-106.72273888642205,31.895871876782387],[-106.72239572189868,31.897388794336894],[-106.72222450210721,31.899434397072788],[-106.72260325339057,31.901405355186164],[-106.72317054757733,31.902975427673255],[-106.72392811661936,31.904309085624121],[-106.72437512189801,31.90491665612964]]},"properties":{"fault_name":"unnamed fault north of Strauss","slip_rate":"Less than 0.2 mm/yr","age":"middle and late Quaternary","slip_sense":"Normal","fault_id":"2069"}},{"type":"Feature","geometry":{"type":"LineString","coordinates":[[-106.69800106036504,32.038385520088482],[-106.69888981128634,32.03911773922583]]},"properties":{"fault_name":"unnamed fault east of Black Mountain","slip_rate":"Less than 0.2 mm/yr","age":"undifferentiated Quaternary","slip_sense":"Normal","fault_id":"2070"}},{"type":"Feature","geometry":{"type":"LineString","coordinates":[[-106.69007269765237,32.032949792623285],[-106.69112402477546,32.034036335667544],[-106.69265045198769,32.035080390363127]]},"properties":{"fault_name":"unnamed fault east of Black Mountain","slip_rate":"Less than 0.2 mm/yr","age":"undifferentiated Quaternary","slip_sense":"Normal","fault_id":"2070"}},{"type":"Feature","geometry":{"type":"LineString","coordinates":[[-106.69888981128634,32.03911773922583],[-106.70056431679001,32.040599644208683],[-106.70235881924934,32.042123689019519],[-106.70388655890022,32.043361830867887],[-106.70531117105816,32.044498342001688],[-106.70803323435401,32.046003183309971],[-106.7094207505823,32.046878982900729],[-106.71080826681055,32.047754783248095]]},"properties":{"fault_name":"unnamed fault east of Black Mountain","slip_rate":"Less than 0.2 mm/yr","age":"undifferentiated Quaternary","slip_sense":"Normal","fault_id":"2070"}},{"type":"Feature","geometry":{"type":"LineString","coordinates":[[-106.69265045198769,32.035080390363127],[-106.6940817916288,32.035894096879048],[-106.69547481003821,32.036732676957996],[-106.69800106036504,32.038385520088482]]},"properties":{"fault_name":"unnamed fault east of Black Mountain","slip_rate":"Less than 0.2 mm/yr","age":"undifferentiated Quaternary","slip_sense":"Normal","fault_id":"2070"}},{"type":"Feature","geometry":{"type":"LineString","coordinates":[[-106.6880790943901,32.030281923686722],[-106.68929422481366,32.0320343308559],[-106.69007269765237,32.032949792623285]]},"properties":{"fault_name":"unnamed fault east of Black Mountain","slip_rate":"Less than 0.2 mm/yr","age":"undifferentiated Quaternary","slip_sense":"Normal","fault_id":"2070"}},{"type":"Feature","geometry":{"type":"LineString","coordinates":[[-107.04654288734889,31.770146373688281],[-107.048768627857,31.772309331827046],[-107.05095711612859,31.774799470626665],[-107.05147696489531,31.775912908202809],[-107.05288876977224,31.778960454794973],[-107.05350467359565,31.782055595910002],[-107.05361697827752,31.784727521833197]]},"properties":{"fault_name":"Mount Riley fault (zone)","slip_rate":"Less than 0.2 mm/yr","age":"undifferentiated Quaternary","slip_sense":"Normal","fault_id":"2071"}},{"type":"Feature","geometry":{"type":"LineString","coordinates":[[-107.03628029369293,31.75286777766653],[-107.03758354974421,31.755357148778266],[-107.03800466916961,31.756937389281784],[-107.03903779193348,31.760980530676392],[-107.04061431998575,31.764311745133842],[-107.04229272238112,31.766509509265131],[-107.04654288734889,31.770146373688281]]},"properties":{"fault_name":"Mount Riley fault (zone)","slip_rate":"Less than 0.2 mm/yr","age":"undifferentiated Quaternary","slip_sense":"Normal","fault_id":"2071"}},{"type":"Feature","geometry":{"type":"LineString","coordinates":[[-107.04449518125199,31.755137736184828],[-107.04464953068245,31.756428620944405],[-107.04541277617875,31.762941189963218],[-107.04536567571178,31.765598493754162],[-107.04540028690136,31.768106373745162],[-107.04654288734889,31.770146373688281]]},"properties":{"fault_name":"Mount Riley fault (zone)","slip_rate":"Less than 0.2 mm/yr","age":"undifferentiated Quaternary","slip_sense":"Normal","fault_id":"2071"}},{"type":"Feature","geometry":{"type":"LineString","coordinates":[[-106.97789001671916,31.635137074002511],[-106.98155971101158,31.64104742987233],[-106.98423045355523,31.645810047640445],[-106.98642784592791,31.650685448374816],[-106.98929639570051,31.656534700277099],[-106.99289776323413,31.662790600688798],[-106.99757530798651,31.670076461022976],[-107.00191671932926,31.677532325753926],[-107.00345016507883,31.681205550046535],[-107.00672313818897,31.685965956726712],[-107.01146898095409,31.693309063332787],[-107.01621483090577,31.700940492072942],[-107.02256301391454,31.712010153063478],[-107.02643882036071,31.718722169181802],[-107.03038351411442,31.725374741620584],[-107.03325261096103,31.731912880257898],[-107.03733454123901,31.739024884378029],[-107.04034086922,31.745734682836375],[-107.04114149181864,31.748144059221264],[-107.04394168698464,31.75387889613371],[-107.04449518125199,31.755137736184828]]},"properties":{"fault_name":"Mount Riley fault (zone)","slip_rate":"Less than 0.2 mm/yr","age":"undifferentiated Quaternary","slip_sense":"Normal","fault_id":"2071"}},{"type":"Feature","geometry":{"type":"LineString","coordinates":[[-107.13535396283575,31.908915606351894],[-107.13505912767467,31.908197352246908],[-107.13431480608814,31.906809098277261],[-107.13407338924542,31.906400659908407]]},"properties":{"fault_name":"Mount Riley fault (zone)","slip_rate":"Less than 0.2 mm/yr","age":"undifferentiated Quaternary","slip_sense":"Normal","fault_id":"2071"}},{"type":"Feature","geometry":{"type":"LineString","coordinates":[[-107.12579089627469,31.900572410956517],[-107.12534152483359,31.900214444819738],[-107.1246524729932,31.899503659297135],[-107.12354195228279,31.897953237808174],[-107.12308869023821,31.897268479140294],[-107.12268903425989,31.896769653232596]]},"properties":{"fault_name":"Mount Riley fault (zone)","slip_rate":"Less than 0.2 mm/yr","age":"undifferentiated Quaternary","slip_sense":"Normal","fault_id":"2071"}},{"type":"Feature","geometry":{"type":"LineString","coordinates":[[-107.12268903425989,31.896769653232596],[-107.12113306594951,31.895428802250837],[-107.11747125167877,31.893027775195549],[-107.11434278785346,31.890689519297727],[-107.11200825058464,31.889165683203927],[-107.1092159102875,31.887119085747763],[-107.10620190710071,31.88576080622563]]},"properties":{"fault_name":"Mount Riley fault (zone)","slip_rate":"Less than 0.2 mm/yr","age":"undifferentiated Quaternary","slip_sense":"Normal","fault_id":"2071"}},{"type":"Feature","geometry":{"type":"LineString","coordinates":[[-107.09209314331815,31.873364360347896],[-107.09011223594578,31.87260737866303],[-107.08793117135171,31.871618205686676],[-107.08566364391153,31.870456546802231]]},"properties":{"fault_name":"Mount Riley fault (zone)","slip_rate":"Less than 0.2 mm/yr","age":"undifferentiated Quaternary","slip_sense":"Normal","fault_id":"2071"}},{"type":"Feature","geometry":{"type":"LineString","coordinates":[[-107.0809534139575,31.866603733069987],[-107.08032059575561,31.865954620977941],[-107.0791674050692,31.865089527294362],[-107.07795611584179,31.864507656798725],[-107.07725252117527,31.86400860005244],[-107.07643122295204,31.863159854894828],[-107.07578537109367,31.862161033629771],[-107.07506146102705,31.861178943300452],[-107.07418140579769,31.860213653872648],[-107.07365386116393,31.859930973974269],[-107.07267710229428,31.859515456289646],[-107.07207152729997,31.859266163854556],[-107.07168596858341,31.859019743378504]]},"properties":{"fault_name":"Mount Riley fault (zone)","slip_rate":"Less than 0.2 mm/yr","age":"undifferentiated Quaternary","slip_sense":"Normal","fault_id":"2071"}},{"type":"Feature","geometry":{"type":"LineString","coordinates":[[-107.07899980908159,31.844727314841371],[-107.07723441024082,31.841973826068298],[-107.07463772930078,31.836978796867392],[-107.0730573286113,31.832493580827705],[-107.07174988102092,31.82908075699908],[-107.06935241496986,31.824597226348654],[-107.06645137223512,31.819390209685572],[-107.06288561571603,31.814963477858658],[-107.060656735596,31.81179243179216],[-107.05892783261028,31.809388251325171]]},"properties":{"fault_name":"Mount Riley fault (zone)","slip_rate":"Less than 0.2 mm/yr","age":"undifferentiated Quaternary","slip_sense":"Normal","fault_id":"2071"}},{"type":"Feature","geometry":{"type":"LineString","coordinates":[[-107.07416276575555,31.891412882930602],[-107.07180468813473,31.889387222839439],[-107.06927825185663,31.886498764249577]]},"properties":{"fault_name":"Mount Riley fault (zone)","slip_rate":"Less than 0.2 mm/yr","age":"undifferentiated Quaternary","slip_sense":"Normal","fault_id":"2071"}},{"type":"Feature","geometry":{"type":"LineString","coordinates":[[-107.06927825185663,31.886498764249577],[-107.06719371573142,31.883990579869099],[-107.06404455472193,31.880633751348167],[-107.06144995158513,31.877039743908533],[-107.0601337957264,31.874990364183105],[-107.057154397441,31.869935495252896],[-107.05505709356062,31.864858166705748],[-107.05383180768278,31.861672920308521],[-107.05164793585342,31.857321594108591],[-107.05110953328284,31.854163958287284],[-107.05070199458788,31.851443122694157],[-107.04985286925211,31.84879425193791],[-107.0490067811203,31.846255744017466],[-107.04812653275316,31.844490881171996],[-107.04692073582538,31.84298495071134],[-107.04610327789999,31.841486997071897],[-107.04528495310035,31.839957511301911],[-107.0444934115709,31.837386357859256],[-107.04400497509305,31.835755600158148],[-107.04306956477757,31.83332930800368],[-107.04133784198019,31.830539439878599],[-107.0399940656214,31.828720786680652],[-107.03848838320403,31.827063131652249],[-107.03770154255845,31.826006253920792]]},"properties":{"fault_name":"Mount Riley fault (zone)","slip_rate":"Less than 0.2 mm/yr","age":"undifferentiated Quaternary","slip_sense":"Normal","fault_id":"2071"}},{"type":"Feature","geometry":{"type":"LineString","coordinates":[[-107.06914472717109,31.856923319931422],[-107.06842091412251,31.856101706956842],[-107.06723339611413,31.854008779726108],[-107.06528924510825,31.850853029656093],[-107.06319066202694,31.847551339789241],[-107.06177262014698,31.845886836206574],[-107.0608415927118,31.84477081392474],[-107.06020140293467,31.84352942415002]]},"properties":{"fault_name":"Mount Riley fault (zone)","slip_rate":"Less than 0.2 mm/yr","age":"undifferentiated Quaternary","slip_sense":"Normal","fault_id":"2071"}},{"type":"Feature","geometry":{"type":"LineString","coordinates":[[-107.05718018807281,31.840739218792365],[-107.05655782895577,31.839963633984237],[-107.0559171666648,31.838736503876685],[-107.05509994679295,31.83660603993075],[-107.05434873782312,31.834511260713391],[-107.05323545658985,31.831072691179294],[-107.05210634704123,31.828947485280779],[-107.05054433396734,31.826686029930272],[-107.04890215074589,31.823908106987002],[-107.04781941313058,31.82204672931282],[-107.04554191708569,31.818301528161921],[-107.0437269869368,31.816286051904719],[-107.04196893721337,31.814732022075443],[-107.0393443195663,31.812456229797743],[-107.03788449614414,31.810926382046958],[-107.03684136704634,31.810097350041627],[-107.03547274059187,31.809256757374889],[-107.0337222807343,31.807961653840209],[-107.0321294302933,31.80686675928796],[-107.02773719586503,31.803921866258481],[-107.02443478586136,31.801770302371448],[-107.02139225936769,31.80029917015715],[-107.01876098789931,31.798731034788528],[-107.01747703574516,31.797943769179049],[-107.01627361216636,31.796950669810535],[-107.01574757221071,31.796090740140954]]},"properties":{"fault_name":"Mount Riley fault (zone)","slip_rate":"Less than 0.2 mm/yr","age":"undifferentiated Quaternary","slip_sense":"Normal","fault_id":"2071"}},{"type":"Feature","geometry":{"type":"LineString","coordinates":[[-107.04242928067737,31.792049550146221],[-107.04071675936916,31.79094203880333],[-107.04035698409788,31.790743515756755]]},"properties":{"fault_name":"Mount Riley fault (zone)","slip_rate":"Less than 0.2 mm/yr","age":"undifferentiated Quaternary","slip_sense":"Normal","fault_id":"2071"}},{"type":"Feature","geometry":{"type":"LineString","coordinates":[[-107.01574757221071,31.796090740140954],[-107.01523429821357,31.793905128672165],[-107.01447404500547,31.790379582836827],[-107.01393998309432,31.787850535011437],[-107.01363943644466,31.784177550373141],[-107.01361564276773,31.779922119865887],[-107.01370447087798,31.774314545711754],[-107.01377486376195,31.770633018953376],[-107.01353590920144,31.767581603842437],[-107.0121014299484,31.764031308053571],[-107.00876872156684,31.758815802234263],[-107.00461011558777,31.754305544142941],[-107.0009387369542,31.75151061328738],[-106.99958722340585,31.750449359922523]]},"properties":{"fault_name":"Mount Riley fault (zone)","slip_rate":"Less than 0.2 mm/yr","age":"undifferentiated Quaternary","slip_sense":"Normal","fault_id":"2071"}},{"type":"Feature","geometry":{"type":"LineString","coordinates":[[-107.01574757221071,31.796090740140954],[-107.01427214325548,31.794803133776028],[-107.01215059115066,31.792418028682828],[-107.00764840921981,31.78810343427898],[-107.00297847229955,31.784042488882918],[-106.99930835130736,31.779509404222814],[-106.99685698544091,31.776548538787232],[-106.98825718595229,31.767208433188646],[-106.98436014602775,31.761723136142766],[-106.98100207461243,31.757101641764635],[-106.97747508578773,31.752510203069672]]},"properties":{"fault_name":"Mount Riley fault (zone)","slip_rate":"Less than 0.2 mm/yr","age":"undifferentiated Quaternary","slip_sense":"Normal","fault_id":"2071"}},{"type":"Feature","geometry":{"type":"LineString","coordinates":[[-106.99958722340585,31.750449359922523],[-106.99844596324473,31.748954851950916],[-106.99289890499283,31.741035691181278],[-106.98902307698712,31.735413113297479],[-106.98481109491048,31.727724481834791],[-106.9806074491997,31.72015307273999],[-106.97633436731071,31.713212199150725],[-106.97118402664786,31.706496886910685],[-106.96677429932606,31.701100972726376],[-106.96337127890888,31.69513506180591],[-106.95942656718886,31.689050827048792],[-106.95616077610941,31.68285603033549],[-106.95088875594638,31.67459186864718],[-106.94735628560181,31.668051526807947],[-106.94408272858674,31.662483936262944],[-106.94014580975181,31.656685802765079],[-106.93633835701392,31.652038192121822],[-106.9329353752243,31.648131665935804],[-106.92892237267806,31.64451402909728]]},"properties":{"fault_name":"Mount Riley fault (zone)","slip_rate":"Less than 0.2 mm/yr","age":"undifferentiated Quaternary","slip_sense":"Normal","fault_id":"2071"}},{"type":"Feature","geometry":{"type":"LineString","coordinates":[[-106.97747508578773,31.752510203069672],[-106.97499272714568,31.749897562948469],[-106.97231644469167,31.747156019186999],[-106.96872277661838,31.743365533921402]]},"properties":{"fault_name":"Mount Riley fault (zone)","slip_rate":"Less than 0.2 mm/yr","age":"undifferentiated Quaternary","slip_sense":"Normal","fault_id":"2071"}},{"type":"Feature","geometry":{"type":"LineString","coordinates":[[-106.96872277661838,31.743365533921402],[-106.96799547810645,31.742489284716747],[-106.96244844770234,31.735888419279657],[-106.9570925437564,31.729460878375846],[-106.95161384729765,31.721999477997219],[-106.94686854531831,31.716315797183253],[-106.94232879943553,31.709716581823137],[-106.93865077686213,31.704263438297023],[-106.93398158105197,31.697376452873741],[-106.92910569816631,31.689457275853506],[-106.92564933578754,31.682055288954917],[-106.92184241844558,31.675858276228539],[-106.91690598461817,31.667935763984545],[-106.91177065929531,31.660188249343484],[-106.90475912614475,31.65123134121125]]},"properties":{"fault_name":"Mount Riley fault (zone)","slip_rate":"Less than 0.2 mm/yr","age":"undifferentiated Quaternary","slip_sense":"Normal","fault_id":"2071"}},{"type":"Feature","geometry":{"type":"LineString","coordinates":[[-107.13407338924542,31.906400659908407],[-107.13356243559664,31.905593699894176],[-107.13314444590168,31.90487737517735],[-107.1324828411865,31.903857575267509],[-107.13128085042059,31.902910505844694],[-107.12976097372339,31.902232117660443],[-107.1286989548518,31.901760291339713],[-107.12687098565655,31.901043868149653],[-107.12579089627469,31.900572410956517]]},"properties":{"fault_name":"Mount Riley fault (zone)","slip_rate":"Less than 0.2 mm/yr","age":"undifferentiated Quaternary","slip_sense":"Normal","fault_id":"2071"}},{"type":"Feature","geometry":{"type":"LineString","coordinates":[[-107.07168596858341,31.859019743378504],[-107.07137321472736,31.858770177980148],[-107.07086469910627,31.858187654914907],[-107.07008263480307,31.857455472627198],[-107.06945740017879,31.857122913127117],[-107.06914472717109,31.856923319931422]]},"properties":{"fault_name":"Mount Riley fault (zone)","slip_rate":"Less than 0.2 mm/yr","age":"undifferentiated Quaternary","slip_sense":"Normal","fault_id":"2071"}},{"type":"Feature","geometry":{"type":"LineString","coordinates":[[-107.06020140293467,31.84352942415002],[-107.05957821287599,31.842649807000136],[-107.05849890502842,31.841720685841871],[-107.05731192421257,31.840829969977296],[-107.05718018807281,31.840739218792365]]},"properties":{"fault_name":"Mount Riley fault (zone)","slip_rate":"Less than 0.2 mm/yr","age":"undifferentiated Quaternary","slip_sense":"Normal","fault_id":"2071"}},{"type":"Feature","geometry":{"type":"LineString","coordinates":[[-107.05892783261028,31.809388251325171],[-107.0576532157486,31.807208588346011],[-107.05525129495201,31.804189881122884],[-107.05321608891231,31.802347960356858],[-107.05037619719391,31.799746587112629],[-107.04835467878419,31.79748383029581],[-107.04683596181204,31.796114879076814],[-107.04418417461918,31.793424685819566],[-107.04242928067737,31.792049550146221]]},"properties":{"fault_name":"Mount Riley fault (zone)","slip_rate":"Less than 0.2 mm/yr","age":"undifferentiated Quaternary","slip_sense":"Normal","fault_id":"2071"}},{"type":"Feature","geometry":{"type":"LineString","coordinates":[[-107.13852892974839,31.914718538092416],[-107.13802110044017,31.914384111228888],[-107.13743798332801,31.913727398678667],[-107.13657955683576,31.912565409257571],[-107.13591854321204,31.911325072967024],[-107.13572948018408,31.910434804796346],[-107.13550269599902,31.909375708132725],[-107.13535396283575,31.908915606351894]]},"properties":{"fault_name":"Mount Riley fault (zone)","slip_rate":"Less than 0.2 mm/yr","age":"undifferentiated Quaternary","slip_sense":"Normal","fault_id":"2071"}},{"type":"Feature","geometry":{"type":"LineString","coordinates":[[-107.08566364391153,31.870456546802231],[-107.08482735819611,31.869946174994595],[-107.08293678900195,31.868894690930066],[-107.08210012868906,31.868151897712558],[-107.08140854180294,31.867269486640861],[-107.0809534139575,31.866603733069987]]},"properties":{"fault_name":"Mount Riley fault (zone)","slip_rate":"Less than 0.2 mm/yr","age":"undifferentiated Quaternary","slip_sense":"Normal","fault_id":"2071"}},{"type":"Feature","geometry":{"type":"LineString","coordinates":[[-107.2741881659916,31.635062506821498],[-107.27431807495812,31.629272109044084],[-107.2744473964264,31.621707866710526],[-107.27350893992381,31.615745810264613],[-107.27202879032177,31.609039331061286],[-107.27095250171186,31.599983469362549],[-107.26967843911071,31.591557032668728],[-107.26578707204719,31.582217296758277],[-107.26183516661835,31.574138083651217],[-107.25781384567257,31.567834376650872],[-107.25506701762099,31.562617857793512],[-107.24936786920161,31.556775815283203],[-107.24381313484564,31.551677652987976],[-107.23557330107113,31.546465064318692],[-107.22747073526192,31.543604079780955],[-107.21695695199125,31.539652584154521],[-107.20624482699407,31.535643311659268],[-107.18950527144347,31.532091843073644],[-107.17879314824292,31.528140347174574],[-107.16519707006098,31.526362699891262],[-107.15797121505331,31.524070029304024],[-107.15140983128485,31.522004567850022],[-107.14679409421727,31.521027955357585],[-107.13862267164323,31.520110807347727],[-107.13112238311288,31.519134213347392],[-107.12757501690429,31.518272035077317],[-107.12520214762399,31.517932613373471]]},"properties":{"fault_name":"Camel Mountain fault","slip_rate":"Less than 0.2 mm/yr","age":"undifferentiated Quaternary","slip_sense":"Normal","fault_id":"2073"}},{"type":"Feature","geometry":{"type":"LineString","coordinates":[[-107.12520214762399,31.517932613373471],[-107.11948737031531,31.509960088173454],[-107.11541267866188,31.503708059282694],[-107.10933179655241,31.496654950268827],[-107.1033809330039,31.490057378638035],[-107.09663613840728,31.482430395886112],[-107.08915131796783,31.474745640670626],[-107.08340603297378,31.468951381873541],[-107.07745462324959,31.462640470328424],[-107.06944367481958,31.45466794722012],[-107.0629044399128,31.446293204929653],[-107.05509182961605,31.437859026319916],[-107.04781313031347,31.429710949656481],[-107.04033610725068,31.422482291178977],[-107.03085953767169,31.412667604982875],[-107.02025401035938,31.400388542770447],[-107.01165524662827,31.390001086915714],[-107.00211811622609,31.379270867900484],[-106.99512165231441,31.370949474821821],[-106.98066315912037,31.354819463710694],[-106.97226274070903,31.344830908728717],[-106.96346567298063,31.337022855137558],[-106.9543330431711,31.329496459692095],[-106.9464060252364,31.322777258188268],[-106.93561000387989,31.314387010901648],[-106.92840746823867,31.308583331266696],[-106.92008322157353,31.301516919381111],[-106.91023334180689,31.29192502573601],[-106.89878117300054,31.280607077116525],[-106.89067081520456,31.271818479980944],[-106.88401774219172,31.264063177095942],[-106.87624294557855,31.25401405365935],[-106.8712760283203,31.245060981101069],[-106.86616411129711,31.236907332017811],[-106.8621888972816,31.228643120106543],[-106.85788534274155,31.220491129995821],[-106.85384180556049,31.213258559987121],[-106.84747096344697,31.205101032652031],[-106.83956673397439,31.196369640995631],[-106.83012857186539,31.187687705668147],[-106.82228547634115,31.180615716354382],[-106.81551020190696,31.174403699668407],[-106.80959719336452,31.169631640722027],[-106.79956402044897,31.160945821187646],[-106.78780688887502,31.150247840672538],[-106.78071103985191,31.142315311326435],[-106.77521024843041,31.134901645623327],[-106.7671987825708,31.122725334842269],[-106.76085072981775,31.113131727727868],[-106.75616605603523,31.102969787054715],[-106.75168749260986,31.092004530691142],[-106.74800231495519,31.082531454044521],[-106.74453101628821,31.070654545328928],[-106.7420970139579,31.064627487949469],[-106.74073137440172,31.058602087119866],[-106.73917460299749,31.050743956298522],[-106.73761838944708,31.042939712330405],[-106.73546658477841,31.033187183270403],[-106.73281139836054,31.018731997847631],[-106.73072849357585,31.009781118720809],[-106.73029343768714,31.004503472289585],[-106.72904947763115,30.999800263307961]]},"properties":{"fault_name":"Camel Mountain fault","slip_rate":"Less than 0.2 mm/yr","age":"undifferentiated Quaternary","slip_sense":"Normal","fault_id":"2073"}},{"type":"Feature","geometry":{"type":"LineString","coordinates":[[-107.12520214762399,31.517932613373471],[-107.12195146710596,31.517467090630269],[-107.11726684722238,31.517122126975369],[-107.11398616656712,31.516778823071899]]},"properties":{"fault_name":"Camel Mountain fault","slip_rate":"Less than 0.2 mm/yr","age":"undifferentiated Quaternary","slip_sense":"Normal","fault_id":"2073"}},{"type":"Feature","geometry":{"type":"LineString","coordinates":[[-107.02462132013179,32.243178697283525],[-107.0245602310992,32.245378111265268],[-107.02485188981746,32.246294266367798],[-107.02507903782018,32.248707264089632],[-107.02490757368696,32.250356931054625],[-107.02401499594257,32.251365726230738],[-107.02351656840212,32.252221455022628],[-107.02337773108002,32.253199067213487],[-107.02331307214249,32.254665364345108],[-107.02267550993757,32.256437611641907],[-107.02221625523171,32.257965335305087]]},"properties":{"fault_name":"unnamed faults and folds on La Mesa","slip_rate":"Less than 0.2 mm/yr","age":"undifferentiated Quaternary","slip_sense":"Normal","fault_id":"2077"}},{"type":"Feature","geometry":{"type":"LineString","coordinates":[[-107.04163907943432,32.224687904869207],[-107.04044563074844,32.226348185741294],[-107.03981143812413,32.22747741127889],[-107.03871858458042,32.229733137818336],[-107.03787940898471,32.231537175086963],[-107.03729070255483,32.232740319851651],[-107.03690365712647,32.234055543073261],[-107.03596211670751,32.237167452627205],[-107.03524081085688,32.24031319485141]]},"properties":{"fault_name":"unnamed faults and folds on La Mesa","slip_rate":"Less than 0.2 mm/yr","age":"undifferentiated Quaternary","slip_sense":"Normal","fault_id":"2077"}},{"type":"Feature","geometry":{"type":"LineString","coordinates":[[-107.0082802455631,32.248668562872638],[-107.00783606728265,32.250198324179202],[-107.00774590876749,32.251223069920634],[-107.00763181284493,32.25243857883099],[-107.00725858530225,32.25332498721545],[-107.00642405489491,32.254908801744079],[-107.00596123118243,32.255534838148719],[-107.00539706942106,32.256662233990873],[-107.00544438099213,32.257565825069932],[-107.00553036503617,32.258968572632277],[-107.00554255966615,32.259539541347657],[-107.00520037430644,32.260550919072521],[-107.0045949295679,32.262250365762839],[-107.00346232108126,32.264172762623666],[-107.00248249715983,32.265426392694529],[-107.00081184093715,32.267096055079541],[-106.99916810093532,32.268717680187933]]},"properties":{"fault_name":"unnamed faults and folds on La Mesa","slip_rate":"Less than 0.2 mm/yr","age":"undifferentiated Quaternary","slip_sense":"Normal","fault_id":"2077"}},{"type":"Feature","geometry":{"type":"LineString","coordinates":[[-107.05459500736501,32.171765292189079],[-107.05423985212923,32.169214922279593],[-107.0538095851593,32.164981156877438],[-107.05328075413803,32.162923483045844]]},"properties":{"fault_name":"unnamed faults and folds on La Mesa","slip_rate":"Less than 0.2 mm/yr","age":"undifferentiated Quaternary","slip_sense":"Normal","fault_id":"2077"}},{"type":"Feature","geometry":{"type":"LineString","coordinates":[[-107.0533636129432,32.182573812755884],[-107.05373408714952,32.180270726706716],[-107.05389917324426,32.17892081586848]]},"properties":{"fault_name":"unnamed faults and folds on La Mesa","slip_rate":"Less than 0.2 mm/yr","age":"undifferentiated Quaternary","slip_sense":"Normal","fault_id":"2077"}},{"type":"Feature","geometry":{"type":"LineString","coordinates":[[-107.05628106160998,32.142792976974945],[-107.05667195991259,32.142793844849031],[-107.05741062211284,32.142849947831394],[-107.05861388668984,32.143311748173069],[-107.05938370066752,32.143713797358451],[-107.06010586171432,32.144311219119224],[-107.0612847648791,32.144838244933581],[-107.06207322428882,32.144828817948024],[-107.06300892925169,32.144492956043528],[-107.06472701921632,32.143779774873593],[-107.06662023035571,32.142965256279659],[-107.0680388273945,32.142601975263382],[-107.06892366435612,32.142266721266971],[-107.07043685219767,32.141469410738424],[-107.07161939533603,32.140676053909367],[-107.07248619861829,32.139984647660746]]},"properties":{"fault_name":"unnamed faults and folds on La Mesa","slip_rate":"Less than 0.2 mm/yr","age":"undifferentiated Quaternary","slip_sense":"Normal","fault_id":"2077"}},{"type":"Feature","geometry":{"type":"LineString","coordinates":[[-107.05628106160998,32.142792976974945],[-107.05493837580595,32.141632133637799],[-107.05340251718154,32.139751645284974],[-107.05144069361909,32.137213863853546],[-107.04975588893065,32.134164974943964],[-107.04858394591268,32.132324311913656]]},"properties":{"fault_name":"unnamed faults and folds on La Mesa","slip_rate":"Less than 0.2 mm/yr","age":"undifferentiated Quaternary","slip_sense":"Normal","fault_id":"2077"}},{"type":"Feature","geometry":{"type":"LineString","coordinates":[[-107.04727590004431,32.145330425930126],[-107.04838928638053,32.144970795365886],[-107.05010666218449,32.14421433292398],[-107.05156540942491,32.14320122371754],[-107.0526297136106,32.142950404326633],[-107.05514555156498,32.142790451697159],[-107.05628106160998,32.142792976974945]]},"properties":{"fault_name":"unnamed faults and folds on La Mesa","slip_rate":"Less than 0.2 mm/yr","age":"undifferentiated Quaternary","slip_sense":"Normal","fault_id":"2077"}},{"type":"Feature","geometry":{"type":"LineString","coordinates":[[-107.05389917324426,32.17892081586848],[-107.05402843991531,32.177863794707129],[-107.05433929473286,32.174790404823234],[-107.05453484719042,32.173146133844206],[-107.05466326944513,32.172478283278124],[-107.05459500736501,32.171765292189079]]},"properties":{"fault_name":"unnamed faults and folds on La Mesa","slip_rate":"Less than 0.2 mm/yr","age":"undifferentiated Quaternary","slip_sense":"Normal","fault_id":"2077"}},{"type":"Feature","geometry":{"type":"LineString","coordinates":[[-107.05136757883979,32.191237489027991],[-107.05202627031849,32.189976446990663],[-107.05269462227979,32.188159723767896],[-107.05297247568872,32.186419248976321],[-107.0531779680049,32.183727888108777],[-107.0533636129432,32.182573812755884]]},"properties":{"fault_name":"unnamed faults and folds on La Mesa","slip_rate":"Less than 0.2 mm/yr","age":"undifferentiated Quaternary","slip_sense":"Normal","fault_id":"2077"}},{"type":"Feature","geometry":{"type":"LineString","coordinates":[[-107.05328075413803,32.162923483045844],[-107.05276611290502,32.16092102416669],[-107.05169462579035,32.158647150970054],[-107.05003978979811,32.156665635349199],[-107.04779713041994,32.154690775363171],[-107.04573733659259,32.153666347170279],[-107.04420677263847,32.152469238791404],[-107.0433483802822,32.151288329723627],[-107.04234816460382,32.149989964948766],[-107.04188016300205,32.148709386017806],[-107.04180478895982,32.14747198663563],[-107.0419873059643,32.146612667064311]]},"properties":{"fault_name":"unnamed faults and folds on La Mesa","slip_rate":"Less than 0.2 mm/yr","age":"undifferentiated Quaternary","slip_sense":"Normal","fault_id":"2077"}},{"type":"Feature","geometry":{"type":"LineString","coordinates":[[-107.05054026010751,32.220987596338965],[-107.04961870989857,32.219421275746377],[-107.04896788856007,32.217789308307196],[-107.04821215028457,32.215183245276251],[-107.04765873596727,32.211574513896807],[-107.0469582701329,32.207634893722407],[-107.04680217258093,32.204281774049683],[-107.04715171783776,32.201015993260128],[-107.04809288994745,32.197931410104324],[-107.04921267318677,32.195343813916601],[-107.05080048857057,32.192434288671585],[-107.05136757883979,32.191237489027991]]},"properties":{"fault_name":"unnamed faults and folds on La Mesa","slip_rate":"Less than 0.2 mm/yr","age":"undifferentiated Quaternary","slip_sense":"Normal","fault_id":"2077"}},{"type":"Feature","geometry":{"type":"LineString","coordinates":[[-106.99577018744053,32.245655997072937],[-106.99478936369418,32.243712738804405],[-106.99387276589741,32.240789295138626],[-106.99391432286076,32.238757731633861],[-106.99609658940069,32.235061150868766],[-106.99814382837364,32.231040256277055],[-107.00072694385457,32.226140697791593],[-107.0026586954146,32.222701847911338],[-107.00364271626503,32.220967302781474],[-107.00465986338989,32.218594354831843],[-107.00540643705283,32.215536406763199],[-107.0054443738056,32.213287144700153]]},"properties":{"fault_name":"unnamed faults and folds on La Mesa","slip_rate":"Less than 0.2 mm/yr","age":"undifferentiated Quaternary","slip_sense":"Normal","fault_id":"2077"}},{"type":"Feature","geometry":{"type":"LineString","coordinates":[[-106.99855408537063,32.282549380696686],[-106.99756916889987,32.284098659072271],[-106.9968593992141,32.285525617311244],[-106.99634161028433,32.287264158910098],[-106.99554867726451,32.289125022225591],[-106.99477979304315,32.289963011659971],[-106.99383517589433,32.291236368060915],[-106.99353341831568,32.292263621866852],[-106.99297276537381,32.294160147704311],[-106.99126781596516,32.296664624668004],[-106.98956201225867,32.299129789324226],[-106.98834481840487,32.300643405286976]]},"properties":{"fault_name":"unnamed faults and folds on La Mesa","slip_rate":"Less than 0.2 mm/yr","age":"undifferentiated Quaternary","slip_sense":"Normal","fault_id":"2077"}},{"type":"Feature","geometry":{"type":"LineString","coordinates":[[-106.97752870173547,32.305553763373958],[-106.97830421103204,32.303220810866883],[-106.97851922728687,32.301409365880701],[-106.97885543435837,32.299326161891194],[-106.97877213358207,32.298409930873909],[-106.97862707362998,32.297575624825534]]},"properties":{"fault_name":"unnamed faults and folds on La Mesa","slip_rate":"Less than 0.2 mm/yr","age":"undifferentiated Quaternary","slip_sense":"Normal","fault_id":"2077"}},{"type":"Feature","geometry":{"type":"LineString","coordinates":[[-106.99869773586603,32.278528841292321],[-107.00038071697441,32.275216292254953],[-107.00145202712099,32.274004090013889],[-107.00248193930605,32.272904552226528],[-107.00367236965256,32.271130501219353],[-107.00489828075787,32.268982613752414],[-107.00641759510968,32.266907137199802],[-107.00790824242416,32.264669083150871],[-107.00903902104255,32.262627400121971],[-107.00979431285538,32.260092188375182],[-107.01060509270492,32.257532254622681],[-107.01142664784633,32.25544811562991],[-107.01204402670345,32.25301039086397],[-107.01211675700378,32.251271881157486],[-107.01246749881659,32.249010840148728],[-107.01301964471271,32.247336243286952],[-107.01357179060882,32.245661645177435],[-107.01353081485544,32.243758344757019],[-107.01334130087322,32.24276174329551]]},"properties":{"fault_name":"unnamed faults and folds on La Mesa","slip_rate":"Less than 0.2 mm/yr","age":"undifferentiated Quaternary","slip_sense":"Normal","fault_id":"2077"}},{"type":"Feature","geometry":{"type":"LineString","coordinates":[[-106.97677714242268,32.297253491347931],[-106.97650739990243,32.296529080176128],[-106.97594081987631,32.295296573755174],[-106.97558253670672,32.293413138117764],[-106.97569557621048,32.292763698724045],[-106.97608682305945,32.291759086205715],[-106.97694388501077,32.290261433175594],[-106.97758624421932,32.289117961298807],[-106.97891785289757,32.287531926371187],[-106.98013919786628,32.285898928677604],[-106.98049746037464,32.283930195069942],[-106.98041720578546,32.280556938772975],[-106.98065501409567,32.277103709701663],[-106.9809883726094,32.273596806683713],[-106.98269001082792,32.269608407256776],[-106.98416130932951,32.267400245681578],[-106.98617113257254,32.265544537180752],[-106.98802331136469,32.263418500841162],[-106.98955694576047,32.261480372694358],[-106.991630550287,32.259570892874251],[-106.99233479084218,32.258385764062922],[-106.99243829113594,32.256551164955169],[-106.99260424769818,32.254959615818201],[-106.99392115275188,32.251752568902774],[-106.99497895942309,32.249651070288856]]},"properties":{"fault_name":"unnamed faults and folds on La Mesa","slip_rate":"Less than 0.2 mm/yr","age":"undifferentiated Quaternary","slip_sense":"Normal","fault_id":"2077"}},{"type":"Feature","geometry":{"type":"LineString","coordinates":[[-106.97049856986527,32.276325153870758],[-106.97220350130762,32.275035114847995],[-106.97425764473184,32.273598134346969],[-106.97609523937533,32.271864355952928],[-106.97771546866953,32.270018843965552],[-106.97863841306382,32.268208123371821],[-106.97938853956371,32.266063729994251],[-106.98070605457349,32.263699063775995],[-106.98171825287943,32.261407452343057],[-106.98312242117815,32.25915410226893]]},"properties":{"fault_name":"unnamed faults and folds on La Mesa","slip_rate":"Less than 0.2 mm/yr","age":"undifferentiated Quaternary","slip_sense":"Normal","fault_id":"2077"}},{"type":"Feature","geometry":{"type":"LineString","coordinates":[[-107.07592680903855,32.110688968152523],[-107.07634490922629,32.108857676963758],[-107.07672109492118,32.107776393339535],[-107.078708781879,32.105852123871216],[-107.07932583015607,32.105147997905526],[-107.07983746203287,32.104227410728726],[-107.08035881817264,32.101934385060098],[-107.08075615470091,32.098958909061622],[-107.081143031246,32.094913457760967],[-107.08167581575282,32.092098679165304],[-107.08220702012304,32.09005235237619],[-107.08308608271398,32.087831193193203],[-107.08367030205901,32.086304733755277]]},"properties":{"fault_name":"unnamed faults and folds on La Mesa","slip_rate":"Less than 0.2 mm/yr","age":"undifferentiated Quaternary","slip_sense":"Normal","fault_id":"2077"}},{"type":"Feature","geometry":{"type":"LineString","coordinates":[[-107.07463826110342,32.118450954837428],[-107.07479741382566,32.117272523080153],[-107.07528552601173,32.114938950203545],[-107.07567603893708,32.112523938739059],[-107.07587814460464,32.110902119282663],[-107.07592680903855,32.110688968152523]]},"properties":{"fault_name":"unnamed faults and folds on La Mesa","slip_rate":"Less than 0.2 mm/yr","age":"undifferentiated Quaternary","slip_sense":"Normal","fault_id":"2077"}},{"type":"Feature","geometry":{"type":"LineString","coordinates":[[-107.07463826110342,32.118450954837428],[-107.07354974282924,32.116668679984187],[-107.07274629682564,32.115127924329016],[-107.07247807515319,32.114065489319756],[-107.07262762308841,32.112963391259647],[-107.07292903481569,32.112433156032381],[-107.074059419972,32.11165912884222],[-107.07592680903855,32.110688968152523]]},"properties":{"fault_name":"unnamed faults and folds on La Mesa","slip_rate":"Less than 0.2 mm/yr","age":"undifferentiated Quaternary","slip_sense":"Normal","fault_id":"2077"}},{"type":"Feature","geometry":{"type":"LineString","coordinates":[[-107.07248619861829,32.139984647660746],[-107.07295846811598,32.139048996363144],[-107.07351934833162,32.137427439863792],[-107.07353422892427,32.135947303632939],[-107.07319349344544,32.134360392671113],[-107.07271556366315,32.132061982654271],[-107.07224694222383,32.130558322095638],[-107.07177960537538,32.129164279918861],[-107.07160666980172,32.128151583979488],[-107.07165119390045,32.126451949245116],[-107.07183772637424,32.125874890346722],[-107.0732264930574,32.123424456885751],[-107.07401510518072,32.121992926890016],[-107.07435756183165,32.120976093209414],[-107.07450096978191,32.119467517649539],[-107.07463826110342,32.118450954837428]]},"properties":{"fault_name":"unnamed faults and folds on La Mesa","slip_rate":"Less than 0.2 mm/yr","age":"undifferentiated Quaternary","slip_sense":"Normal","fault_id":"2077"}},{"type":"Feature","geometry":{"type":"LineString","coordinates":[[-107.06171883890923,32.116403218201448],[-107.06190555284273,32.115841678742051],[-107.06203381340067,32.11512612109906],[-107.06203093879178,32.113747013350881],[-107.06192769990774,32.113127147293177],[-107.06197849694212,32.112436079329306],[-107.06190438323623,32.111236997007815],[-107.06196351933137,32.11010078797316],[-107.06194252839813,32.108922411253744],[-107.06195298568635,32.107876591697824],[-107.06212814638697,32.107026203708251],[-107.06252502657108,32.105835712049334],[-107.062753309146,32.105006027758009],[-107.06279699601492,32.104137205702877],[-107.06267598036975,32.10307295423258],[-107.06246116443921,32.102278363316934],[-107.06249862777982,32.101254006225375],[-107.06265778858692,32.100003671769358],[-107.0627050300894,32.09922372678146],[-107.06259734723965,32.098492764208046],[-107.06239319610818,32.097964803288136],[-107.06202878822498,32.097352507866873],[-107.06171572534845,32.096716480054987],[-107.06106669614893,32.096179172744264],[-107.06077496466716,32.096076406062735],[-107.06053280222277,32.095905466655694],[-107.06034321278204,32.095087898210295],[-107.06003760143081,32.093984508699471],[-107.05987768514058,32.093255061287273],[-107.05984835334992,32.092521825657968],[-107.05995671622432,32.091962558709461]]},"properties":{"fault_name":"unnamed faults and folds on La Mesa","slip_rate":"Less than 0.2 mm/yr","age":"undifferentiated Quaternary","slip_sense":"Normal","fault_id":"2077"}},{"type":"Feature","geometry":{"type":"LineString","coordinates":[[-107.05728691960665,32.099736737729209],[-107.0570649908157,32.098764391882781],[-107.0568505153467,32.097324684772509],[-107.05688531338583,32.096233671252342],[-107.05735398063925,32.095530487092596],[-107.05810193680944,32.094619002275593],[-107.05851659375466,32.093872894055863],[-107.05877366104627,32.093109109918309],[-107.05876866820992,32.092330679906922],[-107.0585582953468,32.091647183807673],[-107.0580920849857,32.091104576364742],[-107.05755675375507,32.090141317838295],[-107.05712411343615,32.08913059093296],[-107.05671265628992,32.088370121989911],[-107.05610069068071,32.087137807324524],[-107.0553233389395,32.085619926866983],[-107.05496311361225,32.084938217884648]]},"properties":{"fault_name":"unnamed faults and folds on La Mesa","slip_rate":"Less than 0.2 mm/yr","age":"undifferentiated Quaternary","slip_sense":"Normal","fault_id":"2077"}},{"type":"Feature","geometry":{"type":"LineString","coordinates":[[-107.01655041634308,32.1876583310219],[-107.01708272114951,32.186057467085412],[-107.01776422085328,32.183360122705835],[-107.0177386898346,32.181861210147758],[-107.01740587390331,32.178747812270018],[-107.0166506279046,32.175472952789434],[-107.01581145230888,32.173841119286706],[-107.01510768426752,32.171945874098668],[-107.01484093403549,32.171068611205698],[-107.01485229233396,32.170092789292269],[-107.015282835985,32.169088088100388],[-107.01647411523948,32.167825054952132],[-107.01663440702549,32.167323636918169],[-107.01671185437942,32.166894512012007],[-107.01698008503504,32.166130180830578],[-107.01849672330563,32.164662076927897],[-107.01960058210992,32.16365059116665],[-107.02253310989704,32.16145306887541],[-107.0241067750185,32.160055713305972],[-107.02540681330441,32.159065854180632],[-107.02826836699757,32.157725654757492],[-107.0297965153819,32.157018789690632],[-107.03105463288676,32.156388420636361],[-107.0325773850912,32.155324725285709],[-107.0334058177344,32.1546017952329],[-107.03395271207937,32.153763010371094],[-107.03410581015663,32.152785815899939],[-107.03428831997459,32.151903469057089],[-107.03502851559901,32.150895999649229],[-107.03521642069857,32.150370484343753],[-107.03506647930125,32.149705942622262],[-107.03479960420339,32.148709593655184],[-107.03506567710571,32.147802530971731],[-107.03538661910558,32.146823485212401],[-107.03573373801284,32.14572518497787],[-107.03596931939946,32.144651910047585],[-107.03611773994902,32.143365461726134],[-107.03602634804695,32.142350961024277],[-107.03568940076366,32.140546713999868],[-107.03528764362588,32.13819600828878],[-107.03519023570637,32.137364422848655],[-107.03547503758405,32.13595731421966],[-107.03561886594586,32.134480489779889],[-107.03574052478481,32.133360814187498],[-107.03611153169207,32.132095441950938],[-107.03629297970137,32.131212984648542],[-107.03641888936824,32.130354973986222],[-107.03673551496315,32.129185413259336],[-107.03721953172982,32.1279900861798],[-107.03748757194263,32.127273154004712],[-107.03794439940056,32.126125732350992],[-107.03858808182751,32.124428882369706],[-107.03875562391622,32.122690062104006],[-107.03869907766402,32.120930094000173],[-107.03819705686244,32.119294340322398],[-107.03770823770226,32.118383196159762]]},"properties":{"fault_name":"unnamed faults and folds on La Mesa","slip_rate":"Less than 0.2 mm/yr","age":"undifferentiated Quaternary","slip_sense":"Normal","fault_id":"2077"}},{"type":"Feature","geometry":{"type":"LineString","coordinates":[[-107.09617472864308,32.288414027882567],[-107.09652984255635,32.291165960890609],[-107.09644842015732,32.294881361941272],[-107.09513557279377,32.302127287087707],[-107.09312890263736,32.305606101020111],[-107.09135112591031,32.309112134372853],[-107.09049670231099,32.312464830251074],[-107.09016117616247,32.315448084970171],[-107.09013789003367,32.319388535088002],[-107.0902679364424,32.322726222352316],[-107.09059576402895,32.326067796128235],[-107.09170868144453,32.33009690081461]]},"properties":{"fault_name":"Ward Tank fault","slip_rate":"Less than 0.2 mm/yr","age":"middle and late Quaternary","slip_sense":"Normal","fault_id":"2078"}},{"type":"Feature","geometry":{"type":"LineString","coordinates":[[-107.09170868144453,32.33009690081461],[-107.09293895656548,32.333271254218801],[-107.09388863392428,32.335478713908273],[-107.09462614628097,32.336648461907302]]},"properties":{"fault_name":"Ward Tank fault","slip_rate":"Less than 0.2 mm/yr","age":"middle and late Quaternary","slip_sense":"Normal","fault_id":"2078"}},{"type":"Feature","geometry":{"type":"LineString","coordinates":[[-107.08145227897751,32.371064596968388],[-107.08067018862317,32.374173595667777],[-107.07996333576712,32.377561650864955],[-107.07956817855175,32.380129814289013]]},"properties":{"fault_name":"Ward Tank fault","slip_rate":"Less than 0.2 mm/yr","age":"middle and late Quaternary","slip_sense":"Normal","fault_id":"2078"}},{"type":"Feature","geometry":{"type":"LineString","coordinates":[[-107.07944306838549,32.395948911954719],[-107.07976703141966,32.398376209272683],[-107.07960706482376,32.401162763857641],[-107.07942248798233,32.403021858666008]]},"properties":{"fault_name":"Ward Tank fault","slip_rate":"Less than 0.2 mm/yr","age":"middle and late Quaternary","slip_sense":"Normal","fault_id":"2078"}},{"type":"Feature","geometry":{"type":"LineString","coordinates":[[-107.07105573842784,32.462325656786547],[-107.07087583911411,32.463579555833512],[-107.07063741635623,32.465055299970288],[-107.07059673525028,32.465539228900028]]},"properties":{"fault_name":"Ward Tank fault","slip_rate":"Less than 0.2 mm/yr","age":"middle and late Quaternary","slip_sense":"Normal","fault_id":"2078"}},{"type":"Feature","geometry":{"type":"LineString","coordinates":[[-107.06856916489048,32.471082530891131],[-107.06831123162294,32.471896878223454],[-107.0679015711073,32.472714441373853],[-107.06763583237826,32.473211014153804]]},"properties":{"fault_name":"Ward Tank fault","slip_rate":"Less than 0.2 mm/yr","age":"middle and late Quaternary","slip_sense":"Normal","fault_id":"2078"}},{"type":"Feature","geometry":{"type":"LineString","coordinates":[[-107.06407782382847,32.50429096574014],[-107.06377296796039,32.505123616671341],[-107.0634464348462,32.505730467821415],[-107.06325770060164,32.505984547213949]]},"properties":{"fault_name":"Ward Tank fault","slip_rate":"Less than 0.2 mm/yr","age":"middle and late Quaternary","slip_sense":"Normal","fault_id":"2078"}},{"type":"Feature","geometry":{"type":"LineString","coordinates":[[-107.06064384207671,32.505263499931885],[-107.06044838843383,32.505656097368089],[-107.06013072438641,32.506046878684884],[-107.05997284098366,32.506280769233435],[-107.05990131712075,32.506450146962436]]},"properties":{"fault_name":"Ward Tank fault","slip_rate":"Less than 0.2 mm/yr","age":"middle and late Quaternary","slip_sense":"Normal","fault_id":"2078"}},{"type":"Feature","geometry":{"type":"LineString","coordinates":[[-107.05441331591227,32.536908966728497],[-107.05395349077621,32.537993779160672],[-107.05357381422812,32.539485582736916]]},"properties":{"fault_name":"Ward Tank fault","slip_rate":"Less than 0.2 mm/yr","age":"middle and late Quaternary","slip_sense":"Normal","fault_id":"2078"}},{"type":"Feature","geometry":{"type":"LineString","coordinates":[[-107.09893449423139,32.30311137510575],[-107.09804030760431,32.305952451077879],[-107.09755760507291,32.30836528294423],[-107.09679244526674,32.311855004903165],[-107.0965499522423,32.314752401917396],[-107.09614589182414,32.317261737083477],[-107.09576366855222,32.319022852206245],[-107.09560524166871,32.320520826289766],[-107.09684697480112,32.324796671299012],[-107.09649757866461,32.32805320223639],[-107.09596335236178,32.331604872036102],[-107.09462614628097,32.336648461907302]]},"properties":{"fault_name":"Ward Tank fault","slip_rate":"Less than 0.2 mm/yr","age":"middle and late Quaternary","slip_sense":"Normal","fault_id":"2078"}},{"type":"Feature","geometry":{"type":"LineString","coordinates":[[-107.08534615862888,32.237990786852556],[-107.08663819202729,32.241141703707967],[-107.08830192403576,32.244909160179411],[-107.09064515160664,32.249766647659321],[-107.09156548819162,32.252301028704572],[-107.0923128451855,32.254793031879906],[-107.09306027584124,32.258369562031625],[-107.09370480807443,32.263405139160568],[-107.09368917918513,32.266963374094708],[-107.09310368513071,32.269955889108608],[-107.09317787160013,32.271871210107008],[-107.09325230420795,32.273809338128203],[-107.09337065994157,32.277343708656495],[-107.09376048116417,32.279062078674286],[-107.09470781661504,32.282172953903569],[-107.09544977203912,32.284781158926222],[-107.09600195656279,32.287386205703058],[-107.09617472864308,32.288414027882567]]},"properties":{"fault_name":"Ward Tank fault","slip_rate":"Less than 0.2 mm/yr","age":"middle and late Quaternary","slip_sense":"Normal","fault_id":"2078"}},{"type":"Feature","geometry":{"type":"LineString","coordinates":[[-107.09462614628097,32.336648461907302],[-107.09422684423888,32.339510138891853],[-107.09321941868203,32.342543292636911],[-107.0908516356629,32.346343441644208],[-107.09007803528628,32.347750538667093],[-107.08957533356171,32.349315775153805],[-107.08947611104531,32.351777894209384],[-107.08898932028107,32.352944491651428],[-107.08816244082497,32.354500878805176],[-107.08738224591588,32.357221098192028],[-107.0858428039118,32.360333275868165],[-107.08403829242356,32.36367317731402],[-107.082239737664,32.367821433693905],[-107.08145227897751,32.371064596968388]]},"properties":{"fault_name":"Ward Tank fault","slip_rate":"Less than 0.2 mm/yr","age":"middle and late Quaternary","slip_sense":"Normal","fault_id":"2078"}},{"type":"Feature","geometry":{"type":"LineString","coordinates":[[-107.07956817855175,32.380129814289013],[-107.07984842327598,32.381831375220806],[-107.07990181105163,32.382655444100379],[-107.07975031017897,32.384379176976211],[-107.07938712400454,32.386452937986441],[-107.07934002892745,32.387612766010228]]},"properties":{"fault_name":"Ward Tank fault","slip_rate":"Less than 0.2 mm/yr","age":"middle and late Quaternary","slip_sense":"Normal","fault_id":"2078"}},{"type":"Feature","geometry":{"type":"LineString","coordinates":[[-107.07934002892745,32.387612766010228],[-107.07920650334363,32.389043167924868],[-107.07922507241885,32.390545505743297],[-107.07929386001344,32.392615416709852],[-107.07942789584035,32.394721391720381],[-107.07944306838549,32.395948911954719]]},"properties":{"fault_name":"Ward Tank fault","slip_rate":"Less than 0.2 mm/yr","age":"middle and late Quaternary","slip_sense":"Normal","fault_id":"2078"}},{"type":"Feature","geometry":{"type":"LineString","coordinates":[[-107.07942248798233,32.403021858666008],[-107.07907434499565,32.40554921615999],[-107.07829003310761,32.407359824173845],[-107.07708037611904,32.409525639815364],[-107.07632116405838,32.411501045988125],[-107.07636147775339,32.412731354092415],[-107.07667037514193,32.415075877949462],[-107.07689350857365,32.417458417202738],[-107.07689723119219,32.419697478055994],[-107.07662697663224,32.423317227871038],[-107.0764394667914,32.425724389209037],[-107.07614678668867,32.426991250238551],[-107.07557264194956,32.428504994986056],[-107.07450434026086,32.431219255059602],[-107.07403483757425,32.433118030208391]]},"properties":{"fault_name":"Ward Tank fault","slip_rate":"Less than 0.2 mm/yr","age":"middle and late Quaternary","slip_sense":"Normal","fault_id":"2078"}},{"type":"Feature","geometry":{"type":"LineString","coordinates":[[-107.06439680839935,32.493135763820732],[-107.06345731164767,32.495624146820752],[-107.06279397677726,32.498552184023218],[-107.06221372439251,32.500588279722223],[-107.06122386628937,32.502630033365868]]},"properties":{"fault_name":"Ward Tank fault","slip_rate":"Less than 0.2 mm/yr","age":"middle and late Quaternary","slip_sense":"Normal","fault_id":"2078"}},{"type":"Feature","geometry":{"type":"LineString","coordinates":[[-107.06122386628937,32.502630033365868],[-107.06114652314004,32.502789566038771]]},"properties":{"fault_name":"Ward Tank fault","slip_rate":"Less than 0.2 mm/yr","age":"middle and late Quaternary","slip_sense":"Normal","fault_id":"2078"}},{"type":"Feature","geometry":{"type":"LineString","coordinates":[[-107.04977897473515,32.559935386982666],[-107.04972737909848,32.561173490113404],[-107.04985396340011,32.562331622027891]]},"properties":{"fault_name":"Ward Tank fault","slip_rate":"Less than 0.2 mm/yr","age":"middle and late Quaternary","slip_sense":"Normal","fault_id":"2078"}},{"type":"Feature","geometry":{"type":"LineString","coordinates":[[-107.07403483757425,32.433118030208391],[-107.07386505239229,32.434776006271036],[-107.07345577455895,32.437927926161088],[-107.07327161812907,32.43984356430542],[-107.07337283221044,32.441882068341982],[-107.07353511466314,32.444544363683484],[-107.07380001706065,32.447002350732987],[-107.07391693998142,32.448066209273286],[-107.07333957837525,32.449879563158945],[-107.07263740394522,32.451879296332578],[-107.072101820288,32.453636648173003],[-107.07156154293341,32.455228642750804],[-107.07119776207426,32.456927340888065],[-107.07104674539355,32.45924674025801],[-107.07087435330062,32.460812851371053],[-107.07105573842784,32.462325656786547]]},"properties":{"fault_name":"Ward Tank fault","slip_rate":"Less than 0.2 mm/yr","age":"middle and late Quaternary","slip_sense":"Normal","fault_id":"2078"}},{"type":"Feature","geometry":{"type":"LineString","coordinates":[[-107.07059673525028,32.465539228900028],[-107.07046235536862,32.466865698632539],[-107.07025048142063,32.467770987769121],[-107.06952869676795,32.469036374161412],[-107.06895376330802,32.470133195072115],[-107.06856916489048,32.471082530891131]]},"properties":{"fault_name":"Ward Tank fault","slip_rate":"Less than 0.2 mm/yr","age":"middle and late Quaternary","slip_sense":"Normal","fault_id":"2078"}},{"type":"Feature","geometry":{"type":"LineString","coordinates":[[-107.06763583237826,32.473211014153804],[-107.0661651635957,32.474823181370574],[-107.06454547868057,32.476530425042071],[-107.06378468019508,32.477943708330287],[-107.06296427399892,32.479542091216025],[-107.06272919027894,32.480491177016859],[-107.06288404905415,32.481451330908016],[-107.06298848090088,32.483023452215079],[-107.0629933066506,32.484986203676854],[-107.06303815773609,32.486800107718018],[-107.0630293776025,32.489096414344445],[-107.06314192303286,32.490112870115986],[-107.06399772824112,32.492023485801127],[-107.06439680839935,32.493135763820732]]},"properties":{"fault_name":"Ward Tank fault","slip_rate":"Less than 0.2 mm/yr","age":"middle and late Quaternary","slip_sense":"Normal","fault_id":"2078"}},{"type":"Feature","geometry":{"type":"LineString","coordinates":[[-107.06439680839935,32.493135763820732],[-107.06448882463052,32.494736978041672],[-107.06470068510379,32.496937133191565],[-107.06502463017165,32.498356144279832],[-107.06515544463994,32.499400125676701],[-107.06517190536923,32.500067685793084],[-107.06493566461917,32.501140433168459],[-107.06416675075342,32.504048078851234],[-107.06407782382847,32.50429096574014]]},"properties":{"fault_name":"Ward Tank fault","slip_rate":"Less than 0.2 mm/yr","age":"middle and late Quaternary","slip_sense":"Normal","fault_id":"2078"}},{"type":"Feature","geometry":{"type":"LineString","coordinates":[[-107.06325770060164,32.505984547213949],[-107.06410096802347,32.508729521305661],[-107.06450094110708,32.51003587492395],[-107.06488069221537,32.511587468279203],[-107.06489704694341,32.512665133186864],[-107.06442723433803,32.513853327848693],[-107.06347180955804,32.514425322350583],[-107.06272351292635,32.514972860188408],[-107.06162728441211,32.515259421701892],[-107.06055896026551,32.515612275685619],[-107.06005191698318,32.516355895090733],[-107.0595027831382,32.517523232888202],[-107.05879904204632,32.518278559961523]]},"properties":{"fault_name":"Ward Tank fault","slip_rate":"Less than 0.2 mm/yr","age":"middle and late Quaternary","slip_sense":"Normal","fault_id":"2078"}},{"type":"Feature","geometry":{"type":"LineString","coordinates":[[-107.06122386628937,32.502630033365868],[-107.06206127939048,32.503779035941825],[-107.06325770060164,32.505984547213949]]},"properties":{"fault_name":"Ward Tank fault","slip_rate":"Less than 0.2 mm/yr","age":"middle and late Quaternary","slip_sense":"Normal","fault_id":"2078"}},{"type":"Feature","geometry":{"type":"LineString","coordinates":[[-107.06114652314004,32.502789566038771],[-107.06098907092861,32.503778367738967],[-107.06064384207671,32.505263499931885]]},"properties":{"fault_name":"Ward Tank fault","slip_rate":"Less than 0.2 mm/yr","age":"middle and late Quaternary","slip_sense":"Normal","fault_id":"2078"}},{"type":"Feature","geometry":{"type":"LineString","coordinates":[[-107.05990131712075,32.506450146962436],[-107.05962242795428,32.508167188878645],[-107.05954290639038,32.509432445908139],[-107.05934162178299,32.510160272367251],[-107.05890678777811,32.511015336028251],[-107.05850133407294,32.512347728255591],[-107.05810612385697,32.513340848753714],[-107.05800119434357,32.514298261340734],[-107.05792889074299,32.51587166978242],[-107.05862732638481,32.517724977860084],[-107.05879904204632,32.518278559961523]]},"properties":{"fault_name":"Ward Tank fault","slip_rate":"Less than 0.2 mm/yr","age":"middle and late Quaternary","slip_sense":"Normal","fault_id":"2078"}},{"type":"Feature","geometry":{"type":"LineString","coordinates":[[-107.05879904204632,32.518278559961523],[-107.05875264585853,32.519404537771976],[-107.05868395438368,32.521132022952443],[-107.05878933215641,32.521746797262232],[-107.05884998101449,32.524335271704423],[-107.05854376689369,32.526020511362994],[-107.05809121361989,32.528065727353081],[-107.05771563518611,32.529120170899347],[-107.05753903807936,32.530125027935647],[-107.0571211723519,32.531704249240498],[-107.05619044315738,32.533137957067858],[-107.05516241563781,32.534803424878213],[-107.05481032006388,32.535565751357971],[-107.05441331591227,32.536908966728497]]},"properties":{"fault_name":"Ward Tank fault","slip_rate":"Less than 0.2 mm/yr","age":"middle and late Quaternary","slip_sense":"Normal","fault_id":"2078"}},{"type":"Feature","geometry":{"type":"LineString","coordinates":[[-107.05441331591227,32.536908966728497],[-107.05437898230211,32.537025132778417],[-107.05404324055795,32.538730817898902],[-107.05403838696046,32.539504291797279],[-107.05404506234133,32.540942758096108]]},"properties":{"fault_name":"Ward Tank fault","slip_rate":"Less than 0.2 mm/yr","age":"middle and late Quaternary","slip_sense":"Normal","fault_id":"2078"}},{"type":"Feature","geometry":{"type":"LineString","coordinates":[[-107.05404506234133,32.540942758096108],[-107.05395372433819,32.5419957358421],[-107.0538027750311,32.54277102708722],[-107.05318171577628,32.543565780902824],[-107.05265747424782,32.54431318468928]]},"properties":{"fault_name":"Ward Tank fault","slip_rate":"Less than 0.2 mm/yr","age":"middle and late Quaternary","slip_sense":"Normal","fault_id":"2078"}},{"type":"Feature","geometry":{"type":"LineString","coordinates":[[-107.05357381422812,32.539485582736916],[-107.05342501009794,32.540384593929836],[-107.05341934981334,32.541111672924444],[-107.05311638040736,32.54260039485758],[-107.05265747424782,32.54431318468928]]},"properties":{"fault_name":"Ward Tank fault","slip_rate":"Less than 0.2 mm/yr","age":"middle and late Quaternary","slip_sense":"Normal","fault_id":"2078"}},{"type":"Feature","geometry":{"type":"LineString","coordinates":[[-107.05265747424782,32.54431318468928],[-107.05193396123651,32.545344685187224],[-107.05051836726571,32.546924589204608],[-107.04962217110737,32.54791023835665],[-107.04874450809163,32.548911124052211],[-107.04835937337987,32.549874946747742],[-107.04838809162118,32.55047785277069],[-107.04835127237263,32.551514685038839],[-107.04868206799284,32.552746772650828],[-107.04888399130242,32.553857975961847],[-107.04920889217776,32.555741063183639],[-107.049410814589,32.556852265764903],[-107.04951660199349,32.557686236183763],[-107.04963338298042,32.559154268687927],[-107.04977897473515,32.559935386982666]]},"properties":{"fault_name":"Ward Tank fault","slip_rate":"Less than 0.2 mm/yr","age":"middle and late Quaternary","slip_sense":"Normal","fault_id":"2078"}},{"type":"Feature","geometry":{"type":"LineString","coordinates":[[-107.04985396340011,32.562331622027891],[-107.04989930855903,32.563008812836635],[-107.04991030303979,32.563642873665977]]},"properties":{"fault_name":"Ward Tank fault","slip_rate":"Less than 0.2 mm/yr","age":"middle and late Quaternary","slip_sense":"Normal","fault_id":"2078"}},{"type":"Feature","geometry":{"type":"LineString","coordinates":[[-107.07931613823247,32.594608292087813],[-107.08039341498919,32.594980785795016]]},"properties":{"fault_name":"Sierro Kemado fault","slip_rate":"Less than 0.2 mm/yr","age":"middle and late Quaternary","slip_sense":"Normal","fault_id":"2079"}},{"type":"Feature","geometry":{"type":"LineString","coordinates":[[-107.05755503887119,32.559859376788772],[-107.05773407670058,32.561159325992413]]},"properties":{"fault_name":"Sierro Kemado fault","slip_rate":"Less than 0.2 mm/yr","age":"middle and late Quaternary","slip_sense":"Normal","fault_id":"2079"}},{"type":"Feature","geometry":{"type":"LineString","coordinates":[[-107.05690551380162,32.554022723980999],[-107.05680871404157,32.55588675532411],[-107.05677646003129,32.556839841654856]]},"properties":{"fault_name":"Sierro Kemado fault","slip_rate":"Less than 0.2 mm/yr","age":"middle and late Quaternary","slip_sense":"Normal","fault_id":"2079"}},{"type":"Feature","geometry":{"type":"LineString","coordinates":[[-107.08039341498919,32.594980785795016],[-107.08222311344136,32.596365060029726],[-107.08448350017331,32.598157980092111]]},"properties":{"fault_name":"Sierro Kemado fault","slip_rate":"Less than 0.2 mm/yr","age":"middle and late Quaternary","slip_sense":"Normal","fault_id":"2079"}},{"type":"Feature","geometry":{"type":"LineString","coordinates":[[-107.05404506234133,32.540942758096108],[-107.05580434904491,32.542878598112601],[-107.05709561528207,32.544456807622574],[-107.05709361383562,32.544972007248184],[-107.0566315231484,32.546230488215919],[-107.05644928821494,32.546574413120645]]},"properties":{"fault_name":"Sierro Kemado fault","slip_rate":"Less than 0.2 mm/yr","age":"middle and late Quaternary","slip_sense":"Normal","fault_id":"2079"}},{"type":"Feature","geometry":{"type":"LineString","coordinates":[[-107.07160739384382,32.589356474985209],[-107.07447436527647,32.591682411142344],[-107.07676161702533,32.593475288666703],[-107.07791798684954,32.594041979106912],[-107.07931613823247,32.594608292087813]]},"properties":{"fault_name":"Sierro Kemado fault","slip_rate":"Less than 0.2 mm/yr","age":"middle and late Quaternary","slip_sense":"Normal","fault_id":"2079"}},{"type":"Feature","geometry":{"type":"LineString","coordinates":[[-107.05876214913593,32.574844515719334],[-107.05931781732627,32.575689523902696],[-107.06001898204993,32.577230747198371],[-107.0607988526672,32.57822730071593],[-107.06253361087194,32.580244902887181],[-107.06519453393121,32.583188493164485],[-107.06659258560116,32.584864329251978],[-107.06761347420917,32.58583767288853],[-107.06962825705089,32.587716358100458],[-107.07160739384382,32.589356474985209]]},"properties":{"fault_name":"Sierro Kemado fault","slip_rate":"Less than 0.2 mm/yr","age":"middle and late Quaternary","slip_sense":"Normal","fault_id":"2079"}},{"type":"Feature","geometry":{"type":"LineString","coordinates":[[-107.05773407670058,32.561159325992413],[-107.05774091198158,32.562472246008809],[-107.05798214466965,32.563972475807233],[-107.0581604925929,32.564949634045853],[-107.0583270240769,32.566792444905388],[-107.0583416935655,32.567634989770745],[-107.05830735456544,32.568751466303013],[-107.05809340910241,32.569453146780226],[-107.05785411587703,32.570043536838639],[-107.05774848477941,32.570542890163928],[-107.05769642830701,32.571042124883135],[-107.05775407319881,32.57238055571316],[-107.05848354293876,32.574420839070839],[-107.05876214913593,32.574844515719334]]},"properties":{"fault_name":"Sierro Kemado fault","slip_rate":"Less than 0.2 mm/yr","age":"middle and late Quaternary","slip_sense":"Normal","fault_id":"2079"}},{"type":"Feature","geometry":{"type":"LineString","coordinates":[[-107.05677646003129,32.556839841654856],[-107.05677059043921,32.558047067336091],[-107.05718731889952,32.558816256756366],[-107.05755503887119,32.559859376788772]]},"properties":{"fault_name":"Sierro Kemado fault","slip_rate":"Less than 0.2 mm/yr","age":"middle and late Quaternary","slip_sense":"Normal","fault_id":"2079"}},{"type":"Feature","geometry":{"type":"LineString","coordinates":[[-107.05644928821494,32.546574413120645],[-107.05604816528775,32.547242926816125],[-107.05609645692077,32.548472250893575],[-107.05641913266915,32.550017016832626],[-107.05661876168149,32.551452569105834],[-107.05681336641643,32.553363359071078],[-107.05690551380162,32.554022723980999]]},"properties":{"fault_name":"Sierro Kemado fault","slip_rate":"Less than 0.2 mm/yr","age":"middle and late Quaternary","slip_sense":"Normal","fault_id":"2079"}},{"type":"Feature","geometry":{"type":"LineString","coordinates":[[-107.07092866723934,32.582023239787866],[-107.06977179435854,32.581468704820637],[-107.06916091571084,32.581147326863224],[-107.06850728534044,32.580891986299832]]},"properties":{"fault_name":"Sierro Kemado fault","slip_rate":"Less than 0.2 mm/yr","age":"middle and late Quaternary","slip_sense":"Normal","fault_id":"2079"}},{"type":"Feature","geometry":{"type":"LineString","coordinates":[[-107.08494949314212,32.593906625306232],[-107.08492383725761,32.593777575025157],[-107.0844382888634,32.592358297271808],[-107.08316430711061,32.590660384227959],[-107.08241282235798,32.589721868331551]]},"properties":{"fault_name":"Sierro Kemado fault","slip_rate":"Less than 0.2 mm/yr","age":"middle and late Quaternary","slip_sense":"Normal","fault_id":"2079"}},{"type":"Feature","geometry":{"type":"LineString","coordinates":[[-107.0775734128695,32.581088318277622],[-107.07666718073276,32.579902720107988],[-107.07550667326836,32.578539828060322]]},"properties":{"fault_name":"Sierro Kemado fault","slip_rate":"Less than 0.2 mm/yr","age":"middle and late Quaternary","slip_sense":"Normal","fault_id":"2079"}},{"type":"Feature","geometry":{"type":"LineString","coordinates":[[-107.08589026100994,32.596582649644681],[-107.08558378637771,32.595787038741094],[-107.08520058214552,32.594733361748126],[-107.08494949314212,32.593906625306232]]},"properties":{"fault_name":"Sierro Kemado fault","slip_rate":"Less than 0.2 mm/yr","age":"middle and late Quaternary","slip_sense":"Normal","fault_id":"2079"}},{"type":"Feature","geometry":{"type":"LineString","coordinates":[[-107.08241282235798,32.589721868331551],[-107.08165349800791,32.589082705826726]]},"properties":{"fault_name":"Sierro Kemado fault","slip_rate":"Less than 0.2 mm/yr","age":"middle and late Quaternary","slip_sense":"Normal","fault_id":"2079"}},{"type":"Feature","geometry":{"type":"LineString","coordinates":[[-107.08165349800791,32.589082705826726],[-107.08125117403317,32.587725593691417],[-107.08062557738785,32.585451098215309],[-107.08032522118101,32.583995192054665],[-107.08002779887191,32.583472410285978],[-107.07919145925757,32.582586716782515],[-107.07819335641673,32.581564839730731],[-107.0775734128695,32.581088318277622]]},"properties":{"fault_name":"Sierro Kemado fault","slip_rate":"Less than 0.2 mm/yr","age":"middle and late Quaternary","slip_sense":"Normal","fault_id":"2079"}},{"type":"Feature","geometry":{"type":"LineString","coordinates":[[-107.08165349800791,32.589082705826726],[-107.08147004226394,32.588928280966634],[-107.07864155735302,32.586502052015703],[-107.07546529686637,32.584531313735127],[-107.07316265518007,32.583359534923645],[-107.0715477708618,32.582408331265803],[-107.07092866723934,32.582023239787866]]},"properties":{"fault_name":"Sierro Kemado fault","slip_rate":"Less than 0.2 mm/yr","age":"middle and late Quaternary","slip_sense":"Normal","fault_id":"2079"}},{"type":"Feature","geometry":{"type":"LineString","coordinates":[[-107.06850728534044,32.580891986299832],[-107.06551994504963,32.579193641073516],[-107.06263889611816,32.57713129206455],[-107.06188489069287,32.576564627938474],[-107.0613729497956,32.576088353941039],[-107.05989260256418,32.575205047734684],[-107.05876214913593,32.574844515719334]]},"properties":{"fault_name":"Sierro Kemado fault","slip_rate":"Less than 0.2 mm/yr","age":"middle and late Quaternary","slip_sense":"Normal","fault_id":"2079"}},{"type":"Feature","geometry":{"type":"LineString","coordinates":[[-107.0819813480523,32.563779342175891],[-107.0826453881002,32.564261629991691],[-107.08326826734181,32.564845338121152]]},"properties":{"fault_name":"Hackler Tank fault","slip_rate":"Less than 0.2 mm/yr","age":"middle and late Quaternary","slip_sense":"Normal","fault_id":"2080"}},{"type":"Feature","geometry":{"type":"LineString","coordinates":[[-107.10125580021436,32.587311539764492],[-107.10166360391231,32.589049275184642],[-107.10205819608738,32.590958882136846],[-107.10255888738236,32.59291356410511],[-107.10276892697051,32.594149124625268],[-107.1031633080415,32.596171026675265],[-107.10387556067069,32.598552743781177],[-107.10429771405698,32.599923373182023],[-107.10469391331812,32.600979535705861],[-107.10474607489338,32.601473712928687],[-107.10471885234703,32.601833019337356]]},"properties":{"fault_name":"Hackler Tank fault","slip_rate":"Less than 0.2 mm/yr","age":"middle and late Quaternary","slip_sense":"Normal","fault_id":"2080"}},{"type":"Feature","geometry":{"type":"LineString","coordinates":[[-107.09207934968695,32.574336044757366],[-107.0935824368715,32.575116545629648],[-107.09480518770364,32.575844167629086],[-107.09550163267879,32.576474382321337],[-107.09657855370264,32.577683410338757],[-107.0980771052933,32.579140885995962],[-107.09892133031921,32.580001014024084],[-107.10037752185265,32.581369502665524],[-107.10172898868858,32.58289859310819],[-107.10281616218477,32.584079513997473],[-107.10355979476348,32.585194243216492],[-107.10417556204298,32.586992323259793],[-107.10419873228912,32.587687136024485]]},"properties":{"fault_name":"Hackler Tank fault","slip_rate":"Less than 0.2 mm/yr","age":"middle and late Quaternary","slip_sense":"Normal","fault_id":"2080"}},{"type":"Feature","geometry":{"type":"LineString","coordinates":[[-107.09820312006303,32.586042338164745],[-107.09864612244877,32.586397638099839],[-107.09915203475217,32.586681520079757],[-107.10016446572176,32.587026535030304]]},"properties":{"fault_name":"Hackler Tank fault","slip_rate":"Less than 0.2 mm/yr","age":"middle and late Quaternary","slip_sense":"Normal","fault_id":"2080"}},{"type":"Feature","geometry":{"type":"LineString","coordinates":[[-107.10125580021436,32.587311539764492],[-107.10144914910452,32.587362035245135],[-107.10321739111315,32.587553858623039],[-107.10419873228912,32.587687136024485]]},"properties":{"fault_name":"Hackler Tank fault","slip_rate":"Less than 0.2 mm/yr","age":"middle and late Quaternary","slip_sense":"Normal","fault_id":"2080"}},{"type":"Feature","geometry":{"type":"LineString","coordinates":[[-107.10016446572176,32.587026535030304],[-107.10125580021436,32.587311539764492]]},"properties":{"fault_name":"Hackler Tank fault","slip_rate":"Less than 0.2 mm/yr","age":"middle and late Quaternary","slip_sense":"Normal","fault_id":"2080"}},{"type":"Feature","geometry":{"type":"LineString","coordinates":[[-107.08326826734181,32.564845338121152],[-107.08369060667937,32.565325405745533],[-107.0843874379301,32.566107718730265],[-107.08510514782468,32.56683653124972],[-107.08599846039095,32.567686760624518],[-107.08667359283601,32.568255318220999],[-107.0873268647786,32.568556670629405],[-107.08772865335743,32.569197140782151],[-107.08787884718136,32.570141095877418],[-107.08800745269237,32.570906928639737],[-107.08828167061937,32.571120089342926],[-107.08885060512984,32.571368187977583],[-107.08927223569665,32.571616634915706],[-107.08971594685315,32.572203554925274],[-107.09064534564271,32.573341662257995],[-107.09108851242014,32.573750412750407],[-107.09207934968695,32.574336044757366]]},"properties":{"fault_name":"Hackler Tank fault","slip_rate":"Less than 0.2 mm/yr","age":"middle and late Quaternary","slip_sense":"Normal","fault_id":"2080"}},{"type":"Feature","geometry":{"type":"LineString","coordinates":[[-107.07584954583925,32.561121212775767],[-107.07675468382797,32.561208168275414],[-107.07780739705154,32.561383858996699],[-107.07907136438554,32.56182631071966],[-107.08016720033602,32.562340427168991],[-107.08092634322642,32.562855334871713],[-107.08160164096148,32.56347734532892],[-107.0819813480523,32.563779342175891]]},"properties":{"fault_name":"Hackler Tank fault","slip_rate":"Less than 0.2 mm/yr","age":"middle and late Quaternary","slip_sense":"Normal","fault_id":"2080"}},{"type":"Feature","geometry":{"type":"LineString","coordinates":[[-107.12409408380589,32.615258049714917],[-107.12370474408027,32.614190327200397],[-107.12297886580482,32.612054184902256],[-107.12166766595151,32.609679886069337],[-107.12007785630776,32.607117028147442],[-107.11899010070329,32.604840943801257],[-107.11838110672102,32.604060380873975],[-107.11711136411807,32.602923714674375],[-107.11607825213399,32.601406907797191],[-107.11544226377745,32.600380713691301],[-107.11424707774979,32.597345451818391],[-107.11349951863498,32.59386264687555],[-107.1130938879617,32.59260491426231],[-107.1126924281663,32.592071345304035],[-107.11229085787808,32.591502143251731],[-107.11170011676408,32.591004655002955],[-107.11066800999482,32.590686377298944],[-107.10927756525871,32.590172954662215],[-107.10832957673264,32.589836661925965],[-107.1076004663188,32.589521238039296],[-107.10629381373747,32.588882898347912],[-107.10515556293254,32.588261979164457],[-107.10419873228912,32.587687136024485]]},"properties":{"fault_name":"Hackler Tank fault","slip_rate":"Less than 0.2 mm/yr","age":"middle and late Quaternary","slip_sense":"Normal","fault_id":"2080"}},{"type":"Feature","geometry":{"type":"LineString","coordinates":[[-106.48796004837891,31.604940677230584],[-106.48778451308083,31.607006177154222],[-106.487960094193,31.608560580702694],[-106.48790623659843,31.611263285108752],[-106.48827294237216,31.613567664121931],[-106.4883263301478,31.617765328892773],[-106.48810471576722,31.622476314781771],[-106.48870755988303,31.626451204946704],[-106.48848649976297,31.631046083810382],[-106.4885093529038,31.637025366308613],[-106.48836440164784,31.641276919225771],[-106.48816610573542,31.64466571933875],[-106.48811281228286,31.647828411224921],[-106.48774671197366,31.649491147259809],[-106.48783840930291,31.651619978343192],[-106.48784622913747,31.655068219016002],[-106.48800626041208,31.657255937952854],[-106.48809018821244,31.660189191360832],[-106.48837245504438,31.663124665850777],[-106.488525269254,31.665655708282223],[-106.48875418963279,31.667900646177234],[-106.4893036837022,31.670725567271042],[-106.49025707739133,31.673669925792197],[-106.49047822824123,31.676487070843184],[-106.49061605316203,31.679939755871175],[-106.49108111367956,31.683912423898246],[-106.49163060685065,31.686794010981114],[-106.49165341687235,31.689439496292298],[-106.49212680926414,31.693065504623416],[-106.49206573640123,31.696284863961104],[-106.49255411628522,31.699052566990822],[-106.49304249257595,31.7016447151051],[-106.49347697533955,31.703719657769991],[-106.49339309514987,31.70458185583907],[-106.4929431137527,31.706931238870077],[-106.49283647025375,31.709058404852183],[-106.49304263001818,31.712565532049243],[-106.49319488906896,31.715156015650727],[-106.4933860604429,31.719699227755314],[-106.49282892889696,31.728085115938235],[-106.49288231487596,31.732168895334407],[-106.49246291841926,31.736704331870989],[-106.49212740215221,31.740494230298765],[-106.49213466413299,31.743713587755472],[-106.49195968938361,31.745954638706195],[-106.49070080292087,31.748582910926991],[-106.48993024693479,31.750123982841725],[-106.48922024907692,31.752126705273721],[-106.48796913124475,31.754411641927302],[-106.48718357788498,31.756988790252354],[-106.48632135960393,31.759737044639746],[-106.48566526066311,31.762830843890647]]},"properties":{"fault_name":"East Franklin Mountains fault","slip_rate":"Less than 0.2 mm/yr","age":"latest Quaternary","slip_sense":"Normal","fault_id":"900"}},{"type":"Feature","geometry":{"type":"LineString","coordinates":[[-106.48566526066311,31.762830843890647],[-106.48423611111467,31.765079307224983],[-106.48146268933741,31.768616567162191],[-106.4771360148569,31.774340630089579],[-106.47535443915449,31.777133205955145],[-106.47275507135343,31.781908812029293],[-106.47092197008297,31.786220199063091],[-106.4697936151192,31.790139070045875],[-106.46921689491018,31.793023010760198]]},"properties":{"fault_name":"East Franklin Mountains fault","slip_rate":"Less than 0.2 mm/yr","age":"latest Quaternary","slip_sense":"Normal","fault_id":"900"}},{"type":"Feature","geometry":{"type":"LineString","coordinates":[[-106.46957480977052,31.949636467753194],[-106.46936835715529,31.949890149120453],[-106.46888214310944,31.950261783809825]]},"properties":{"fault_name":"East Franklin Mountains fault","slip_rate":"Less than 0.2 mm/yr","age":"latest Quaternary","slip_sense":"Normal","fault_id":"900"}},{"type":"Feature","geometry":{"type":"LineString","coordinates":[[-106.46894096479423,31.9432211949694],[-106.46909615504778,31.943535334751797],[-106.46915616340706,31.943785290925796],[-106.46915605560925,31.944034510820472]]},"properties":{"fault_name":"East Franklin Mountains fault","slip_rate":"Less than 0.2 mm/yr","age":"latest Quaternary","slip_sense":"Normal","fault_id":"900"}},{"type":"Feature","geometry":{"type":"LineString","coordinates":[[-106.46839165937106,31.796323853618826],[-106.46888066088921,31.797153958241797],[-106.46898416297962,31.797317432325464],[-106.46904272684795,31.797510228041222],[-106.46907917509228,31.797751498885479]]},"properties":{"fault_name":"East Franklin Mountains fault","slip_rate":"Less than 0.2 mm/yr","age":"latest Quaternary","slip_sense":"Normal","fault_id":"900"}},{"type":"Feature","geometry":{"type":"LineString","coordinates":[[-106.4686110728792,31.799330925906531],[-106.46853513918654,31.799739705924026],[-106.46847059703001,31.800059026739824],[-106.46843797381214,31.800184874177727]]},"properties":{"fault_name":"East Franklin Mountains fault","slip_rate":"Less than 0.2 mm/yr","age":"latest Quaternary","slip_sense":"Normal","fault_id":"900"}},{"type":"Feature","geometry":{"type":"LineString","coordinates":[[-106.46807679267745,31.820687222279041],[-106.46804304476885,31.821757064350834],[-106.46799171144026,31.82197743634925],[-106.46789211881796,31.822026682278061],[-106.46742610159464,31.822196043862824],[-106.46693793101811,31.822375288173312],[-106.46637587041621,31.822765693979839],[-106.46584030113202,31.823356197171304],[-106.46539353929681,31.823916712137724],[-106.46502105825415,31.824285152125423],[-106.46409470834664,31.824900648662833],[-106.46383963262002,31.824999977730435],[-106.46280302708783,31.825149298953168],[-106.46173229904953,31.825270483021136],[-106.46116350287963,31.825336350282232],[-106.4598294642585,31.825700180624985],[-106.4589997155834,31.826123232851582],[-106.45820840402266,31.826784390802104],[-106.45717100527806,31.827439701378545],[-106.45593418503195,31.82818393228095],[-106.4549642048494,31.828857306283144],[-106.45398093409224,31.829282568091941]]},"properties":{"fault_name":"East Franklin Mountains fault","slip_rate":"Less than 0.2 mm/yr","age":"latest Quaternary","slip_sense":"Normal","fault_id":"900"}},{"type":"Feature","geometry":{"type":"LineString","coordinates":[[-106.46280892991756,31.936962505355364],[-106.46364938291759,31.937012423223855],[-106.46445993818834,31.936943322646187],[-106.46545199806225,31.936848234653183],[-106.4663886651208,31.936789590960608],[-106.46696538982141,31.936973854278172],[-106.4674319118979,31.937266820208617],[-106.46758908473328,31.937467901176056],[-106.46775064314387,31.937747713792632]]},"properties":{"fault_name":"East Franklin Mountains fault","slip_rate":"Less than 0.2 mm/yr","age":"latest Quaternary","slip_sense":"Normal","fault_id":"900"}},{"type":"Feature","geometry":{"type":"LineString","coordinates":[[-106.46640775432058,31.937603629246354],[-106.46775064314387,31.937747713792632]]},"properties":{"fault_name":"East Franklin Mountains fault","slip_rate":"Less than 0.2 mm/yr","age":"latest Quaternary","slip_sense":"Normal","fault_id":"900"}},{"type":"Feature","geometry":{"type":"LineString","coordinates":[[-106.46702582128721,31.80588765622236],[-106.46714599970255,31.806225574848114],[-106.46747065893108,31.806986422199191],[-106.46758849993003,31.807439642343073],[-106.46768337100718,31.807951827280128]]},"properties":{"fault_name":"East Franklin Mountains fault","slip_rate":"Less than 0.2 mm/yr","age":"latest Quaternary","slip_sense":"Normal","fault_id":"900"}},{"type":"Feature","geometry":{"type":"LineString","coordinates":[[-106.46733248276901,31.803979076083486],[-106.4673471935801,31.804240712269703]]},"properties":{"fault_name":"East Franklin Mountains fault","slip_rate":"Less than 0.2 mm/yr","age":"latest Quaternary","slip_sense":"Normal","fault_id":"900"}},{"type":"Feature","geometry":{"type":"LineString","coordinates":[[-106.46731714493383,31.802883829717146],[-106.4673206986691,31.80319456923246]]},"properties":{"fault_name":"East Franklin Mountains fault","slip_rate":"Less than 0.2 mm/yr","age":"latest Quaternary","slip_sense":"Normal","fault_id":"900"}},{"type":"Feature","geometry":{"type":"LineString","coordinates":[[-106.46697833095139,31.951783639250003],[-106.46622963097616,31.952635729812542],[-106.46553669212554,31.95329921408484],[-106.46499598627457,31.953705413669535],[-106.46432395840714,31.954046472676303],[-106.463718643026,31.954486742777121],[-106.46328212737494,31.954891731327326],[-106.46278188972919,31.955386329750681],[-106.46202465935201,31.956106085667013],[-106.46172964991774,31.956398338940101]]},"properties":{"fault_name":"East Franklin Mountains fault","slip_rate":"Less than 0.2 mm/yr","age":"latest Quaternary","slip_sense":"Normal","fault_id":"900"}},{"type":"Feature","geometry":{"type":"LineString","coordinates":[[-106.46614944915054,31.938273020327944],[-106.4657776166915,31.938647361751293],[-106.46561259168222,31.938828322013407],[-106.46553017484817,31.93892476870197],[-106.46550391799072,31.939032499160703]]},"properties":{"fault_name":"East Franklin Mountains fault","slip_rate":"Less than 0.2 mm/yr","age":"latest Quaternary","slip_sense":"Normal","fault_id":"900"}},{"type":"Feature","geometry":{"type":"LineString","coordinates":[[-106.4639183115642,31.937193705361285],[-106.4644870601234,31.937387252338919]]},"properties":{"fault_name":"East Franklin Mountains fault","slip_rate":"Less than 0.2 mm/yr","age":"latest Quaternary","slip_sense":"Normal","fault_id":"900"}},{"type":"Feature","geometry":{"type":"LineString","coordinates":[[-106.4562935183321,31.9354972193529],[-106.45741931489395,31.935890024685765],[-106.45904919928081,31.936300854712304],[-106.46102697422779,31.936588269134177],[-106.46280892991756,31.936962505355364]]},"properties":{"fault_name":"East Franklin Mountains fault","slip_rate":"Less than 0.2 mm/yr","age":"latest Quaternary","slip_sense":"Normal","fault_id":"900"}},{"type":"Feature","geometry":{"type":"LineString","coordinates":[[-106.4620099000319,31.965398411719285],[-106.46215765942141,31.965603804813334],[-106.46226524255815,31.965748856755088]]},"properties":{"fault_name":"East Franklin Mountains fault","slip_rate":"Less than 0.2 mm/yr","age":"latest Quaternary","slip_sense":"Normal","fault_id":"900"}},{"type":"Feature","geometry":{"type":"LineString","coordinates":[[-106.46156985579839,31.969740755806022],[-106.46135100104235,31.970069469280169]]},"properties":{"fault_name":"East Franklin Mountains fault","slip_rate":"Less than 0.2 mm/yr","age":"latest Quaternary","slip_sense":"Normal","fault_id":"900"}},{"type":"Feature","geometry":{"type":"LineString","coordinates":[[-106.45981748163095,31.959620482335286],[-106.45975328083421,31.960140721311117],[-106.45951511409619,31.960732271629233],[-106.45920465902894,31.961424528221066]]},"properties":{"fault_name":"East Franklin Mountains fault","slip_rate":"Less than 0.2 mm/yr","age":"latest Quaternary","slip_sense":"Normal","fault_id":"900"}},{"type":"Feature","geometry":{"type":"LineString","coordinates":[[-106.45912782881764,31.962648819648976],[-106.45951965957153,31.963109221093905]]},"properties":{"fault_name":"East Franklin Mountains fault","slip_rate":"Less than 0.2 mm/yr","age":"latest Quaternary","slip_sense":"Normal","fault_id":"900"}},{"type":"Feature","geometry":{"type":"LineString","coordinates":[[-106.45906252219481,31.870022359760569],[-106.45888599336001,31.871107255180867],[-106.45876236990557,31.872298290235225],[-106.45855800317842,31.873573581895869]]},"properties":{"fault_name":"East Franklin Mountains fault","slip_rate":"Less than 0.2 mm/yr","age":"latest Quaternary","slip_sense":"Normal","fault_id":"900"}},{"type":"Feature","geometry":{"type":"LineString","coordinates":[[-106.45874197365704,31.974609665912887],[-106.45739100628438,31.976801442858175],[-106.45602907587204,31.978988469798004],[-106.45526458441242,31.980653169208352],[-106.45513148373172,31.982178205830913],[-106.45566980006403,31.984519287002723],[-106.45661643213403,31.987191086357701]]},"properties":{"fault_name":"East Franklin Mountains fault","slip_rate":"Less than 0.2 mm/yr","age":"latest Quaternary","slip_sense":"Normal","fault_id":"900"}},{"type":"Feature","geometry":{"type":"LineString","coordinates":[[-106.45821396189932,31.875036937773714],[-106.45814397056226,31.876064373328187],[-106.45823116373872,31.877708602320261],[-106.45831020560225,31.878856117884087]]},"properties":{"fault_name":"East Franklin Mountains fault","slip_rate":"Less than 0.2 mm/yr","age":"latest Quaternary","slip_sense":"Normal","fault_id":"900"}},{"type":"Feature","geometry":{"type":"LineString","coordinates":[[-106.45776947010685,31.864772134271586],[-106.45775662060504,31.865220664761086]]},"properties":{"fault_name":"East Franklin Mountains fault","slip_rate":"Less than 0.2 mm/yr","age":"latest Quaternary","slip_sense":"Normal","fault_id":"900"}},{"type":"Feature","geometry":{"type":"LineString","coordinates":[[-106.45765664080885,31.867538967002233],[-106.45771471509534,31.867855293103514]]},"properties":{"fault_name":"East Franklin Mountains fault","slip_rate":"Less than 0.2 mm/yr","age":"latest Quaternary","slip_sense":"Normal","fault_id":"900"}},{"type":"Feature","geometry":{"type":"LineString","coordinates":[[-106.45756017971364,31.866219202634284],[-106.45759493014209,31.866568463997275],[-106.45765067958864,31.866965906886502]]},"properties":{"fault_name":"East Franklin Mountains fault","slip_rate":"Less than 0.2 mm/yr","age":"latest Quaternary","slip_sense":"Normal","fault_id":"900"}},{"type":"Feature","geometry":{"type":"LineString","coordinates":[[-106.45720919176247,31.86206764604902],[-106.457291949058,31.862303322056427],[-106.45737443236739,31.862548541258096]]},"properties":{"fault_name":"East Franklin Mountains fault","slip_rate":"Less than 0.2 mm/yr","age":"latest Quaternary","slip_sense":"Normal","fault_id":"900"}},{"type":"Feature","geometry":{"type":"LineString","coordinates":[[-106.45713206061555,31.886623097983442],[-106.45717769682861,31.887712430083813],[-106.45720165759218,31.888438645342745],[-106.45718470728107,31.889030322990919],[-106.45698879100581,31.889618267849489],[-106.45669737393439,31.890414296218552],[-106.45632357955478,31.890960333800503],[-106.45544558236575,31.891916002180075],[-106.45386146265102,31.893296172690029],[-106.4530783805566,31.894062829977912],[-106.45289064523863,31.894364473972306],[-106.45258118999629,31.895007334760788],[-106.45236121773604,31.895652065728612],[-106.45226999831051,31.896490463359633],[-106.45227447910716,31.897894245182783],[-106.45214646378928,31.900794435638524],[-106.45210044579221,31.902397688899924],[-106.45210118061412,31.903152066978432],[-106.45215068497281,31.904547238811531],[-106.45238411758928,31.905774372122234],[-106.45272724079014,31.907080184885089],[-106.45281126291361,31.907272916748923],[-106.45273962855792,31.90763482009195],[-106.45214035075378,31.908233435063465]]},"properties":{"fault_name":"East Franklin Mountains fault","slip_rate":"Less than 0.2 mm/yr","age":"latest Quaternary","slip_sense":"Normal","fault_id":"900"}},{"type":"Feature","geometry":{"type":"LineString","coordinates":[[-106.45532452539807,31.875059657762019],[-106.45520174456333,31.87543905091173],[-106.45516131768062,31.876068436227197],[-106.45524743377702,31.876967832243409],[-106.45555832273052,31.877833723715479],[-106.45580266089455,31.878679128363579],[-106.45611137323014,31.879621365182196],[-106.45629025834594,31.880408108116239],[-106.45651005543472,31.881329389186348],[-106.4566251233344,31.882000212684172],[-106.45674292660412,31.882575604970295],[-106.45697498569653,31.883850449263953],[-106.45711123407398,31.886125928322294],[-106.45713206061555,31.886623097983442]]},"properties":{"fault_name":"East Franklin Mountains fault","slip_rate":"Less than 0.2 mm/yr","age":"latest Quaternary","slip_sense":"Normal","fault_id":"900"}},{"type":"Feature","geometry":{"type":"LineString","coordinates":[[-106.45664649515334,31.990325721954243],[-106.45664740604502,31.990381401219047],[-106.45672751780208,31.991001908072047],[-106.45676594323835,31.991752216649743]]},"properties":{"fault_name":"East Franklin Mountains fault","slip_rate":"Less than 0.2 mm/yr","age":"latest Quaternary","slip_sense":"Normal","fault_id":"900"}},{"type":"Feature","geometry":{"type":"LineString","coordinates":[[-106.45659768339573,31.871303016226058],[-106.45636362824678,31.871660990236339],[-106.45625751026225,31.871849752994105]]},"properties":{"fault_name":"East Franklin Mountains fault","slip_rate":"Less than 0.2 mm/yr","age":"latest Quaternary","slip_sense":"Normal","fault_id":"900"}},{"type":"Feature","geometry":{"type":"LineString","coordinates":[[-106.45635094672991,31.838044293975088],[-106.45624349384887,31.838255959172344],[-106.45593818163663,31.838632909070771],[-106.45566365199424,31.838875727768094],[-106.45501084537895,31.839210166304152],[-106.45399387612053,31.839779216141764],[-106.45316515332146,31.840259501840141],[-106.45272588433406,31.840648004294838],[-106.45246506477952,31.841014729892308]]},"properties":{"fault_name":"East Franklin Mountains fault","slip_rate":"Less than 0.2 mm/yr","age":"latest Quaternary","slip_sense":"Normal","fault_id":"900"}},{"type":"Feature","geometry":{"type":"LineString","coordinates":[[-106.44929505297398,31.910304167118191],[-106.44820406702773,31.911206814287681],[-106.44652067988082,31.912909497979562],[-106.44575151538511,31.913962877704652],[-106.44538141397965,31.91494767574985],[-106.44527982530079,31.915365700668975],[-106.445162306797,31.916337229006839],[-106.44503654804711,31.917595051965115],[-106.44508610360975,31.918207220266968],[-106.4452152849409,31.919164813911692],[-106.44534611737549,31.920065149997875],[-106.445610672125,31.920987380758202],[-106.44602254788612,31.922237356937408],[-106.44657901018719,31.923910506695886],[-106.44714811537756,31.925144668349873],[-106.44760533989087,31.926376487280208],[-106.44806614329229,31.927484243112833],[-106.44916956821027,31.929608056913025],[-106.44994181482573,31.930789153025557],[-106.4516354499534,31.932638802301135],[-106.45234499326369,31.933665790178214],[-106.4529563354421,31.934213281105503],[-106.4543499413497,31.934815280266768],[-106.4562935183321,31.9354972193529]]},"properties":{"fault_name":"East Franklin Mountains fault","slip_rate":"Less than 0.2 mm/yr","age":"latest Quaternary","slip_sense":"Normal","fault_id":"900"}},{"type":"Feature","geometry":{"type":"LineString","coordinates":[[-106.45546169634532,31.8592619712709],[-106.45583321708895,31.859962027856625],[-106.45626949558479,31.860501103001077]]},"properties":{"fault_name":"East Franklin Mountains fault","slip_rate":"Less than 0.2 mm/yr","age":"latest Quaternary","slip_sense":"Normal","fault_id":"900"}},{"type":"Feature","geometry":{"type":"LineString","coordinates":[[-106.45587034625629,31.873254912064237],[-106.45581494355942,31.873626162983491],[-106.45581874073814,31.873884062843654]]},"properties":{"fault_name":"East Franklin Mountains fault","slip_rate":"Less than 0.2 mm/yr","age":"latest Quaternary","slip_sense":"Normal","fault_id":"900"}},{"type":"Feature","geometry":{"type":"LineString","coordinates":[[-106.45526406159291,31.851083942380665],[-106.45529063555566,31.851571493694038]]},"properties":{"fault_name":"East Franklin Mountains fault","slip_rate":"Less than 0.2 mm/yr","age":"latest Quaternary","slip_sense":"Normal","fault_id":"900"}},{"type":"Feature","geometry":{"type":"LineString","coordinates":[[-106.45527763693349,31.852024797898796],[-106.45528408773555,31.85228752872213]]},"properties":{"fault_name":"East Franklin Mountains fault","slip_rate":"Less than 0.2 mm/yr","age":"latest Quaternary","slip_sense":"Normal","fault_id":"900"}},{"type":"Feature","geometry":{"type":"LineString","coordinates":[[-106.45512878788756,31.857703314164851],[-106.45519622890748,31.85827765875176],[-106.45525311472288,31.858732423153935]]},"properties":{"fault_name":"East Franklin Mountains fault","slip_rate":"Less than 0.2 mm/yr","age":"latest Quaternary","slip_sense":"Normal","fault_id":"900"}},{"type":"Feature","geometry":{"type":"LineString","coordinates":[[-106.45517770384971,31.85565608571661],[-106.45502498935309,31.855958462827662],[-106.45496224113219,31.856195875795866],[-106.45498403605761,31.856411182369872]]},"properties":{"fault_name":"East Franklin Mountains fault","slip_rate":"Less than 0.2 mm/yr","age":"latest Quaternary","slip_sense":"Normal","fault_id":"900"}},{"type":"Feature","geometry":{"type":"LineString","coordinates":[[-106.45498879263704,31.849906056949042],[-106.45507129660767,31.850101147270884]]},"properties":{"fault_name":"East Franklin Mountains fault","slip_rate":"Less than 0.2 mm/yr","age":"latest Quaternary","slip_sense":"Normal","fault_id":"900"}},{"type":"Feature","geometry":{"type":"LineString","coordinates":[[-106.45271866098086,31.845540080336956],[-106.45290829893059,31.845899744673936],[-106.45335167321885,31.846529700259499],[-106.45389767014686,31.846994690680781],[-106.45425486366003,31.84721700932473],[-106.45447265031918,31.847424477143552],[-106.45456602839633,31.847581598897815],[-106.4546835927142,31.847870525040232],[-106.4547074375951,31.848014257891116]]},"properties":{"fault_name":"East Franklin Mountains fault","slip_rate":"Less than 0.2 mm/yr","age":"latest Quaternary","slip_sense":"Normal","fault_id":"900"}},{"type":"Feature","geometry":{"type":"LineString","coordinates":[[-106.44538879004645,31.934596413035003],[-106.44520651289213,31.935093914736466],[-106.44511125464109,31.935485813071523]]},"properties":{"fault_name":"East Franklin Mountains fault","slip_rate":"Less than 0.2 mm/yr","age":"latest Quaternary","slip_sense":"Normal","fault_id":"900"}},{"type":"Feature","geometry":{"type":"LineString","coordinates":[[-106.44517974040171,31.936024370666349],[-106.4452103792411,31.936418902739092],[-106.44512026923496,31.936631866640273],[-106.44494519567093,31.93687886237138]]},"properties":{"fault_name":"East Franklin Mountains fault","slip_rate":"Less than 0.2 mm/yr","age":"latest Quaternary","slip_sense":"Normal","fault_id":"900"}},{"type":"Feature","geometry":{"type":"LineString","coordinates":[[-106.44427346963745,31.938332943782559],[-106.44400518508289,31.938900260822557]]},"properties":{"fault_name":"East Franklin Mountains fault","slip_rate":"Less than 0.2 mm/yr","age":"latest Quaternary","slip_sense":"Normal","fault_id":"900"}},{"type":"Feature","geometry":{"type":"LineString","coordinates":[[-106.43999513709562,31.989446308893044],[-106.43990838858527,31.989708175080182],[-106.43984938903404,31.989994117251779],[-106.43988826003469,31.990292734183381],[-106.43999434298492,31.990626829194664]]},"properties":{"fault_name":"East Franklin Mountains fault","slip_rate":"Less than 0.2 mm/yr","age":"latest Quaternary","slip_sense":"Normal","fault_id":"900"}},{"type":"Feature","geometry":{"type":"LineString","coordinates":[[-106.46992132411157,31.947677170363001],[-106.46999194516764,31.948020745819633],[-106.46997440735834,31.948554206788511],[-106.46976273732794,31.949167687342126],[-106.46957480977052,31.949636467753194]]},"properties":{"fault_name":"East Franklin Mountains fault","slip_rate":"Less than 0.2 mm/yr","age":"latest Quaternary","slip_sense":"Normal","fault_id":"900"}},{"type":"Feature","geometry":{"type":"LineString","coordinates":[[-106.46921689491018,31.793023010760198],[-106.46912014006587,31.793506822846979],[-106.46895673382075,31.794107077715939],[-106.4685450107732,31.79475750079191],[-106.46820063981239,31.795359108876966],[-106.46815912057828,31.795716904974153],[-106.46839165937106,31.796323853618826]]},"properties":{"fault_name":"East Franklin Mountains fault","slip_rate":"Less than 0.2 mm/yr","age":"latest Quaternary","slip_sense":"Normal","fault_id":"900"}},{"type":"Feature","geometry":{"type":"LineString","coordinates":[[-106.46907917509228,31.797751498885479],[-106.46889457489465,31.798314316931542],[-106.46872005109957,31.79893397726433],[-106.4686110728792,31.799330925906531]]},"properties":{"fault_name":"East Franklin Mountains fault","slip_rate":"Less than 0.2 mm/yr","age":"latest Quaternary","slip_sense":"Normal","fault_id":"900"}},{"type":"Feature","geometry":{"type":"LineString","coordinates":[[-106.46768337100718,31.807951827280128],[-106.46774350692723,31.808676537101249],[-106.46777195387736,31.808962535271156],[-106.46790449131437,31.809409262979834],[-106.46826677019035,31.810138931785353],[-106.46857131434304,31.810783547186507],[-106.46885511909073,31.811504856850906],[-106.46896387902051,31.811885112238077],[-106.46894962814683,31.812267234790138],[-106.46885321376404,31.812994323749272],[-106.46868579204958,31.814591328956325],[-106.46861275632203,31.815365800279082],[-106.46837277588546,31.81618099835211],[-106.46810860202164,31.816910635035324],[-106.46803984676643,31.817360418835118],[-106.46811483004151,31.818256760175768],[-106.46812491273228,31.819784233981387],[-106.46807679267745,31.820687222279041]]},"properties":{"fault_name":"East Franklin Mountains fault","slip_rate":"Less than 0.2 mm/yr","age":"latest Quaternary","slip_sense":"Normal","fault_id":"900"}},{"type":"Feature","geometry":{"type":"LineString","coordinates":[[-106.46843797381214,31.800184874177727],[-106.46826492864403,31.800480619104899],[-106.46783135767045,31.801208497873802],[-106.46753079485113,31.801674512139325],[-106.46731041026415,31.802236542839584],[-106.46731422900243,31.802603660756958],[-106.46731714493383,31.802883829717146]]},"properties":{"fault_name":"East Franklin Mountains fault","slip_rate":"Less than 0.2 mm/yr","age":"latest Quaternary","slip_sense":"Normal","fault_id":"900"}},{"type":"Feature","geometry":{"type":"LineString","coordinates":[[-106.4673471935801,31.804240712269703],[-106.46732856162279,31.80454240816281],[-106.46723359801915,31.80520011724682],[-106.46711329563631,31.80559714890413],[-106.46702471635939,31.805781384633143],[-106.46702582128721,31.80588765622236]]},"properties":{"fault_name":"East Franklin Mountains fault","slip_rate":"Less than 0.2 mm/yr","age":"latest Quaternary","slip_sense":"Normal","fault_id":"900"}},{"type":"Feature","geometry":{"type":"LineString","coordinates":[[-106.4673206986691,31.80319456923246],[-106.46731956409691,31.803824584204765],[-106.46733248276901,31.803979076083486]]},"properties":{"fault_name":"East Franklin Mountains fault","slip_rate":"Less than 0.2 mm/yr","age":"latest Quaternary","slip_sense":"Normal","fault_id":"900"}},{"type":"Feature","geometry":{"type":"LineString","coordinates":[[-106.46575062501215,31.941321337726389],[-106.46570060322387,31.941691936044613],[-106.46562259532122,31.942062859130829],[-106.46555531779467,31.942230746184944]]},"properties":{"fault_name":"East Franklin Mountains fault","slip_rate":"Less than 0.2 mm/yr","age":"latest Quaternary","slip_sense":"Normal","fault_id":"900"}},{"type":"Feature","geometry":{"type":"LineString","coordinates":[[-106.45951965957153,31.963109221093905],[-106.46022468525427,31.963849860164068],[-106.46110878110576,31.964677519926092],[-106.46173619504292,31.965202308208411],[-106.4620099000319,31.965398411719285]]},"properties":{"fault_name":"East Franklin Mountains fault","slip_rate":"Less than 0.2 mm/yr","age":"latest Quaternary","slip_sense":"Normal","fault_id":"900"}},{"type":"Feature","geometry":{"type":"LineString","coordinates":[[-106.46172964991774,31.956398338940101],[-106.46107780180489,31.956939657272621],[-106.46051258901463,31.957446107050384],[-106.46014452408991,31.958061375705022],[-106.45988101587773,31.95869765825833],[-106.45981466181927,31.959442761771271],[-106.45981748163095,31.959620482335286]]},"properties":{"fault_name":"East Franklin Mountains fault","slip_rate":"Less than 0.2 mm/yr","age":"latest Quaternary","slip_sense":"Normal","fault_id":"900"}},{"type":"Feature","geometry":{"type":"LineString","coordinates":[[-106.45920465902894,31.961424528221066],[-106.4590930496431,31.961910185965394],[-106.45902568408162,31.962313449096772],[-106.45906212064787,31.962504633919878],[-106.45912782881764,31.962648819648976]]},"properties":{"fault_name":"East Franklin Mountains fault","slip_rate":"Less than 0.2 mm/yr","age":"latest Quaternary","slip_sense":"Normal","fault_id":"900"}},{"type":"Feature","geometry":{"type":"LineString","coordinates":[[-106.45914967315042,31.964870780377186],[-106.45899215805692,31.965986280008924],[-106.45890336498096,31.9666509390043],[-106.45891362643647,31.967270046345011],[-106.45896779574642,31.96781865315906],[-106.45902332420739,31.968319680198757],[-106.45907304236509,31.968534944785549]]},"properties":{"fault_name":"East Franklin Mountains fault","slip_rate":"Less than 0.2 mm/yr","age":"latest Quaternary","slip_sense":"Normal","fault_id":"900"}},{"type":"Feature","geometry":{"type":"LineString","coordinates":[[-106.45855800317842,31.873573581895869],[-106.45821396189932,31.875036937773714]]},"properties":{"fault_name":"East Franklin Mountains fault","slip_rate":"Less than 0.2 mm/yr","age":"latest Quaternary","slip_sense":"Normal","fault_id":"900"}},{"type":"Feature","geometry":{"type":"LineString","coordinates":[[-106.45831020560225,31.878856117884087],[-106.4584083393605,31.880118618773043],[-106.45813163310017,31.88196533395222],[-106.45783851641622,31.884384640990298],[-106.45757600533399,31.885735108763793],[-106.45713206061555,31.886623097983442]]},"properties":{"fault_name":"East Franklin Mountains fault","slip_rate":"Less than 0.2 mm/yr","age":"latest Quaternary","slip_sense":"Normal","fault_id":"900"}},{"type":"Feature","geometry":{"type":"LineString","coordinates":[[-106.45581874073814,31.873884062843654],[-106.4557715118121,31.87436052294375],[-106.45560482132629,31.874710353056262],[-106.45545314258719,31.874926811775683],[-106.45532452539807,31.875059657762019]]},"properties":{"fault_name":"East Franklin Mountains fault","slip_rate":"Less than 0.2 mm/yr","age":"latest Quaternary","slip_sense":"Normal","fault_id":"900"}},{"type":"Feature","geometry":{"type":"LineString","coordinates":[[-106.45529063555566,31.851571493694038],[-106.45527763693349,31.852024797898796]]},"properties":{"fault_name":"East Franklin Mountains fault","slip_rate":"Less than 0.2 mm/yr","age":"latest Quaternary","slip_sense":"Normal","fault_id":"900"}},{"type":"Feature","geometry":{"type":"LineString","coordinates":[[-106.45507129660767,31.850101147270884],[-106.45508415778761,31.850335365144996],[-106.4551214908725,31.850593967321682],[-106.45521308489549,31.850910996344798],[-106.45526406159291,31.851083942380665]]},"properties":{"fault_name":"East Franklin Mountains fault","slip_rate":"Less than 0.2 mm/yr","age":"latest Quaternary","slip_sense":"Normal","fault_id":"900"}},{"type":"Feature","geometry":{"type":"LineString","coordinates":[[-106.4547074375951,31.848014257891116],[-106.45478844856574,31.849090208984993],[-106.45486951343531,31.849676777277953],[-106.45498879263704,31.849906056949042]]},"properties":{"fault_name":"East Franklin Mountains fault","slip_rate":"Less than 0.2 mm/yr","age":"latest Quaternary","slip_sense":"Normal","fault_id":"900"}},{"type":"Feature","geometry":{"type":"LineString","coordinates":[[-106.45457877638854,31.815207022935422],[-106.45453635524588,31.818212550155639],[-106.45449001475363,31.819590716857114],[-106.454455323614,31.820622380631058],[-106.45439200496287,31.821348951939765],[-106.45426829527014,31.821856835692856],[-106.45421516261605,31.821991299983864],[-106.45419320958713,31.822554939730136],[-106.45423478631342,31.823489980725011],[-106.45430263157526,31.824071365808972],[-106.45435479135391,31.824433390661451],[-106.45433146480093,31.824930218338345],[-106.45428578726535,31.825427380703019],[-106.45425030291332,31.825876651323092],[-106.4542987427684,31.826601541818228],[-106.4542411032665,31.82706069383833],[-106.45404248575718,31.827732012227049],[-106.45397740101821,31.828916892633899],[-106.45398093409224,31.829282568091941]]},"properties":{"fault_name":"East Franklin Mountains fault","slip_rate":"Less than 0.2 mm/yr","age":"latest Quaternary","slip_sense":"Normal","fault_id":"900"}},{"type":"Feature","geometry":{"type":"LineString","coordinates":[[-106.45398093409224,31.829282568091941],[-106.45399722863317,31.830969331235579],[-106.45405833024215,31.831988416133242]]},"properties":{"fault_name":"East Franklin Mountains fault","slip_rate":"Less than 0.2 mm/yr","age":"latest Quaternary","slip_sense":"Normal","fault_id":"900"}},{"type":"Feature","geometry":{"type":"LineString","coordinates":[[-106.45246506477952,31.841014729892308],[-106.45246601789204,31.841481253002485],[-106.45256524400168,31.842700823781581],[-106.45262970081828,31.843962637851853],[-106.45270525362524,31.844837950041473],[-106.45271866098086,31.845540080336956]]},"properties":{"fault_name":"East Franklin Mountains fault","slip_rate":"Less than 0.2 mm/yr","age":"latest Quaternary","slip_sense":"Normal","fault_id":"900"}},{"type":"Feature","geometry":{"type":"LineString","coordinates":[[-106.45214035075378,31.908233435063465],[-106.4506580200422,31.90917645537715],[-106.44929505297398,31.910304167118191]]},"properties":{"fault_name":"East Franklin Mountains fault","slip_rate":"Less than 0.2 mm/yr","age":"latest Quaternary","slip_sense":"Normal","fault_id":"900"}},{"type":"Feature","geometry":{"type":"LineString","coordinates":[[-106.44710695007967,31.930335358889387],[-106.44643838881092,31.931682090753128],[-106.44572063939049,31.933278449146108],[-106.44538879004645,31.934596413035003]]},"properties":{"fault_name":"East Franklin Mountains fault","slip_rate":"Less than 0.2 mm/yr","age":"latest Quaternary","slip_sense":"Normal","fault_id":"900"}},{"type":"Feature","geometry":{"type":"LineString","coordinates":[[-106.4456556184319,31.986981890050355],[-106.44521061459972,31.987875592840179],[-106.44448909495004,31.98939341533876],[-106.44391853089563,31.990647795710057],[-106.44381998570897,31.990901219010368]]},"properties":{"fault_name":"East Franklin Mountains fault","slip_rate":"Less than 0.2 mm/yr","age":"latest Quaternary","slip_sense":"Normal","fault_id":"900"}},{"type":"Feature","geometry":{"type":"LineString","coordinates":[[-106.44511125464109,31.935485813071523],[-106.44517974040171,31.936024370666349]]},"properties":{"fault_name":"East Franklin Mountains fault","slip_rate":"Less than 0.2 mm/yr","age":"latest Quaternary","slip_sense":"Normal","fault_id":"900"}},{"type":"Feature","geometry":{"type":"LineString","coordinates":[[-106.44494519567093,31.93687886237138],[-106.44441069987353,31.937941925117507],[-106.44427346963745,31.938332943782559]]},"properties":{"fault_name":"East Franklin Mountains fault","slip_rate":"Less than 0.2 mm/yr","age":"latest Quaternary","slip_sense":"Normal","fault_id":"900"}},{"type":"Feature","geometry":{"type":"LineString","coordinates":[[-106.43999434298492,31.990626829194664],[-106.44011746068786,31.990902219372142],[-106.44026882771155,31.991153956673127],[-106.4406560608878,31.991610341719582],[-106.44114079720502,31.992115196841766],[-106.44158228862443,31.992739050310252],[-106.44192354243121,31.993576935151204],[-106.44205654968711,31.994246182638026],[-106.44212080887435,31.994795581277724],[-106.44222132765968,31.995894166031892],[-106.44231346426511,31.996455707735738],[-106.44246297626775,31.996886422093162],[-106.44256973924263,31.997388410332501],[-106.44257962340572,31.997782269693026],[-106.44250438141583,31.998282880974646],[-106.44236789678143,31.999284211135652],[-106.44235965833198,31.999753514225564],[-106.44268507484027,32.000770267894382],[-106.44284859696806,32.001201086922073],[-106.44328728025391,32.00209936592438],[-106.4437265950554,32.002937984167133],[-106.44392914089747,32.003655483320863],[-106.44408956114258,32.00438459930912],[-106.44418503319268,32.006313488097824]]},"properties":{"fault_name":"East Franklin Mountains fault","slip_rate":"Less than 0.2 mm/yr","age":"latest Quaternary","slip_sense":"Normal","fault_id":"900"}},{"type":"Feature","geometry":{"type":"LineString","coordinates":[[-106.44400518508289,31.938900260822557],[-106.44381362114518,31.939719842265411],[-106.44357287444568,31.940789050643922],[-106.44368023300359,31.941435848328116]]},"properties":{"fault_name":"East Franklin Mountains fault","slip_rate":"Less than 0.2 mm/yr","age":"latest Quaternary","slip_sense":"Normal","fault_id":"900"}},{"type":"Feature","geometry":{"type":"LineString","coordinates":[[-106.44178945270536,31.972836664000813],[-106.44167875421122,31.974488189832456],[-106.44141674708388,31.976319305128939],[-106.44125042939892,31.977246053197192],[-106.44113667393786,31.978293153646096],[-106.4411505115865,31.979283283664103],[-106.44147017528371,31.980840298712678],[-106.442050466296,31.982092670917474],[-106.44255428911808,31.983081079065666],[-106.442679281605,31.983608416008906],[-106.44265580862664,31.983941848848996],[-106.44261743169938,31.984093948773452]]},"properties":{"fault_name":"East Franklin Mountains fault","slip_rate":"Less than 0.2 mm/yr","age":"latest Quaternary","slip_sense":"Normal","fault_id":"900"}},{"type":"Feature","geometry":{"type":"LineString","coordinates":[[-106.43903561869287,31.958492357943186],[-106.43950655059913,31.959647065356606],[-106.4400771784339,31.961233180338379],[-106.44022772080415,31.961844536751578],[-106.44036945159978,31.962765782857137],[-106.44060841424515,31.963712908038925],[-106.44088764836468,31.964720498990705],[-106.44121354098009,31.965526059127964]]},"properties":{"fault_name":"East Franklin Mountains fault","slip_rate":"Less than 0.2 mm/yr","age":"latest Quaternary","slip_sense":"Normal","fault_id":"900"}},{"type":"Feature","geometry":{"type":"LineString","coordinates":[[-106.43721115202894,31.947465921966174],[-106.43836368694519,31.950877962661796],[-106.43888965503565,31.952521830739855],[-106.43919786072141,31.953583530354557],[-106.43925776397781,31.954217932344509],[-106.43917527527853,31.955271454679654],[-106.43901902680959,31.956623344630824],[-106.43899429529149,31.957933557103061],[-106.43903561869287,31.958492357943186]]},"properties":{"fault_name":"East Franklin Mountains fault","slip_rate":"Less than 0.2 mm/yr","age":"latest Quaternary","slip_sense":"Normal","fault_id":"900"}},{"type":"Feature","geometry":{"type":"LineString","coordinates":[[-106.46915605560925,31.944034510820472],[-106.46884249326943,31.944551414693343],[-106.46871198512663,31.945137798885114],[-106.46883334931815,31.94572124690076],[-106.4692230798109,31.946456732298039],[-106.46972841809082,31.947417650902167],[-106.46992132411157,31.947677170363001]]},"properties":{"fault_name":"East Franklin Mountains fault","slip_rate":"Less than 0.2 mm/yr","age":"latest Quaternary","slip_sense":"Normal","fault_id":"900"}},{"type":"Feature","geometry":{"type":"LineString","coordinates":[[-106.46775064314387,31.937747713792632],[-106.46801248318457,31.938365334266599],[-106.46838798975313,31.939089054189562],[-106.46873359769405,31.939693759654869],[-106.46890861376592,31.940133349945391],[-106.46892644981588,31.940371861672059],[-106.46884787956787,31.940706985305741],[-106.46854774075335,31.941187924161405],[-106.46844214558833,31.941583043147276],[-106.46844983157391,31.942060392342462],[-106.46849699941453,31.942382114046854],[-106.46865150335518,31.942627770988135],[-106.46894096479423,31.9432211949694]]},"properties":{"fault_name":"East Franklin Mountains fault","slip_rate":"Less than 0.2 mm/yr","age":"latest Quaternary","slip_sense":"Normal","fault_id":"900"}},{"type":"Feature","geometry":{"type":"LineString","coordinates":[[-106.46888214310944,31.950261783809825],[-106.46830257074937,31.95067955824074],[-106.46753044899975,31.951277312981322],[-106.46697833095139,31.951783639250003]]},"properties":{"fault_name":"East Franklin Mountains fault","slip_rate":"Less than 0.2 mm/yr","age":"latest Quaternary","slip_sense":"Normal","fault_id":"900"}},{"type":"Feature","geometry":{"type":"LineString","coordinates":[[-106.4644870601234,31.937387252338919],[-106.46539843511512,31.937496012987534],[-106.46640775432058,31.937603629246354]]},"properties":{"fault_name":"East Franklin Mountains fault","slip_rate":"Less than 0.2 mm/yr","age":"latest Quaternary","slip_sense":"Normal","fault_id":"900"}},{"type":"Feature","geometry":{"type":"LineString","coordinates":[[-106.46550391799072,31.939032499160703],[-106.46545849737333,31.93968950669829],[-106.46558385906786,31.940523568011347],[-106.46571861175038,31.94107105468289],[-106.46575062501215,31.941321337726389]]},"properties":{"fault_name":"East Franklin Mountains fault","slip_rate":"Less than 0.2 mm/yr","age":"latest Quaternary","slip_sense":"Normal","fault_id":"900"}},{"type":"Feature","geometry":{"type":"LineString","coordinates":[[-106.46280892991756,31.936962505355364],[-106.4639183115642,31.937193705361285]]},"properties":{"fault_name":"East Franklin Mountains fault","slip_rate":"Less than 0.2 mm/yr","age":"latest Quaternary","slip_sense":"Normal","fault_id":"900"}},{"type":"Feature","geometry":{"type":"LineString","coordinates":[[-106.46226524255815,31.965748856755088],[-106.46242490821842,31.96619984907036],[-106.46265923825185,31.967287767899808],[-106.46269608265324,31.967955030647889],[-106.46259471406164,31.968571821629745],[-106.46237213668705,31.969031378720103],[-106.46211345063132,31.969287855134798],[-106.46156985579839,31.969740755806022]]},"properties":{"fault_name":"East Franklin Mountains fault","slip_rate":"Less than 0.2 mm/yr","age":"latest Quaternary","slip_sense":"Normal","fault_id":"900"}},{"type":"Feature","geometry":{"type":"LineString","coordinates":[[-106.46135100104235,31.970069469280169],[-106.46121928197056,31.970280968991183],[-106.46109129180552,31.970361627818427],[-106.46093606561936,31.970417916653535],[-106.46068976104317,31.970449042998915]]},"properties":{"fault_name":"East Franklin Mountains fault","slip_rate":"Less than 0.2 mm/yr","age":"latest Quaternary","slip_sense":"Normal","fault_id":"900"}},{"type":"Feature","geometry":{"type":"LineString","coordinates":[[-106.46068976104317,31.970449042998915],[-106.46022116026509,31.971212886074984],[-106.45979679163331,31.971894337824082],[-106.4594861030041,31.972506741167081],[-106.45922785712285,31.973239241316129],[-106.45906160411657,31.973690522222721],[-106.45887977162836,31.974184092004439],[-106.45874197365704,31.974609665912887]]},"properties":{"fault_name":"East Franklin Mountains fault","slip_rate":"Less than 0.2 mm/yr","age":"latest Quaternary","slip_sense":"Normal","fault_id":"900"}},{"type":"Feature","geometry":{"type":"LineString","coordinates":[[-106.45945836841803,31.868311809954982],[-106.45925157623961,31.869281486692888],[-106.45912608698431,31.869756315872326],[-106.45906252219481,31.870022359760569]]},"properties":{"fault_name":"East Franklin Mountains fault","slip_rate":"Less than 0.2 mm/yr","age":"latest Quaternary","slip_sense":"Normal","fault_id":"900"}},{"type":"Feature","geometry":{"type":"LineString","coordinates":[[-106.45737443236739,31.862548541258096],[-106.45746276640422,31.862980086314],[-106.45765116737383,31.86382432184012],[-106.45774467121511,31.86446605071994],[-106.45776947010685,31.864772134271586]]},"properties":{"fault_name":"East Franklin Mountains fault","slip_rate":"Less than 0.2 mm/yr","age":"latest Quaternary","slip_sense":"Normal","fault_id":"900"}},{"type":"Feature","geometry":{"type":"LineString","coordinates":[[-106.45775662060504,31.865220664761086],[-106.4576046633882,31.865838174718728],[-106.45756017971364,31.866219202634284]]},"properties":{"fault_name":"East Franklin Mountains fault","slip_rate":"Less than 0.2 mm/yr","age":"latest Quaternary","slip_sense":"Normal","fault_id":"900"}},{"type":"Feature","geometry":{"type":"LineString","coordinates":[[-106.45771471509534,31.867855293103514],[-106.45772926331138,31.868519246333143],[-106.45770277109533,31.869053433120058],[-106.45754235893504,31.869575276202461],[-106.45743378405822,31.86984992987178],[-106.45704342115151,31.870586600197974],[-106.45680663512407,31.871040006973484],[-106.45659768339573,31.871303016226058]]},"properties":{"fault_name":"East Franklin Mountains fault","slip_rate":"Less than 0.2 mm/yr","age":"latest Quaternary","slip_sense":"Normal","fault_id":"900"}},{"type":"Feature","geometry":{"type":"LineString","coordinates":[[-106.45765067958864,31.866965906886502],[-106.4576539341849,31.867242893698588],[-106.45765664080885,31.867538967002233]]},"properties":{"fault_name":"East Franklin Mountains fault","slip_rate":"Less than 0.2 mm/yr","age":"latest Quaternary","slip_sense":"Normal","fault_id":"900"}},{"type":"Feature","geometry":{"type":"LineString","coordinates":[[-106.45626949558479,31.860501103001077],[-106.45657927062736,31.861013664180312],[-106.45691141282219,31.861526690968919],[-106.45720919176247,31.86206764604902]]},"properties":{"fault_name":"East Franklin Mountains fault","slip_rate":"Less than 0.2 mm/yr","age":"latest Quaternary","slip_sense":"Normal","fault_id":"900"}},{"type":"Feature","geometry":{"type":"LineString","coordinates":[[-106.45661643213403,31.987191086357701],[-106.45673427942121,31.987467251054365],[-106.45687707561878,31.988338977116523],[-106.45681006399352,31.988730315328166],[-106.45673695819737,31.989335742335594],[-106.45663863938616,31.989845438892747],[-106.45664649515334,31.990325721954243]]},"properties":{"fault_name":"East Franklin Mountains fault","slip_rate":"Less than 0.2 mm/yr","age":"latest Quaternary","slip_sense":"Normal","fault_id":"900"}},{"type":"Feature","geometry":{"type":"LineString","coordinates":[[-106.45676594323835,31.991752216649743],[-106.45678175179071,31.992668909795718],[-106.45676320786828,31.99381100734502],[-106.45677107441524,31.994025384753918],[-106.45674010589414,31.994131850643097]]},"properties":{"fault_name":"East Franklin Mountains fault","slip_rate":"Less than 0.2 mm/yr","age":"latest Quaternary","slip_sense":"Normal","fault_id":"900"}},{"type":"Feature","geometry":{"type":"LineString","coordinates":[[-106.45405833024215,31.831988416133242],[-106.45422873795661,31.832663735256471],[-106.45455641282953,31.833374879194903],[-106.45503292776526,31.834255641019968],[-106.45526412896656,31.834624521310971],[-106.4556188691807,31.835020184007831],[-106.45597439811563,31.835454025311787],[-106.45632130771543,31.836012113189234],[-106.45650898733784,31.836438930952074],[-106.45656253860687,31.836867766080175],[-106.45651647569404,31.837345839261069],[-106.45641472172518,31.837834298083852],[-106.45635094672991,31.838044293975088]]},"properties":{"fault_name":"East Franklin Mountains fault","slip_rate":"Less than 0.2 mm/yr","age":"latest Quaternary","slip_sense":"Normal","fault_id":"900"}},{"type":"Feature","geometry":{"type":"LineString","coordinates":[[-106.45625751026225,31.871849752994105],[-106.45609109915252,31.872190040686988],[-106.45596559013428,31.872664867086037],[-106.45589955228279,31.87301679923392],[-106.45587034625629,31.873254912064237]]},"properties":{"fault_name":"East Franklin Mountains fault","slip_rate":"Less than 0.2 mm/yr","age":"latest Quaternary","slip_sense":"Normal","fault_id":"900"}},{"type":"Feature","geometry":{"type":"LineString","coordinates":[[-106.45525311472288,31.858732423153935],[-106.45546169634532,31.8592619712709]]},"properties":{"fault_name":"East Franklin Mountains fault","slip_rate":"Less than 0.2 mm/yr","age":"latest Quaternary","slip_sense":"Normal","fault_id":"900"}},{"type":"Feature","geometry":{"type":"LineString","coordinates":[[-106.45528408773555,31.85228752872213],[-106.45530407525062,31.853541247155302],[-106.45535206504974,31.854306165204338],[-106.45538167980972,31.854736486045027],[-106.45536902434397,31.855177860970926],[-106.45527558787633,31.855510122281281],[-106.45517770384971,31.85565608571661]]},"properties":{"fault_name":"East Franklin Mountains fault","slip_rate":"Less than 0.2 mm/yr","age":"latest Quaternary","slip_sense":"Normal","fault_id":"900"}},{"type":"Feature","geometry":{"type":"LineString","coordinates":[[-106.45498403605761,31.856411182369872],[-106.45503916117502,31.857414972763014],[-106.45512878788756,31.857703314164851]]},"properties":{"fault_name":"East Franklin Mountains fault","slip_rate":"Less than 0.2 mm/yr","age":"latest Quaternary","slip_sense":"Normal","fault_id":"900"}},{"type":"Feature","geometry":{"type":"LineString","coordinates":[[-106.45285802561403,31.9815271453398],[-106.45268345600488,31.982261371725095],[-106.45243095035828,31.983279600157076],[-106.45242761132037,31.983886477312563],[-106.45254170993788,31.984293478774351],[-106.45276816084797,31.984679013769828],[-106.45288633242694,31.984943289103818],[-106.45294799009311,31.985230190929983],[-106.45287689382826,31.98576425481701],[-106.45255967085367,31.986602624715218],[-106.45233603706032,31.987097814993007]]},"properties":{"fault_name":"East Franklin Mountains fault","slip_rate":"Less than 0.2 mm/yr","age":"latest Quaternary","slip_sense":"Normal","fault_id":"900"}},{"type":"Feature","geometry":{"type":"LineString","coordinates":[[-106.45108556691345,31.984417918028921],[-106.45127608970375,31.985055157013129],[-106.45137045772434,31.985664065168265],[-106.45128505489029,31.98620973071084],[-106.45097087181462,31.986941053269977],[-106.45074417296951,31.987543285173189],[-106.45064514269259,31.98807676568337],[-106.45070441982324,31.988446926950786],[-106.45071091374443,31.988708881324641]]},"properties":{"fault_name":"East Franklin Mountains fault","slip_rate":"Less than 0.2 mm/yr","age":"latest Quaternary","slip_sense":"Normal","fault_id":"900"}},{"type":"Feature","geometry":{"type":"LineString","coordinates":[[-106.44941829464445,31.981695259710907],[-106.44874716958388,31.982369961138371],[-106.44845924965387,31.9828638111209],[-106.44828128620956,31.983160013008579]]},"properties":{"fault_name":"East Franklin Mountains fault","slip_rate":"Less than 0.2 mm/yr","age":"latest Quaternary","slip_sense":"Normal","fault_id":"900"}},{"type":"Feature","geometry":{"type":"LineString","coordinates":[[-106.44873788369878,31.983147311227054],[-106.44805148458347,31.983899445673639],[-106.44731136980739,31.984705994888088],[-106.44665068406876,31.9854697657861],[-106.44608150162327,31.986224335367023],[-106.4456556184319,31.986981890050355]]},"properties":{"fault_name":"East Franklin Mountains fault","slip_rate":"Less than 0.2 mm/yr","age":"latest Quaternary","slip_sense":"Normal","fault_id":"900"}},{"type":"Feature","geometry":{"type":"LineString","coordinates":[[-106.44617449971307,32.003974051014033],[-106.44593888508876,32.005104975781379],[-106.44551951108994,32.007760677657444],[-106.44536485263906,32.009178366625449],[-106.44517959038306,32.012193526308351]]},"properties":{"fault_name":"East Franklin Mountains fault","slip_rate":"Less than 0.2 mm/yr","age":"latest Quaternary","slip_sense":"Normal","fault_id":"900"}},{"type":"Feature","geometry":{"type":"LineString","coordinates":[[-106.44418503319268,32.006313488097824],[-106.44419791413551,32.006420981047512],[-106.44419243620892,32.00694598537266],[-106.44419622889606,32.00792450786269],[-106.4442774392927,32.009536053095609],[-106.44432249519409,32.010586483139036]]},"properties":{"fault_name":"East Franklin Mountains fault","slip_rate":"Less than 0.2 mm/yr","age":"latest Quaternary","slip_sense":"Normal","fault_id":"900"}},{"type":"Feature","geometry":{"type":"LineString","coordinates":[[-106.44261743169938,31.984093948773452],[-106.44253020977688,31.984700348138659],[-106.44237794623453,31.985252015096144],[-106.44227446390704,31.985776278878067],[-106.4421293590392,31.986264430347909],[-106.44195638034641,31.986740435665084],[-106.44174090415417,31.987263852067073],[-106.44118745120929,31.98797563378622],[-106.44082010314017,31.988295037673527],[-106.44023926415555,31.988946945378874],[-106.43999513709562,31.989446308893044]]},"properties":{"fault_name":"East Franklin Mountains fault","slip_rate":"Less than 0.2 mm/yr","age":"latest Quaternary","slip_sense":"Normal","fault_id":"900"}},{"type":"Feature","geometry":{"type":"LineString","coordinates":[[-106.44121354098009,31.965526059127964],[-106.44143335693349,31.966162709112513],[-106.44166614725454,31.966835406880332],[-106.44168158390437,31.967276985141165],[-106.44167959144107,31.969316258989476],[-106.44170751377506,31.970795643229231],[-106.4417590088004,31.97243055208601],[-106.44178945270536,31.972836664000813]]},"properties":{"fault_name":"East Franklin Mountains fault","slip_rate":"Less than 0.2 mm/yr","age":"latest Quaternary","slip_sense":"Normal","fault_id":"900"}},{"type":"Feature","geometry":{"type":"LineString","coordinates":[[-106.46154071085732,31.818679863302521],[-106.46055678433,31.817287688902191],[-106.46025176227359,31.815557742320415],[-106.46028230409492,31.813835571714506],[-106.46085452823596,31.812174506635252],[-106.46121285811796,31.810684548638633],[-106.46197564457518,31.809486803150495],[-106.46306677604849,31.808811815281899]]},"properties":{"fault_name":"East Franklin Mountains fault","slip_rate":"Less than 0.2 mm/yr","age":"latest Quaternary","slip_sense":"Normal","fault_id":"900"}},{"type":"Feature","geometry":{"type":"LineString","coordinates":[[-106.4567669403683,31.980702202303441],[-106.4569334889203,31.980361905987476],[-106.45707220676648,31.980212005805498]]},"properties":{"fault_name":"East Franklin Mountains fault","slip_rate":"Less than 0.2 mm/yr","age":"latest Quaternary","slip_sense":"Normal","fault_id":"900"}},{"type":"Feature","geometry":{"type":"LineString","coordinates":[[-106.45659950877238,31.982646670670714],[-106.45660766367853,31.982360377192336]]},"properties":{"fault_name":"East Franklin Mountains fault","slip_rate":"Less than 0.2 mm/yr","age":"latest Quaternary","slip_sense":"Normal","fault_id":"900"}},{"type":"Feature","geometry":{"type":"LineString","coordinates":[[-106.45707220676648,31.980212005805498],[-106.45721744638161,31.979833071378742],[-106.45730202456224,31.979223706957374]]},"properties":{"fault_name":"East Franklin Mountains fault","slip_rate":"Less than 0.2 mm/yr","age":"latest Quaternary","slip_sense":"Normal","fault_id":"900"}},{"type":"Feature","geometry":{"type":"LineString","coordinates":[[-106.45685378589673,31.984733577932058],[-106.45667995110945,31.983755995839861],[-106.45659950877238,31.982646670670714]]},"properties":{"fault_name":"East Franklin Mountains fault","slip_rate":"Less than 0.2 mm/yr","age":"latest Quaternary","slip_sense":"Normal","fault_id":"900"}},{"type":"Feature","geometry":{"type":"LineString","coordinates":[[-106.45660766367853,31.982360377192336],[-106.45668181421534,31.981330651867822],[-106.4567669403683,31.980702202303441]]},"properties":{"fault_name":"East Franklin Mountains fault","slip_rate":"Less than 0.2 mm/yr","age":"latest Quaternary","slip_sense":"Normal","fault_id":"900"}},{"type":"Feature","geometry":{"type":"LineString","coordinates":[[-106.30147852522364,31.929149103868053],[-106.30018903226083,31.926740291672953],[-106.29929621556457,31.923234841276649],[-106.29799949475699,31.919212184831],[-106.29697666668631,31.914329550258227],[-106.29507715117025,31.910139124831215],[-106.29343653011908,31.90531204765761],[-106.29248315529456,31.901979925368671],[-106.29153700741652,31.899628329339279],[-106.28997306386306,31.897045635236992]]},"properties":{"fault_name":"Hueco fault zone","slip_rate":"Less than 0.2 mm/yr","age":"middle and late Quaternary","slip_sense":"Normal","fault_id":"901"}},{"type":"Feature","geometry":{"type":"LineString","coordinates":[[-106.18638536490913,31.657484937681108],[-106.1874537007338,31.655470541341071],[-106.1885214616367,31.652018408786038],[-106.1900553331877,31.647702405685767],[-106.19118419300467,31.643328632366831],[-106.19143578686123,31.637292130334163],[-106.19102408357664,31.635453297230686],[-106.19068848017299,31.632636710774477],[-106.18994064258044,31.629647910038571]]},"properties":{"fault_name":"Hueco fault zone","slip_rate":"Less than 0.2 mm/yr","age":"middle and late Quaternary","slip_sense":"Normal","fault_id":"901"}},{"type":"Feature","geometry":{"type":"LineString","coordinates":[[-106.14323309601382,31.703513929369119],[-106.14375916741049,31.698915166353249],[-106.14382021422226,31.693798089702867],[-106.1437440388828,31.688738232062757],[-106.14266062393776,31.684598912356208],[-106.14177554443104,31.680059602770751],[-106.14075322480677,31.674599208667765],[-106.13960090458787,31.669196035834535],[-106.13844859065715,31.664311183319654],[-106.13764017158016,31.659195778349961],[-106.1369606706279,31.655917540994174],[-106.13613667835712,31.649363843961588],[-106.13492380180659,31.644079002699961],[-106.13409981672233,31.637870295651187],[-106.13348920038268,31.634248736707104],[-106.13281024470781,31.630224412623701],[-106.13267298392901,31.627407270850902],[-106.13260406967197,31.62545232562049]]},"properties":{"fault_name":"Hueco fault zone","slip_rate":"Less than 0.2 mm/yr","age":"middle and late Quaternary","slip_sense":"Normal","fault_id":"901"}},{"type":"Feature","geometry":{"type":"LineString","coordinates":[[-106.14247620789477,31.597546381272895],[-106.14287283295732,31.593350385047817],[-106.14306389743173,31.589094948181174],[-106.14299496790335,31.586047258775082],[-106.14345271343952,31.582423468206002],[-106.14378100635336,31.578513578272464],[-106.14310149282468,31.57443203102541],[-106.14215586057961,31.570064384993657],[-106.14167468159094,31.565582292835902],[-106.14053017940994,31.563167368704185],[-106.13965289009336,31.55960470096964]]},"properties":{"fault_name":"Hueco fault zone","slip_rate":"Less than 0.2 mm/yr","age":"middle and late Quaternary","slip_sense":"Normal","fault_id":"901"}},{"type":"Feature","geometry":{"type":"LineString","coordinates":[[-106.11341676307563,31.709030069789314],[-106.11414895830417,31.704946292730838],[-106.11514058159683,31.698793686019282],[-106.11674278529655,31.693557714264958],[-106.11754385615454,31.68809564207529],[-106.11807046743871,31.682171363652852],[-106.11900097205442,31.675728765257464],[-106.11986316608095,31.671301665287682],[-106.12019145719817,31.666989008270043],[-106.12032085412496,31.662734128621949],[-106.1204430312918,31.658652577939357],[-106.12077076455522,31.654107148991553],[-106.12116738871947,31.649795047314498],[-106.12183123832455,31.644849628282437]]},"properties":{"fault_name":"Hueco fault zone","slip_rate":"Less than 0.2 mm/yr","age":"middle and late Quaternary","slip_sense":"Normal","fault_id":"901"}},{"type":"Feature","geometry":{"type":"LineString","coordinates":[[-106.11700259963629,31.724261279126765],[-106.11457635964837,31.719031443050767],[-106.1139657495969,31.716044866145754],[-106.11308069164974,31.713170508878523],[-106.11234063256923,31.710067268676667],[-106.1114555593507,31.705755176852154],[-106.11111216396033,31.701215864945848],[-106.11070766696093,31.697822628686428],[-106.11036483840748,31.694200514844482],[-106.11056313342159,31.69040506676652],[-106.11055530729885,31.686323516734557],[-106.111150271393,31.681894750899964],[-106.11140966981276,31.677237104634465],[-106.11140184368999,31.673098334775236],[-106.11038732862892,31.669533442735439],[-106.11005117455801,31.666661306003384],[-106.10930389302263,31.66326807569552]]},"properties":{"fault_name":"Hueco fault zone","slip_rate":"Less than 0.2 mm/yr","age":"middle and late Quaternary","slip_sense":"Normal","fault_id":"901"}},{"type":"Feature","geometry":{"type":"LineString","coordinates":[[-106.09888078659506,31.610731882222748],[-106.09786627243233,31.606711448886088],[-106.09497447156524,31.601653283999454],[-106.09275436798555,31.597575640967158],[-106.08838254058557,31.593211355133516],[-106.08475851843882,31.589595375091395],[-106.08179785541701,31.586667703785857],[-106.07911275599847,31.583852249702328],[-106.07676265811232,31.580293481628555],[-106.07487812380027,31.576499719683806],[-106.07433641812437,31.574257010765688],[-106.07298578492502,31.570234360957986],[-106.07171181664698,31.565809499062873],[-106.07023119363275,31.562937370663807],[-106.06888112098214,31.559315266659876]]},"properties":{"fault_name":"Hueco fault zone","slip_rate":"Less than 0.2 mm/yr","age":"middle and late Quaternary","slip_sense":"Normal","fault_id":"901"}},{"type":"Feature","geometry":{"type":"LineString","coordinates":[[-106.47874925705482,32.102794438992618],[-106.48140376614299,32.106422161957546],[-106.48268294105642,32.108088092881303],[-106.4838225105882,32.109392941228954],[-106.48493190660788,32.111728300909057],[-106.4857871566573,32.113532042014413],[-106.48610220211565,32.115188636092682],[-106.48620679925239,32.116236868229677],[-106.4859986039055,32.117364586790195],[-106.48580848356045,32.118186873820584],[-106.48568616625641,32.119046627828851],[-106.48564647778883,32.119409514210787]]},"properties":{"fault_name":"Hueco fault zone","slip_rate":"Less than 0.2 mm/yr","age":"middle and late Quaternary","slip_sense":"Normal","fault_id":"901"}},{"type":"Feature","geometry":{"type":"LineString","coordinates":[[-106.48435809244882,32.127491960647347],[-106.48486585977325,32.129245452307458],[-106.48553421442948,32.1315031313191]]},"properties":{"fault_name":"Hueco fault zone","slip_rate":"Less than 0.2 mm/yr","age":"middle and late Quaternary","slip_sense":"Normal","fault_id":"901"}},{"type":"Feature","geometry":{"type":"LineString","coordinates":[[-106.48495211061693,32.076276513770871],[-106.48495136321861,32.076277692838929],[-106.48326257001035,32.07894108427363],[-106.48125019106033,32.081747843171144],[-106.48061668564723,32.082975090644162],[-106.47933019036255,32.085048067779717],[-106.47849188074278,32.087104594885645]]},"properties":{"fault_name":"Hueco fault zone","slip_rate":"Less than 0.2 mm/yr","age":"middle and late Quaternary","slip_sense":"Normal","fault_id":"901"}},{"type":"Feature","geometry":{"type":"LineString","coordinates":[[-106.48110522902462,32.144961776079818],[-106.48295694608272,32.149855565269753]]},"properties":{"fault_name":"Hueco fault zone","slip_rate":"Less than 0.2 mm/yr","age":"middle and late Quaternary","slip_sense":"Normal","fault_id":"901"}},{"type":"Feature","geometry":{"type":"LineString","coordinates":[[-106.45315016133769,32.069706661187396],[-106.45310084742185,32.070102172841494],[-106.45296888221166,32.071886313222699],[-106.45287253160924,32.073263368999598],[-106.45297740003718,32.074345823091974],[-106.45339590806007,32.075645673643095],[-106.45457412221705,32.0785100151408],[-106.45563727476254,32.080518642867304],[-106.45781366272726,32.083655798176316]]},"properties":{"fault_name":"Hueco fault zone","slip_rate":"Less than 0.2 mm/yr","age":"middle and late Quaternary","slip_sense":"Normal","fault_id":"901"}},{"type":"Feature","geometry":{"type":"LineString","coordinates":[[-106.45331688236621,32.068369511940915],[-106.45315016133769,32.069706661187396]]},"properties":{"fault_name":"Hueco fault zone","slip_rate":"Less than 0.2 mm/yr","age":"middle and late Quaternary","slip_sense":"Normal","fault_id":"901"}},{"type":"Feature","geometry":{"type":"LineString","coordinates":[[-106.43638592637127,32.162414047099269],[-106.4367264669157,32.16390899688151],[-106.43780940126209,32.166113889353326],[-106.44022921290583,32.169479466915256],[-106.44218085406456,32.171671402198655],[-106.44370580714143,32.173244053044918],[-106.44506688505258,32.174404905137081]]},"properties":{"fault_name":"Hueco fault zone","slip_rate":"Less than 0.2 mm/yr","age":"middle and late Quaternary","slip_sense":"Normal","fault_id":"901"}},{"type":"Feature","geometry":{"type":"LineString","coordinates":[[-106.43432611727256,32.107817572678329],[-106.43272952894169,32.107646820364643],[-106.43082473672168,32.107666456634455]]},"properties":{"fault_name":"Hueco fault zone","slip_rate":"Less than 0.2 mm/yr","age":"middle and late Quaternary","slip_sense":"Normal","fault_id":"901"}},{"type":"Feature","geometry":{"type":"LineString","coordinates":[[-106.42240860408107,32.095219916665251],[-106.42344794139008,32.096742305684174],[-106.42513815663142,32.098280419686013],[-106.42694166470149,32.099670908718572],[-106.42938048020508,32.101768892208966],[-106.43026069263961,32.102663920684449],[-106.43118944374386,32.103579012041493],[-106.43162798868916,32.103903334093047],[-106.43211782114898,32.104368466668447]]},"properties":{"fault_name":"Hueco fault zone","slip_rate":"Less than 0.2 mm/yr","age":"middle and late Quaternary","slip_sense":"Normal","fault_id":"901"}},{"type":"Feature","geometry":{"type":"LineString","coordinates":[[-106.43038574711031,32.114283155139546],[-106.43105415117388,32.115590879990123],[-106.43158171736718,32.117207958291353],[-106.43181732660159,32.118643040322809],[-106.43200520385336,32.120119647140434],[-106.43199737773061,32.121392800359949],[-106.43187393932911,32.122346312905556]]},"properties":{"fault_name":"Hueco fault zone","slip_rate":"Less than 0.2 mm/yr","age":"middle and late Quaternary","slip_sense":"Normal","fault_id":"901"}},{"type":"Feature","geometry":{"type":"LineString","coordinates":[[-106.43082473672168,32.107666456634455],[-106.42983405755835,32.10769518131044],[-106.42874684633291,32.107602945012168],[-106.42790042312949,32.107467323996374],[-106.42746396676723,32.10730723762854],[-106.42634792141781,32.106845652999091]]},"properties":{"fault_name":"Hueco fault zone","slip_rate":"Less than 0.2 mm/yr","age":"middle and late Quaternary","slip_sense":"Normal","fault_id":"901"}},{"type":"Feature","geometry":{"type":"LineString","coordinates":[[-106.42199927773871,32.140720056363612],[-106.42225941277698,32.143066140118236],[-106.42272859296843,32.145765092962151],[-106.42317271824825,32.14850470325154],[-106.42336594586587,32.15060326336021],[-106.42321782265869,32.151792199029373],[-106.42230814009295,32.153110817168645],[-106.42183828436843,32.154010480292548],[-106.42151253817842,32.154973044360013],[-106.42151702077169,32.156575324731968],[-106.42214353010533,32.158655577238193],[-106.42348040919937,32.161892437799835],[-106.42462067492549,32.165415124134249],[-106.42516482671391,32.168316283736296],[-106.42533341084832,32.170330837663862],[-106.42548292015601,32.173906374696131]]},"properties":{"fault_name":"Hueco fault zone","slip_rate":"Less than 0.2 mm/yr","age":"middle and late Quaternary","slip_sense":"Normal","fault_id":"901"}},{"type":"Feature","geometry":{"type":"LineString","coordinates":[[-106.40500000396808,31.985560179265789],[-106.40510282333888,31.988551688066178],[-106.40550991467281,31.993322848798165],[-106.4071307242787,31.996830576125003]]},"properties":{"fault_name":"Hueco fault zone","slip_rate":"Less than 0.2 mm/yr","age":"middle and late Quaternary","slip_sense":"Normal","fault_id":"901"}},{"type":"Feature","geometry":{"type":"LineString","coordinates":[[-106.40416115535915,32.067952664869445],[-106.40518017367474,32.070545416352232],[-106.40641194359233,32.07354134398588]]},"properties":{"fault_name":"Hueco fault zone","slip_rate":"Less than 0.2 mm/yr","age":"middle and late Quaternary","slip_sense":"Normal","fault_id":"901"}},{"type":"Feature","geometry":{"type":"LineString","coordinates":[[-106.40350192399296,32.065584895679095],[-106.40416115535915,32.067952664869445]]},"properties":{"fault_name":"Hueco fault zone","slip_rate":"Less than 0.2 mm/yr","age":"middle and late Quaternary","slip_sense":"Normal","fault_id":"901"}},{"type":"Feature","geometry":{"type":"LineString","coordinates":[[-106.40348237036416,32.059566982208253],[-106.40363012705873,32.060210153108343],[-106.40369287797456,32.061044505940245],[-106.4035967411712,32.061748456364668],[-106.40334501436395,32.062473828784981],[-106.40326041731871,32.062683989373376]]},"properties":{"fault_name":"Hueco fault zone","slip_rate":"Less than 0.2 mm/yr","age":"middle and late Quaternary","slip_sense":"Normal","fault_id":"901"}},{"type":"Feature","geometry":{"type":"LineString","coordinates":[[-106.40255718826653,32.166806085220657],[-106.4014268722805,32.169633266684379],[-106.40121458061593,32.170380426117063],[-106.40090304218045,32.171682684027815]]},"properties":{"fault_name":"Hueco fault zone","slip_rate":"Less than 0.2 mm/yr","age":"middle and late Quaternary","slip_sense":"Normal","fault_id":"901"}},{"type":"Feature","geometry":{"type":"LineString","coordinates":[[-106.39733194338034,32.179839657843658],[-106.39645070506978,32.181340944658395],[-106.39425050276689,32.183941139206411],[-106.39213872163741,32.185791079061588],[-106.38911102273582,32.188049322889064],[-106.38733425930842,32.189762832955154],[-106.38562668771743,32.191647585766326],[-106.38341208991211,32.194376425771324],[-106.38241210240584,32.195300863332342],[-106.38168317794327,32.196375848025873],[-106.38140173756138,32.1973135933493],[-106.38130264530069,32.198498063856896],[-106.38129165171826,32.199529095278272],[-106.38141918014924,32.200902660151108],[-106.38147447864149,32.201837699116126],[-106.38093761488499,32.20403753590017],[-106.38025775101336,32.205493949268714],[-106.37950521433355,32.206473652834141],[-106.37879269490469,32.207013927681494],[-106.37841673199198,32.207532410716773],[-106.37819983197001,32.208221442928405],[-106.3776667483242,32.21068870371883],[-106.37711389635227,32.212752112642647],[-106.37696264700787,32.213316602978132]]},"properties":{"fault_name":"Hueco fault zone","slip_rate":"Less than 0.2 mm/yr","age":"middle and late Quaternary","slip_sense":"Normal","fault_id":"901"}},{"type":"Feature","geometry":{"type":"LineString","coordinates":[[-106.36095547982357,32.206545886834121],[-106.36081825857065,32.206919767727037],[-106.36026105695612,32.209879713146655],[-106.35998304544367,32.21256866271375],[-106.35975950058354,32.215471247320302],[-106.3598252321095,32.218166774241439],[-106.36014200592645,32.222239972823708],[-106.36074296268187,32.22530356213376],[-106.36133415924169,32.226844365723309],[-106.36212258541374,32.22891934234552],[-106.36274216873657,32.23109795233637],[-106.3630193627821,32.232763600886472],[-106.36326608237994,32.237207503656705],[-106.36322960988109,32.239059743803246],[-106.36288732929994,32.242253619633587]]},"properties":{"fault_name":"Hueco fault zone","slip_rate":"Less than 0.2 mm/yr","age":"middle and late Quaternary","slip_sense":"Normal","fault_id":"901"}},{"type":"Feature","geometry":{"type":"LineString","coordinates":[[-106.34968084596515,32.271704733919897],[-106.35030565927956,32.272320936884711],[-106.35114616258524,32.273390429249424],[-106.35164544083027,32.274314626849161],[-106.35217629306089,32.275543437086228],[-106.35284013008955,32.276712133215071],[-106.3538979196928,32.279036257632008],[-106.35461925069627,32.280623483142307],[-106.35479786901243,32.282088855716864],[-106.35509615280588,32.283799697052878],[-106.35566915488796,32.284932176303045],[-106.35662094328768,32.285961062159778],[-106.35746147893273,32.287774662758657],[-106.35855813863833,32.289888013709529],[-106.35942692001085,32.291891799269202],[-106.35982442901565,32.293161618018345],[-106.36020879836278,32.293992861181088]]},"properties":{"fault_name":"Hueco fault zone","slip_rate":"Less than 0.2 mm/yr","age":"middle and late Quaternary","slip_sense":"Normal","fault_id":"901"}},{"type":"Feature","geometry":{"type":"LineString","coordinates":[[-106.36019325122014,32.298873215859267],[-106.35862221726417,32.301370980229684],[-106.35642019766946,32.303698600855768],[-106.35522909178984,32.305453808347323],[-106.35484675533017,32.306808337751761],[-106.35498110556745,32.308048375733584],[-106.35534012984716,32.309193014152029],[-106.35574406629782,32.310413957652422],[-106.35587817398996,32.312436176249278],[-106.35576510574009,32.314668261071759],[-106.35446079057509,32.318541080785373],[-106.35333639179186,32.321612622709601],[-106.35213883061859,32.324039437791534],[-106.35064815635467,32.327463186085851],[-106.35010071134242,32.330917759837135],[-106.35010430280693,32.333395878961809],[-106.34992586415385,32.337781671200332],[-106.34989537173982,32.341289434898798],[-106.34996031993488,32.343195196955946],[-106.35002608290189,32.34457034308673],[-106.34979557879323,32.345621293819242],[-106.34884721027981,32.346718764774792],[-106.34736086409892,32.34787969693221],[-106.34645286677264,32.348690792263383],[-106.34570709710187,32.349823989624639],[-106.34522626665952,32.350668205081625],[-106.34525289811444,32.350934721951027]]},"properties":{"fault_name":"Hueco fault zone","slip_rate":"Less than 0.2 mm/yr","age":"middle and late Quaternary","slip_sense":"Normal","fault_id":"901"}},{"type":"Feature","geometry":{"type":"LineString","coordinates":[[-106.30923283935,32.077164697090765],[-106.31087805169059,32.079202097909189]]},"properties":{"fault_name":"Hueco fault zone","slip_rate":"Less than 0.2 mm/yr","age":"middle and late Quaternary","slip_sense":"Normal","fault_id":"901"}},{"type":"Feature","geometry":{"type":"LineString","coordinates":[[-106.30437688379229,32.045967370866556],[-106.30379582921201,32.047373673180289],[-106.3031296673434,32.049181140174525]]},"properties":{"fault_name":"Hueco fault zone","slip_rate":"Less than 0.2 mm/yr","age":"middle and late Quaternary","slip_sense":"Normal","fault_id":"901"}},{"type":"Feature","geometry":{"type":"LineString","coordinates":[[-106.47849188074278,32.087104594885645],[-106.47810796684149,32.088540210150107],[-106.477477218358,32.090264226659841],[-106.47733871161593,32.091071971168951],[-106.47745160738926,32.091966051926718],[-106.47767657338416,32.092856022679612],[-106.47775047688428,32.093866200003923],[-106.47787083675931,32.094712457153292],[-106.47759775520113,32.096012524897674],[-106.47702707706071,32.096876792743139],[-106.47658765176644,32.097510798214024],[-106.47619654774962,32.098392331820989],[-106.47613485055759,32.098642677081074],[-106.47618533138497,32.099042809829605],[-106.47650991335837,32.099802667142313],[-106.47733196167488,32.100862760702853],[-106.47874925705482,32.102794438992618]]},"properties":{"fault_name":"Hueco fault zone","slip_rate":"Less than 0.2 mm/yr","age":"middle and late Quaternary","slip_sense":"Normal","fault_id":"901"}},{"type":"Feature","geometry":{"type":"LineString","coordinates":[[-106.47676541308981,32.140731498717258],[-106.47637000344783,32.141803366981918],[-106.4760265478703,32.143110257033911],[-106.47582862475869,32.144378541725757],[-106.4757526129126,32.145587319791453],[-106.47555656817828,32.146773597956184],[-106.47554908341532,32.148147585998991],[-106.47564319002618,32.149297658074438],[-106.47577937462324,32.15071504517482],[-106.47567878666761,32.151943924214152],[-106.47548838784482,32.152884186690009],[-106.47531737376757,32.154029860933534],[-106.4752163070099,32.155279240018032],[-106.47537086395114,32.156655500791274],[-106.47595045697247,32.158629563034026],[-106.47646714456771,32.159803125012054]]},"properties":{"fault_name":"Hueco fault zone","slip_rate":"Less than 0.2 mm/yr","age":"middle and late Quaternary","slip_sense":"Normal","fault_id":"901"}},{"type":"Feature","geometry":{"type":"LineString","coordinates":[[-106.46406857276178,32.162199705277814],[-106.46379164012599,32.16318189994837],[-106.4633154620585,32.164695692319938],[-106.46281955069915,32.165840097198107],[-106.46244590005,32.166841969690701],[-106.46172782004953,32.168415211112752],[-106.4610830335931,32.169907033752338],[-106.4608313849393,32.170786880239461]]},"properties":{"fault_name":"Hueco fault zone","slip_rate":"Less than 0.2 mm/yr","age":"middle and late Quaternary","slip_sense":"Normal","fault_id":"901"}},{"type":"Feature","geometry":{"type":"LineString","coordinates":[[-106.45781366272726,32.083655798176316],[-106.45885212687379,32.085117205962902],[-106.4598582920943,32.086415477056335],[-106.46068044731031,32.087412382203247],[-106.46146821861052,32.08820515482617],[-106.46205510056205,32.088840951161778],[-106.4624785852516,32.089585404050325],[-106.46284944393688,32.0907220060733],[-106.46301286904659,32.092051029151953],[-106.46318386425926,32.093051161272015]]},"properties":{"fault_name":"Hueco fault zone","slip_rate":"Less than 0.2 mm/yr","age":"middle and late Quaternary","slip_sense":"Normal","fault_id":"901"}},{"type":"Feature","geometry":{"type":"LineString","coordinates":[[-106.45834965691458,32.054178192909724],[-106.45725312387141,32.055757169994727],[-106.45586101276048,32.058126289142173],[-106.45505157768886,32.059673865278015],[-106.45453402860929,32.060820902201577],[-106.45409067767724,32.062006122163893],[-106.45382146695962,32.063758704630096],[-106.45368717511286,32.064870718882403],[-106.45355931161028,32.066105479741239],[-106.45340162314191,32.067689847685045],[-106.45331688236621,32.068369511940915]]},"properties":{"fault_name":"Hueco fault zone","slip_rate":"Less than 0.2 mm/yr","age":"middle and late Quaternary","slip_sense":"Normal","fault_id":"901"}},{"type":"Feature","geometry":{"type":"LineString","coordinates":[[-106.44188492565377,32.065192666888031],[-106.44205110499817,32.066990263884726],[-106.44221721157905,32.067865425640356],[-106.44246074305595,32.068840154866294],[-106.44315704070738,32.070187242712635],[-106.44407814265701,32.071689817097692],[-106.4458147028822,32.074514452260274],[-106.44667285269334,32.075732406873549]]},"properties":{"fault_name":"Hueco fault zone","slip_rate":"Less than 0.2 mm/yr","age":"middle and late Quaternary","slip_sense":"Normal","fault_id":"901"}},{"type":"Feature","geometry":{"type":"LineString","coordinates":[[-106.43211782114898,32.104368466668447],[-106.43314549563063,32.104798432963605],[-106.43488946695692,32.105294974807471],[-106.43593050387842,32.105551873354578],[-106.43760158410592,32.106008011681823],[-106.43980831805925,32.106828549674326],[-106.44097242417469,32.107269017285347],[-106.4422152981675,32.10820151330509],[-106.44295117289543,32.109118382956197],[-106.44378996311387,32.110527052915607],[-106.44452512637609,32.113250866710132],[-106.44430798291066,32.115121524003868],[-106.4436100215793,32.117140583675813],[-106.44176022961085,32.119684151090958],[-106.44022968182641,32.120787256725244],[-106.43929452483586,32.121268579956435],[-106.43775360959472,32.121570950116514],[-106.43582600016649,32.121835967777592],[-106.43392093126535,32.121977538201683],[-106.43355890840922,32.121981024945313],[-106.43278764544898,32.122070584682426],[-106.43230678985381,32.122218947141974],[-106.43187393932911,32.122346312905556]]},"properties":{"fault_name":"Hueco fault zone","slip_rate":"Less than 0.2 mm/yr","age":"middle and late Quaternary","slip_sense":"Normal","fault_id":"901"}},{"type":"Feature","geometry":{"type":"LineString","coordinates":[[-106.43647452630942,32.141029175116721],[-106.4370012193403,32.143194903705584],[-106.43736591917599,32.146240966319532],[-106.43748785379769,32.149344563271121],[-106.43716200879301,32.151968207034805],[-106.43716032624847,32.154145422188435],[-106.43679589590738,32.156426513933887],[-106.43652847732876,32.158599027686087],[-106.43633265357998,32.160833724685929],[-106.43638592637127,32.162414047099269]]},"properties":{"fault_name":"Hueco fault zone","slip_rate":"Less than 0.2 mm/yr","age":"middle and late Quaternary","slip_sense":"Normal","fault_id":"901"}},{"type":"Feature","geometry":{"type":"LineString","coordinates":[[-106.41816344632268,32.077721646265964],[-106.41899499073004,32.080171894307149],[-106.42026607541602,32.08299628034446],[-106.42096579924198,32.084488159136484],[-106.42159747838011,32.086556530818825],[-106.42217914381479,32.089077738195208],[-106.42233080368926,32.091183924099013],[-106.42246236375924,32.092880805250651],[-106.4222279986915,32.093996341995897],[-106.42221306869149,32.094673430177828],[-106.42240860408107,32.095219916665251]]},"properties":{"fault_name":"Hueco fault zone","slip_rate":"Less than 0.2 mm/yr","age":"middle and late Quaternary","slip_sense":"Normal","fault_id":"901"}},{"type":"Feature","geometry":{"type":"LineString","coordinates":[[-106.41843861915883,32.125479072353038],[-106.41908270942091,32.126866320966855],[-106.42006426259925,32.129327478172016],[-106.42090624812518,32.131560296365137],[-106.4212063339391,32.133208750754065],[-106.42146291614044,32.136746344295219],[-106.42199927773871,32.140720056363612]]},"properties":{"fault_name":"Hueco fault zone","slip_rate":"Less than 0.2 mm/yr","age":"middle and late Quaternary","slip_sense":"Normal","fault_id":"901"}},{"type":"Feature","geometry":{"type":"LineString","coordinates":[[-106.40641194359233,32.07354134398588],[-106.406947007125,32.075225435913545],[-106.40770743370796,32.076964694161497],[-106.40941513914791,32.080313201272695],[-106.41118838477266,32.083022497263876],[-106.41276719903732,32.084711650965033],[-106.4141712999624,32.086776862098823],[-106.41475629365519,32.0883786110697],[-106.41547269739932,32.090694605631064],[-106.41606283484546,32.091905852130608],[-106.41673637278086,32.092847028683821],[-106.4186045559581,32.09501868081442],[-106.41959041655825,32.095928013294149]]},"properties":{"fault_name":"Hueco fault zone","slip_rate":"Less than 0.2 mm/yr","age":"middle and late Quaternary","slip_sense":"Normal","fault_id":"901"}},{"type":"Feature","geometry":{"type":"LineString","coordinates":[[-106.41476041063413,32.059787336664044],[-106.41498412886914,32.061298422773497],[-106.41549366407807,32.064585199162316],[-106.41567940244116,32.065830773108189]]},"properties":{"fault_name":"Hueco fault zone","slip_rate":"Less than 0.2 mm/yr","age":"middle and late Quaternary","slip_sense":"Normal","fault_id":"901"}},{"type":"Feature","geometry":{"type":"LineString","coordinates":[[-106.4125374540051,31.997889601994874],[-106.41169603082454,31.999028629139065],[-106.41014304312431,32.001727720158982],[-106.40951884515587,32.003498489367303]]},"properties":{"fault_name":"Hueco fault zone","slip_rate":"Less than 0.2 mm/yr","age":"middle and late Quaternary","slip_sense":"Normal","fault_id":"901"}},{"type":"Feature","geometry":{"type":"LineString","coordinates":[[-106.40748495694467,31.978164592831181],[-106.40624333969495,31.980394254982322],[-106.40501232526053,31.983698390915869],[-106.40500000396808,31.985560179265789]]},"properties":{"fault_name":"Hueco fault zone","slip_rate":"Less than 0.2 mm/yr","age":"middle and late Quaternary","slip_sense":"Normal","fault_id":"901"}},{"type":"Feature","geometry":{"type":"LineString","coordinates":[[-106.40035955694196,32.014870036342622],[-106.39962884483199,32.015553297277087],[-106.39897856966917,32.016368686158501],[-106.39866196563382,32.017413191311896],[-106.39883387083984,32.019010431068729],[-106.39884970095179,32.020588188325441],[-106.3986862794353,32.022355481916442],[-106.3983679335666,32.02381816763117],[-106.39831737728072,32.025262661915804],[-106.39877745843663,32.02731698275209],[-106.39934935020101,32.029314614172556],[-106.40003212461417,32.03148365515176],[-106.40065125698273,32.03285414230222],[-106.40131565186516,32.034072694227241],[-106.40184580520652,32.035385877836106],[-106.40221592278166,32.037649000987713],[-106.40243102527477,32.039626527705622],[-106.40273462260312,32.041794403816098],[-106.40304124006748,32.043220957947014],[-106.40337164402224,32.044286423340495],[-106.40405901601302,32.045371963813324],[-106.40468145058857,32.04596308780917],[-106.40503718793263,32.046287295270567]]},"properties":{"fault_name":"Hueco fault zone","slip_rate":"Less than 0.2 mm/yr","age":"middle and late Quaternary","slip_sense":"Normal","fault_id":"901"}},{"type":"Feature","geometry":{"type":"LineString","coordinates":[[-106.40381110614743,32.157309020046178],[-106.40408841697396,32.159176885660926],[-106.40416005761787,32.160818071061023],[-106.40390102930401,32.16282595807548],[-106.40310903771861,32.165183851356225],[-106.40255718826653,32.166806085220657]]},"properties":{"fault_name":"Hueco fault zone","slip_rate":"Less than 0.2 mm/yr","age":"middle and late Quaternary","slip_sense":"Normal","fault_id":"901"}},{"type":"Feature","geometry":{"type":"LineString","coordinates":[[-106.40326041731871,32.062683989373376],[-106.40311391826555,32.063122938622605],[-106.40313250890036,32.06397696916455],[-106.40328316535664,32.06475298913368],[-106.40350192399296,32.065584895679095]]},"properties":{"fault_name":"Hueco fault zone","slip_rate":"Less than 0.2 mm/yr","age":"middle and late Quaternary","slip_sense":"Normal","fault_id":"901"}},{"type":"Feature","geometry":{"type":"LineString","coordinates":[[-106.40245181768032,32.0531852073347],[-106.4025843066083,32.055176552016967],[-106.40287403125375,32.057222385026421],[-106.40321658043116,32.058621902255446],[-106.40348237036416,32.059566982208253]]},"properties":{"fault_name":"Hueco fault zone","slip_rate":"Less than 0.2 mm/yr","age":"middle and late Quaternary","slip_sense":"Normal","fault_id":"901"}},{"type":"Feature","geometry":{"type":"LineString","coordinates":[[-106.40090304218045,32.171682684027815],[-106.40069943991961,32.172964355204421],[-106.40042788729406,32.174208644843475],[-106.39997585594141,32.175397791093971],[-106.39925791787478,32.176800112085317],[-106.39800907906846,32.17868604566543],[-106.39733194338034,32.179839657843658]]},"properties":{"fault_name":"Hueco fault zone","slip_rate":"Less than 0.2 mm/yr","age":"middle and late Quaternary","slip_sense":"Normal","fault_id":"901"}},{"type":"Feature","geometry":{"type":"LineString","coordinates":[[-106.36020879836278,32.293992861181088],[-106.3606436126047,32.294905031777425],[-106.36111500983824,32.295839791349074],[-106.36122705041544,32.296774583804492],[-106.36095726297941,32.297690333990886],[-106.36019325122014,32.298873215859267]]},"properties":{"fault_name":"Hueco fault zone","slip_rate":"Less than 0.2 mm/yr","age":"middle and late Quaternary","slip_sense":"Normal","fault_id":"901"}},{"type":"Feature","geometry":{"type":"LineString","coordinates":[[-106.34525289811444,32.350934721951027],[-106.34577608412243,32.352426100784641],[-106.34678404597351,32.353691284237826],[-106.34789383994686,32.35428819890739],[-106.34878180124902,32.355059233248078],[-106.35021856132454,32.356452780711344],[-106.35186451477523,32.358604041218371],[-106.35326470713051,32.360209809743395],[-106.35483665197819,32.361620773373566],[-106.35599601768386,32.362502918261114],[-106.3571505899792,32.363080161755896]]},"properties":{"fault_name":"Hueco fault zone","slip_rate":"Less than 0.2 mm/yr","age":"middle and late Quaternary","slip_sense":"Normal","fault_id":"901"}},{"type":"Feature","geometry":{"type":"LineString","coordinates":[[-106.34731157443758,32.259258486974225],[-106.34806336641402,32.261540338195537],[-106.3484670109122,32.263043511629817],[-106.34865914078856,32.263900146715045],[-106.34871600234939,32.264720040644619]]},"properties":{"fault_name":"Hueco fault zone","slip_rate":"Less than 0.2 mm/yr","age":"middle and late Quaternary","slip_sense":"Normal","fault_id":"901"}},{"type":"Feature","geometry":{"type":"LineString","coordinates":[[-106.30660933741052,32.07380694481013],[-106.30777818213907,32.075363179032394],[-106.30923283935,32.077164697090765]]},"properties":{"fault_name":"Hueco fault zone","slip_rate":"Less than 0.2 mm/yr","age":"middle and late Quaternary","slip_sense":"Normal","fault_id":"901"}},{"type":"Feature","geometry":{"type":"LineString","coordinates":[[-106.30632195826628,32.073424309721659],[-106.30660933741052,32.07380694481013]]},"properties":{"fault_name":"Hueco fault zone","slip_rate":"Less than 0.2 mm/yr","age":"middle and late Quaternary","slip_sense":"Normal","fault_id":"901"}},{"type":"Feature","geometry":{"type":"LineString","coordinates":[[-106.3031296673434,32.049181140174525],[-106.30203067830628,32.051936344862419],[-106.30103204006954,32.054833824022573],[-106.3002675297453,32.05735806386793],[-106.29997366386641,32.059737704845524],[-106.30011277786961,32.060912409952707],[-106.30048675101399,32.061885845986211],[-106.30099635898647,32.063116851350273]]},"properties":{"fault_name":"Hueco fault zone","slip_rate":"Less than 0.2 mm/yr","age":"middle and late Quaternary","slip_sense":"Normal","fault_id":"901"}},{"type":"Feature","geometry":{"type":"LineString","coordinates":[[-106.4895020353102,32.13496395134738],[-106.48780611936004,32.13652042620933],[-106.48660217296174,32.138142243008225],[-106.48565671858307,32.140226435677775],[-106.48471866632237,32.142959760007628],[-106.48376953963084,32.146170112872703],[-106.48314359982906,32.14898492420236],[-106.48295694608272,32.149855565269753]]},"properties":{"fault_name":"Hueco fault zone","slip_rate":"Less than 0.2 mm/yr","age":"middle and late Quaternary","slip_sense":"Normal","fault_id":"901"}},{"type":"Feature","geometry":{"type":"LineString","coordinates":[[-106.48843194597409,32.126890930745006],[-106.48754383375496,32.127468069182761],[-106.48653831442314,32.128272334375694],[-106.48592669556362,32.129503029736753],[-106.48559554960046,32.131215561975978],[-106.48553421442948,32.1315031313191]]},"properties":{"fault_name":"Hueco fault zone","slip_rate":"Less than 0.2 mm/yr","age":"middle and late Quaternary","slip_sense":"Normal","fault_id":"901"}},{"type":"Feature","geometry":{"type":"LineString","coordinates":[[-106.48564647778883,32.119409514210787],[-106.48515558531699,32.121509442232934],[-106.48471292698603,32.123498049337378],[-106.48417460436549,32.125067907839295],[-106.48400714941337,32.125909039645578],[-106.48412952061632,32.126705555025552],[-106.48435809244882,32.127491960647347]]},"properties":{"fault_name":"Hueco fault zone","slip_rate":"Less than 0.2 mm/yr","age":"middle and late Quaternary","slip_sense":"Normal","fault_id":"901"}},{"type":"Feature","geometry":{"type":"LineString","coordinates":[[-106.48553421442948,32.1315031313191],[-106.48534399976133,32.132394918997512],[-106.48515795417441,32.13365170864315],[-106.48487515464149,32.135212325028625],[-106.48434920361906,32.136616225203639],[-106.48357612067207,32.138035139085389],[-106.4828021331216,32.139492211134822],[-106.48194900758784,32.140489845152175],[-106.4813707117338,32.141243855006685],[-106.48085438795626,32.142227949654789],[-106.48067003120208,32.14340840866236],[-106.48087266238407,32.144347100277365],[-106.48110522902462,32.144961776079818]]},"properties":{"fault_name":"Hueco fault zone","slip_rate":"Less than 0.2 mm/yr","age":"middle and late Quaternary","slip_sense":"Normal","fault_id":"901"}},{"type":"Feature","geometry":{"type":"LineString","coordinates":[[-106.48295694608272,32.149855565269753],[-106.48269094324898,32.151096307649134],[-106.48240320927022,32.152866812875232],[-106.48229320158053,32.153743079046457],[-106.48253058858087,32.155121376120292],[-106.48345663126454,32.157770871107871]]},"properties":{"fault_name":"Hueco fault zone","slip_rate":"Less than 0.2 mm/yr","age":"middle and late Quaternary","slip_sense":"Normal","fault_id":"901"}},{"type":"Feature","geometry":{"type":"LineString","coordinates":[[-106.47731728320313,32.138143972759515],[-106.47692591059004,32.139550014686428],[-106.47681599003694,32.140426255205028],[-106.47676541308981,32.140731498717258]]},"properties":{"fault_name":"Hueco fault zone","slip_rate":"Less than 0.2 mm/yr","age":"middle and late Quaternary","slip_sense":"Normal","fault_id":"901"}},{"type":"Feature","geometry":{"type":"LineString","coordinates":[[-106.47093536486217,32.149284263647694],[-106.4699610979191,32.1501169299097],[-106.4693474704266,32.151034720800752],[-106.46913906487394,32.152345701846087],[-106.46918833117908,32.154294753871348],[-106.46895386639835,32.155769607089645],[-106.46843128765148,32.157139434941953],[-106.46776816388517,32.158159356174195],[-106.46659724225167,32.159297994994958],[-106.46562210124782,32.160192160368155],[-106.46488951525215,32.160965327883552],[-106.46449813096096,32.161433743806349],[-106.46425311816216,32.16175983136354],[-106.46406857276178,32.162199705277814]]},"properties":{"fault_name":"Hueco fault zone","slip_rate":"Less than 0.2 mm/yr","age":"middle and late Quaternary","slip_sense":"Normal","fault_id":"901"}},{"type":"Feature","geometry":{"type":"LineString","coordinates":[[-106.46318386425926,32.093051161272015],[-106.46356920199027,32.094474767683039],[-106.46410214819385,32.095954597118414],[-106.46468154089084,32.096919266905665],[-106.46537309903084,32.0977155299435],[-106.46653361996999,32.09872057009818],[-106.467777064393,32.09945557016821],[-106.46883403832598,32.100057900129933],[-106.46978184988393,32.100602318029196]]},"properties":{"fault_name":"Hueco fault zone","slip_rate":"Less than 0.2 mm/yr","age":"middle and late Quaternary","slip_sense":"Normal","fault_id":"901"}},{"type":"Feature","geometry":{"type":"LineString","coordinates":[[-106.44036269267559,32.117410017929181],[-106.44003068432971,32.115996421918368],[-106.43957590592895,32.11441974373917],[-106.43875783625083,32.112743909124639],[-106.4381604206543,32.111332872767512],[-106.4375667231847,32.110209266150342],[-106.43707326242946,32.109372157125591],[-106.43636579602408,32.108783514961139],[-106.43585402580672,32.10839831518858],[-106.43524705393217,32.108116700243762],[-106.43432611727256,32.107817572678329]]},"properties":{"fault_name":"Hueco fault zone","slip_rate":"Less than 0.2 mm/yr","age":"middle and late Quaternary","slip_sense":"Normal","fault_id":"901"}},{"type":"Feature","geometry":{"type":"LineString","coordinates":[[-106.43674036834473,32.06362513186194],[-106.43553750261971,32.064980854769871],[-106.43473938991396,32.066387435813361],[-106.4342051151021,32.067560692878914],[-106.43398724130637,32.068843505092559],[-106.4340930664401,32.070560369150151],[-106.43426529414131,32.072237990098586],[-106.4344401009057,32.074030140006563],[-106.43442441721915,32.075328841084783],[-106.43455837938423,32.076300557165332],[-106.43500321343483,32.077133680056569],[-106.43551445634111,32.077927558757672],[-106.43595844867029,32.078722502277543],[-106.436216222936,32.079214879236481],[-106.4364722850128,32.079630903917497],[-106.43691320510372,32.080395721699432],[-106.43759045936945,32.081708079968763],[-106.43860502473618,32.08291745219897],[-106.43932936060428,32.083573174136163]]},"properties":{"fault_name":"Hueco fault zone","slip_rate":"Less than 0.2 mm/yr","age":"middle and late Quaternary","slip_sense":"Normal","fault_id":"901"}},{"type":"Feature","geometry":{"type":"LineString","coordinates":[[-106.43187393932911,32.122346312905556],[-106.43187131535016,32.123694681302965],[-106.43206052210856,32.125273940324362],[-106.43254068510268,32.126953067191138],[-106.43329989716334,32.12893919508479],[-106.43395252501389,32.131004210231737],[-106.43427911472196,32.132550223656892],[-106.43471694820154,32.134508910867893],[-106.43545345264849,32.137129909927914],[-106.4360740420844,32.139543548376082],[-106.43647452630942,32.141029175116721]]},"properties":{"fault_name":"Hueco fault zone","slip_rate":"Less than 0.2 mm/yr","age":"middle and late Quaternary","slip_sense":"Normal","fault_id":"901"}},{"type":"Feature","geometry":{"type":"LineString","coordinates":[[-106.43544985759071,32.120147391012175],[-106.43571994416573,32.118625306199803],[-106.43552172461007,32.116347996752069],[-106.43496890767244,32.114649046076352],[-106.4336445708564,32.111130038026971],[-106.43243579960672,32.10908831801008],[-106.43148179596152,32.108091348076378],[-106.43082473672168,32.107666456634455]]},"properties":{"fault_name":"Hueco fault zone","slip_rate":"Less than 0.2 mm/yr","age":"middle and late Quaternary","slip_sense":"Normal","fault_id":"901"}},{"type":"Feature","geometry":{"type":"LineString","coordinates":[[-106.42634792141781,32.106845652999091],[-106.4249691898147,32.105601102876882],[-106.42357286560505,32.103971754890864],[-106.4226617951422,32.102543098360186],[-106.42189605143108,32.101154115643297],[-106.42138177940565,32.100563543931834],[-106.42098815920772,32.099971820078622]]},"properties":{"fault_name":"Hueco fault zone","slip_rate":"Less than 0.2 mm/yr","age":"middle and late Quaternary","slip_sense":"Normal","fault_id":"901"}},{"type":"Feature","geometry":{"type":"LineString","coordinates":[[-106.41583064459903,32.067350064666904],[-106.41642706126898,32.069429709064678],[-106.41671875861478,32.070856103368001],[-106.41700784365973,32.072693266360325],[-106.41701070569222,32.074130507066094],[-106.41720876175448,32.075149746301847],[-106.41763634366006,32.076406766065553],[-106.41786432080781,32.077075810337028],[-106.41816344632268,32.077721646265964]]},"properties":{"fault_name":"Hueco fault zone","slip_rate":"Less than 0.2 mm/yr","age":"middle and late Quaternary","slip_sense":"Normal","fault_id":"901"}},{"type":"Feature","geometry":{"type":"LineString","coordinates":[[-106.41567940244116,32.065830773108189],[-106.41583064459903,32.067350064666904]]},"properties":{"fault_name":"Hueco fault zone","slip_rate":"Less than 0.2 mm/yr","age":"middle and late Quaternary","slip_sense":"Normal","fault_id":"901"}},{"type":"Feature","geometry":{"type":"LineString","coordinates":[[-106.40951884515587,32.003498489367303],[-106.40913272139899,32.004677321993391],[-106.40852470837704,32.00702099706259],[-106.40854890539752,32.008930467701568],[-106.40884244698459,32.010803852229884],[-106.4088985467741,32.011835301011686],[-106.4087103928412,32.012654824779801],[-106.40814020877416,32.013566831672442],[-106.40791341021607,32.013813267779923],[-106.40759077309527,32.014631741004976],[-106.40749163142725,32.015509236817735],[-106.40759378424811,32.016426489162839],[-106.40782835143678,32.017535701256357]]},"properties":{"fault_name":"Hueco fault zone","slip_rate":"Less than 0.2 mm/yr","age":"middle and late Quaternary","slip_sense":"Normal","fault_id":"901"}},{"type":"Feature","geometry":{"type":"LineString","coordinates":[[-106.40503718793263,32.046287295270567],[-106.40635941819934,32.047074709226578],[-106.40726992362188,32.048179902230174],[-106.40766787639441,32.049112494859095],[-106.40777405905763,32.050462404871453],[-106.40765662589379,32.051925702253769],[-106.40733887381148,32.053255345690594],[-106.40693351981933,32.054166544799706],[-106.40669668797783,32.054606465300935]]},"properties":{"fault_name":"Hueco fault zone","slip_rate":"Less than 0.2 mm/yr","age":"middle and late Quaternary","slip_sense":"Normal","fault_id":"901"}},{"type":"Feature","geometry":{"type":"LineString","coordinates":[[-106.34871600234939,32.264720040644619],[-106.34863428081138,32.265839001018414],[-106.3486509634245,32.266983695357553],[-106.34876441166175,32.268604402629016],[-106.34873547692645,32.269378148288943],[-106.34885542177982,32.270386853625297],[-106.34914639059191,32.271105662300918],[-106.34968084596515,32.271704733919897]]},"properties":{"fault_name":"Hueco fault zone","slip_rate":"Less than 0.2 mm/yr","age":"middle and late Quaternary","slip_sense":"Normal","fault_id":"901"}},{"type":"Feature","geometry":{"type":"LineString","coordinates":[[-106.30099635898647,32.063116851350273],[-106.30211528433468,32.065009793081117],[-106.30350233703227,32.066811572222655],[-106.30418231588828,32.068557980266412],[-106.30452546963186,32.070248000333009],[-106.30574600072693,32.072480121986011],[-106.30632195826628,32.073424309721659]]},"properties":{"fault_name":"Hueco fault zone","slip_rate":"Less than 0.2 mm/yr","age":"middle and late Quaternary","slip_sense":"Normal","fault_id":"901"}},{"type":"Feature","geometry":{"type":"LineString","coordinates":[[-106.37023755516039,31.868020727033691],[-106.36969586206092,31.865781350361722],[-106.36927638834912,31.862965877880161],[-106.36850576858264,31.855436099345397],[-106.3681468494058,31.851758983630599],[-106.36800181999644,31.847963537069024],[-106.36851291198575,31.842670351687964],[-106.36936790332035,31.837608824053625],[-106.37048178283163,31.83162343294196],[-106.37127511111017,31.827537988175845],[-106.37225899811163,31.823164772051491],[-106.37264842587213,31.818968779183145],[-106.37350286743778,31.81482389271163],[-106.37408284673467,31.809300712891318],[-106.37419725976252,31.804068640380343],[-106.37431167907857,31.799527656955433],[-106.37402164541268,31.79492723534424],[-106.37366272084596,31.790788467347326],[-106.37264044883241,31.78676581130734]]},"properties":{"fault_name":"Hueco fault zone","slip_rate":"Less than 0.2 mm/yr","age":"middle and late Quaternary","slip_sense":"Normal","fault_id":"901"}},{"type":"Feature","geometry":{"type":"LineString","coordinates":[[-106.36711020165276,31.95117449109204],[-106.36338674498721,31.947911282638714],[-106.3574282053346,31.941319855049592],[-106.35215580608252,31.935761723927126],[-106.34721174286342,31.929283058676578],[-106.34267214160941,31.923604923901213],[-106.33881145201285,31.918327327379238],[-106.33441686040528,31.91293917897535],[-106.33035783357379,31.908064348164753],[-106.32507821905332,31.902331219297839],[-106.32114918832491,31.895214779672809],[-106.31897465897453,31.889988829677691],[-106.31564787408391,31.883616812350319],[-106.31280221607972,31.878163650741069],[-106.31096325240371,31.872651594661836],[-106.30960542459727,31.869552246651747],[-106.30872038731135,31.866506780279963],[-106.30849869118407,31.861274703839463],[-106.30861311409338,31.856386505253667],[-106.30879643419175,31.852131065095225],[-106.30932309488324,31.848219503374466],[-106.31025365699111,31.844421824069038],[-106.31171089506186,31.84004860132702],[-106.3149231717032,31.834517064745217],[-106.31799767013614,31.829447740744307],[-106.32093493473975,31.823113451369878],[-106.32387220203832,31.817641362089613],[-106.32674891659852,31.81291703003637],[-106.32867893800329,31.80784938120631],[-106.33101341508497,31.803186160646657],[-106.33374511820212,31.79725242233604],[-106.33574403499929,31.793222520733629],[-106.33707904829249,31.789710947147423],[-106.33880350910913,31.784933291343972],[-106.34067241992175,31.780786729795967],[-106.34254189038481,31.777387925313985],[-106.34447191628115,31.77370135070138],[-106.34573081262538,31.769268690127774]]},"properties":{"fault_name":"Hueco fault zone","slip_rate":"Less than 0.2 mm/yr","age":"middle and late Quaternary","slip_sense":"Normal","fault_id":"901"}},{"type":"Feature","geometry":{"type":"LineString","coordinates":[[-106.3098796272529,31.816765921706743],[-106.31154298376559,31.812966573165713],[-106.31320633758332,31.808879453152812],[-106.31621194242049,31.803464583373358],[-106.31854697376269,31.798109161272489],[-106.31988199244579,31.795116456702164],[-106.32162146321247,31.792234305366527],[-106.32368927001218,31.788202182135809],[-106.32481816666004,31.784116733248688],[-106.32634429203836,31.779741844747374],[-106.32774042131359,31.776689699916609],[-106.3293426600476,31.772543695109793],[-106.33079988733857,31.766962732352543],[-106.33098265227807,31.763683933978729],[-106.33117374729518,31.759429050071031]]},"properties":{"fault_name":"Hueco fault zone","slip_rate":"Less than 0.2 mm/yr","age":"middle and late Quaternary","slip_sense":"Normal","fault_id":"901"}},{"type":"Feature","geometry":{"type":"LineString","coordinates":[[-106.28982928940016,31.854778908366736],[-106.28840256081141,31.849031851225106],[-106.28676972815376,31.845413629286313],[-106.28513688741128,31.840186004677452],[-106.2831762630997,31.836167240368145],[-106.28155120985241,31.833182330817881],[-106.28025394017422,31.829276334795875],[-106.27917056924662,31.826750854344496],[-106.27875109822973,31.822840963619775],[-106.27880441683513,31.818873848721488],[-106.27946052565738,31.813811760308262],[-106.2805210865633,31.808748001228665],[-106.28298556244299,31.801612623178666],[-106.28544948406216,31.794763905154703],[-106.28664004735934,31.789699592296621],[-106.28757061036553,31.786131349747979],[-106.28809727644693,31.783369754889623],[-106.28928728189034,31.777674347155198],[-106.29000449501653,31.771402847987204],[-106.28896665789406,31.763356406038003],[-106.28773827282848,31.757668791380247],[-106.2873188009133,31.753817787157921],[-106.28690655414795,31.750195665630166],[-106.28525860733562,31.741117032082929],[-106.28464074698152,31.736404385784351],[-106.28495345682015,31.731286744213964],[-106.28581564006689,31.727085189180471]]},"properties":{"fault_name":"Hueco fault zone","slip_rate":"Less than 0.2 mm/yr","age":"middle and late Quaternary","slip_sense":"Normal","fault_id":"901"}},{"type":"Feature","geometry":{"type":"LineString","coordinates":[[-106.24871351922025,31.9414868896847],[-106.24958353218301,31.938549185056921],[-106.25299415683909,31.931755450896734],[-106.25628200694864,31.92668778132537],[-106.25943318557424,31.921906214649763],[-106.26203490426641,31.916150238007653],[-106.26478162811344,31.911024796906425],[-106.26785613013965,31.904347729278516],[-106.26958837575653,31.898303433623919],[-106.27077059999293,31.890252533068207],[-106.27035112358617,31.885078229167021],[-106.27039665828961,31.87886784165423],[-106.27037385635276,31.87265967575124],[-106.26765764558098,31.864962125730841],[-106.26777985059562,31.859556715158398],[-106.26594089230949,31.853697441329928],[-106.26605531791375,31.847947038621694],[-106.2660402980822,31.842484409199507],[-106.26715418298338,31.833741303999592],[-106.26820696268227,31.827298691793271],[-106.26946586441638,31.822351039315752],[-106.26964862666095,31.817117290108829],[-106.26977083526883,31.812516858807388],[-106.26989304208007,31.808261973380759],[-106.26974024404014,31.803375437621582],[-106.2688479762145,31.79711172397322],[-106.26734458180614,31.790674684927502],[-106.26530006023694,31.783205454348707],[-106.26427779540992,31.778611138305845],[-106.26317885578014,31.771540780380647],[-106.26195047700274,31.767001464878962],[-106.26120267085123,31.764188211198579],[-106.26031763356532,31.759530563731264],[-106.26010428099039,31.755620668688945],[-106.259684255713,31.750909130931355],[-106.25946307971027,31.746309257824919],[-106.2596535755511,31.741939374632008],[-106.25997407557985,31.737741153884976],[-106.26090514523587,31.733484043175821],[-106.2626289951981,31.727958627158735],[-106.2635600648541,31.723757068697722],[-106.2644216920437,31.71961439964144],[-106.2660166768818,31.715988933115216],[-106.26614607919849,31.712997903080989],[-106.2660699263169,31.710180756630027],[-106.26578764690854,31.706789742108835],[-106.26509310456517,31.701329336980354]]},"properties":{"fault_name":"Hueco fault zone","slip_rate":"Less than 0.2 mm/yr","age":"middle and late Quaternary","slip_sense":"Normal","fault_id":"901"}},{"type":"Feature","geometry":{"type":"LineString","coordinates":[[-106.25458832960018,31.839814561091963],[-106.25262715911292,31.83677243275562],[-106.25161267818785,31.834128622716861],[-106.2510632065763,31.829877071636499],[-106.25051373855807,31.826714938058739],[-106.25043761262593,31.823266698136429],[-106.25049093572287,31.819816234141115],[-106.25081926726428,31.816594651749341],[-106.25120815603562,31.81389027617001]]},"properties":{"fault_name":"Hueco fault zone","slip_rate":"Less than 0.2 mm/yr","age":"middle and late Quaternary","slip_sense":"Normal","fault_id":"901"}},{"type":"Feature","geometry":{"type":"LineString","coordinates":[[-106.23420937364345,31.819629674649132],[-106.23305710732346,31.816583652099105],[-106.23203483980149,31.812103223024323],[-106.23114980431221,31.809171638017776],[-106.22879250283582,31.805727300619687],[-106.22715965939838,31.800615778733608],[-106.22478678562652,31.793432651685123],[-106.22336006602093,31.789871642073617],[-106.22146777026481,31.78487456468034],[-106.21890435034648,31.781548557072725],[-106.21854544733934,31.780984130306464]]},"properties":{"fault_name":"Hueco fault zone","slip_rate":"Less than 0.2 mm/yr","age":"middle and late Quaternary","slip_sense":"Normal","fault_id":"901"}},{"type":"Feature","geometry":{"type":"LineString","coordinates":[[-106.22277989358625,31.750659907354716],[-106.22319214394487,31.754743127686954],[-106.22259714212147,31.758536921956516],[-106.22173490856906,31.761934058157596],[-106.2210787943569,31.766074509367645],[-106.22035380271865,31.772977109709327],[-106.21949157275951,31.777577548362149],[-106.2186982310062,31.780743579329009],[-106.21854544733934,31.780984130306464]]},"properties":{"fault_name":"Hueco fault zone","slip_rate":"Less than 0.2 mm/yr","age":"middle and late Quaternary","slip_sense":"Normal","fault_id":"901"}},{"type":"Feature","geometry":{"type":"LineString","coordinates":[[-106.22186463517757,31.831966092320208],[-106.22078125436849,31.827310110715519],[-106.2192095143367,31.820010872089536],[-106.21798112298289,31.814092701381213],[-106.2167605137344,31.809324503322095],[-106.21607380739525,31.804437970323754],[-106.21585989516988,31.799953644762642],[-106.21598210018452,31.795182102671959],[-106.21610430609744,31.790236122169532],[-106.21656207678645,31.785405136756008],[-106.21762265026877,31.782469651790855],[-106.21854544733934,31.780984130306464]]},"properties":{"fault_name":"Hueco fault zone","slip_rate":"Less than 0.2 mm/yr","age":"middle and late Quaternary","slip_sense":"Normal","fault_id":"901"}},{"type":"Feature","geometry":{"type":"LineString","coordinates":[[-106.20861204401417,31.830674546364268],[-106.20651418407665,31.825101929266744],[-106.20542302655217,31.821426478270027],[-106.20440798418004,31.817918797781257],[-106.20399628987859,31.814470558349271],[-106.20445406595749,31.81096453736367],[-106.20471349671659,31.806190771280047],[-106.20523182104228,31.800957016330685],[-106.20542291336446,31.795378273737885],[-106.20588067776524,31.789282877242581],[-106.20600288457649,31.784741329206661],[-106.20585008024835,31.779681463798337],[-106.20583450166471,31.774506598987873],[-106.20589559518886,31.770194490209782],[-106.20541501717311,31.767951219326431],[-106.2042021900299,31.76490741906623]]},"properties":{"fault_name":"Hueco fault zone","slip_rate":"Less than 0.2 mm/yr","age":"middle and late Quaternary","slip_sense":"Normal","fault_id":"901"}},{"type":"Feature","geometry":{"type":"LineString","coordinates":[[-106.18518090377616,31.741951478669183],[-106.18456304072713,31.736837737363967],[-106.1850207620088,31.731602323769661],[-106.18521126683278,31.727463549147501],[-106.18560788111556,31.722632017379006],[-106.18666840788546,31.71820157664909],[-106.18666114141314,31.714867780323871],[-106.18672165013403,31.711302879318801],[-106.18670658718335,31.706586345342807],[-106.18541704840649,31.702163140621916],[-106.18393696797469,31.699349899280524],[-106.18257853111047,31.694522819209343],[-106.17934392055454,31.688779668073582],[-106.17643654200211,31.683037068148561],[-106.1727213157012,31.67355735876113],[-106.1700278367977,31.668215305294083],[-106.16827274612481,31.664828188803739],[-106.16678489885909,31.662646037848454],[-106.16455699520779,31.657530642131185],[-106.16374861026677,31.655348485712167],[-106.1635346621088,31.651093606740091],[-106.16393127100169,31.645747643082998],[-106.16371786093458,31.64022557783623],[-106.16364114031775,31.636201247740154],[-106.1629471180989,31.627290391138381],[-106.16193205057395,31.624074933308016],[-106.16071921893916,31.622464987629364],[-106.15963581028234,31.618787876140431],[-106.15875071730089,31.613329148142501],[-106.15854456382465,31.61033867833563],[-106.15901009236445,31.607290427766248],[-106.1596050510687,31.602802771004143],[-106.15972666319523,31.598318452776649],[-106.15945215960396,31.594294122857868],[-106.15971156700688,31.590844217665101],[-106.15929928610555,31.587048773190666],[-106.15875756066671,31.583602207117938],[-106.15854417305749,31.579635098726378],[-106.15826912418886,31.576413524813095]]},"properties":{"fault_name":"Hueco fault zone","slip_rate":"Less than 0.2 mm/yr","age":"middle and late Quaternary","slip_sense":"Normal","fault_id":"901"}},{"type":"Feature","geometry":{"type":"LineString","coordinates":[[-106.43004722508033,32.041925395865192],[-106.43206174830893,32.043943104793726],[-106.43364125158143,32.045324166093401],[-106.43538798612552,32.04691077618871],[-106.4368380439622,32.048635164234277],[-106.43814255136665,32.050824541895466],[-106.43961539586883,32.053327242760218],[-106.44203382770034,32.056180480907578]]},"properties":{"fault_name":"Hueco fault zone","slip_rate":"Less than 0.2 mm/yr","age":"middle and late Quaternary","slip_sense":"Normal","fault_id":"901"}},{"type":"Feature","geometry":{"type":"LineString","coordinates":[[-106.35652915612691,31.954489488194366],[-106.37108409873805,31.964017734840176]]},"properties":{"fault_name":"Hueco fault zone","slip_rate":"Less than 0.2 mm/yr","age":"middle and late Quaternary","slip_sense":"Normal","fault_id":"901"}},{"type":"Feature","geometry":{"type":"LineString","coordinates":[[-106.32178960627411,31.91779958584134],[-106.32684710605233,31.922025716874536],[-106.32934121286169,31.925143353147995],[-106.33190460493226,31.927845305296255],[-106.33356734520066,31.93096294096771],[-106.33712538069989,31.934375223898041],[-106.34024604714855,31.9387356311898],[-106.34430507218343,31.943034363833672],[-106.34782241310201,31.946873668780665],[-106.35363593861661,31.951855701304677],[-106.35652915612691,31.954489488194366]]},"properties":{"fault_name":"Hueco fault zone","slip_rate":"Less than 0.2 mm/yr","age":"middle and late Quaternary","slip_sense":"Normal","fault_id":"901"}},{"type":"Feature","geometry":{"type":"LineString","coordinates":[[-106.45117640275836,32.065655747733977],[-106.45315016133769,32.069706661187396]]},"properties":{"fault_name":"Hueco fault zone","slip_rate":"Less than 0.2 mm/yr","age":"middle and late Quaternary","slip_sense":"Normal","fault_id":"901"}},{"type":"Feature","geometry":{"type":"LineString","coordinates":[[-106.44323271658358,32.095776605893199],[-106.44727797314007,32.098349484694189],[-106.45126000896185,32.100416770967378],[-106.45273222733829,32.101194559824904]]},"properties":{"fault_name":"Hueco fault zone","slip_rate":"Less than 0.2 mm/yr","age":"middle and late Quaternary","slip_sense":"Normal","fault_id":"901"}},{"type":"Feature","geometry":{"type":"LineString","coordinates":[[-106.44203382770034,32.056180480907578],[-106.44338386621496,32.056893954315171],[-106.44540603231,32.057822027935529],[-106.44676788007736,32.058549541129807],[-106.44769628622853,32.059272935879015],[-106.44818802940496,32.059930844884434],[-106.44886623678323,32.061069097674164]]},"properties":{"fault_name":"Hueco fault zone","slip_rate":"Less than 0.2 mm/yr","age":"middle and late Quaternary","slip_sense":"Normal","fault_id":"901"}},{"type":"Feature","geometry":{"type":"LineString","coordinates":[[-106.42088911725271,32.180734590231253],[-106.42154656097149,32.181624184107797],[-106.42231432319703,32.18287131523779],[-106.42303548172399,32.184242346625936],[-106.42326023302154,32.184733802376172]]},"properties":{"fault_name":"Hueco fault zone","slip_rate":"Less than 0.2 mm/yr","age":"middle and late Quaternary","slip_sense":"Normal","fault_id":"901"}},{"type":"Feature","geometry":{"type":"LineString","coordinates":[[-106.41261016094927,32.173355302961959],[-106.41370787437867,32.174047411868301],[-106.41490848712894,32.174993576269834],[-106.41602098682795,32.175805300242729],[-106.41684213862578,32.176576257234721]]},"properties":{"fault_name":"Hueco fault zone","slip_rate":"Less than 0.2 mm/yr","age":"middle and late Quaternary","slip_sense":"Normal","fault_id":"901"}},{"type":"Feature","geometry":{"type":"LineString","coordinates":[[-106.40255718826653,32.166806085220657],[-106.40324849397994,32.167175029976192],[-106.40427268209999,32.167852427676912],[-106.40562929538419,32.168876452304431],[-106.40611979439393,32.169148125207904]]},"properties":{"fault_name":"Hueco fault zone","slip_rate":"Less than 0.2 mm/yr","age":"middle and late Quaternary","slip_sense":"Normal","fault_id":"901"}},{"type":"Feature","geometry":{"type":"LineString","coordinates":[[-106.37818540502654,31.968972558955059],[-106.37948685456577,31.970369726999348],[-106.3804017752079,31.971446980273392],[-106.38129492158589,31.972562681195477],[-106.38193857886,31.973509565098123],[-106.38223798734418,31.973983279622569]]},"properties":{"fault_name":"Hueco fault zone","slip_rate":"Less than 0.2 mm/yr","age":"middle and late Quaternary","slip_sense":"Normal","fault_id":"901"}},{"type":"Feature","geometry":{"type":"LineString","coordinates":[[-106.45273222733829,32.101194559824904],[-106.45560972972099,32.103179259097871],[-106.45768586300503,32.104489655636208],[-106.45963860100674,32.105748575178907]]},"properties":{"fault_name":"Hueco fault zone","slip_rate":"Less than 0.2 mm/yr","age":"middle and late Quaternary","slip_sense":"Normal","fault_id":"901"}},{"type":"Feature","geometry":{"type":"LineString","coordinates":[[-106.44886623678323,32.061069097674164],[-106.44989260691109,32.063203298039433],[-106.45074489162175,32.064770066838626],[-106.45117640275836,32.065655747733977]]},"properties":{"fault_name":"Hueco fault zone","slip_rate":"Less than 0.2 mm/yr","age":"middle and late Quaternary","slip_sense":"Normal","fault_id":"901"}},{"type":"Feature","geometry":{"type":"LineString","coordinates":[[-106.41684213862578,32.176576257234721],[-106.41772283076067,32.177562242282889],[-106.41867900204066,32.178432277293901],[-106.41963671393137,32.179430636984428],[-106.4204717429037,32.180306796710639],[-106.42088911725271,32.180734590231253]]},"properties":{"fault_name":"Hueco fault zone","slip_rate":"Less than 0.2 mm/yr","age":"middle and late Quaternary","slip_sense":"Normal","fault_id":"901"}},{"type":"Feature","geometry":{"type":"LineString","coordinates":[[-106.40611979439393,32.169148125207904],[-106.40786678855115,32.170258336915047],[-106.4093139825587,32.171225846768813],[-106.41045050231007,32.171904190678241],[-106.41169761635102,32.172717152704536],[-106.4121869646189,32.17308425394647],[-106.41261016094927,32.173355302961959]]},"properties":{"fault_name":"Hueco fault zone","slip_rate":"Less than 0.2 mm/yr","age":"middle and late Quaternary","slip_sense":"Normal","fault_id":"901"}},{"type":"Feature","geometry":{"type":"LineString","coordinates":[[-106.38223798734418,31.973983279622569],[-106.3834062823038,31.975458405928048],[-106.3842082236293,31.976479724358928],[-106.38532161625368,31.977344475047509],[-106.38647766717598,31.978075032358117],[-106.38758635172994,31.978653401249122]]},"properties":{"fault_name":"Hueco fault zone","slip_rate":"Less than 0.2 mm/yr","age":"middle and late Quaternary","slip_sense":"Normal","fault_id":"901"}},{"type":"Feature","geometry":{"type":"LineString","coordinates":[[-106.37108409873805,31.964017734840176],[-106.37310196819109,31.965349013022287],[-106.37535040643149,31.967059352083226],[-106.37716218888363,31.968125741135967],[-106.37772906804872,31.968500742813934],[-106.37818540502654,31.968972558955059]]},"properties":{"fault_name":"Hueco fault zone","slip_rate":"Less than 0.2 mm/yr","age":"middle and late Quaternary","slip_sense":"Normal","fault_id":"901"}},{"type":"Feature","geometry":{"type":"LineString","coordinates":[[-106.43363884409645,32.082656417205321],[-106.4339310858213,32.084379585715517],[-106.43422198905641,32.085323076678144],[-106.43494892015735,32.087476624048115],[-106.4360610632252,32.089321954195526],[-106.43755868326291,32.091002685279477],[-106.43915176187596,32.092108785887419],[-106.44018954330291,32.092743613650448],[-106.44110716877236,32.093583754097523],[-106.44195256340477,32.094465009012758],[-106.44255665977209,32.095223440959828],[-106.44323271658358,32.095776605893199]]},"properties":{"fault_name":"Hueco fault zone","slip_rate":"Less than 0.2 mm/yr","age":"middle and late Quaternary","slip_sense":"Normal","fault_id":"901"}},{"type":"Feature","geometry":{"type":"LineString","coordinates":[[-106.40509947082623,32.000868854198053],[-106.4072079892746,31.999216668104019]]},"properties":{"fault_name":"Hueco fault zone","slip_rate":"Less than 0.2 mm/yr","age":"middle and late Quaternary","slip_sense":"Normal","fault_id":"901"}},{"type":"Feature","geometry":{"type":"LineString","coordinates":[[-106.40071936904418,31.979172912881051],[-106.40160557863155,31.977367053947848],[-106.40285369878562,31.975747641747233],[-106.40470222323118,31.973872532880208],[-106.40621909955533,31.972249750220811],[-106.4071151834243,31.970997466973916],[-106.40776756693307,31.969900969345431]]},"properties":{"fault_name":"Hueco fault zone","slip_rate":"Less than 0.2 mm/yr","age":"middle and late Quaternary","slip_sense":"Normal","fault_id":"901"}},{"type":"Feature","geometry":{"type":"LineString","coordinates":[[-106.41141374422968,32.044051922679451],[-106.41004177963559,32.042968918956824],[-106.40803691329629,32.041284192772295],[-106.4063394908714,32.039366541075772]]},"properties":{"fault_name":"Hueco fault zone","slip_rate":"Less than 0.2 mm/yr","age":"middle and late Quaternary","slip_sense":"Normal","fault_id":"901"}},{"type":"Feature","geometry":{"type":"LineString","coordinates":[[-106.39551674822845,32.070026162315997],[-106.39493046006332,32.069970835182133],[-106.39391376838432,32.069835459750308],[-106.39266352461291,32.069668973203271]]},"properties":{"fault_name":"Hueco fault zone","slip_rate":"Less than 0.2 mm/yr","age":"middle and late Quaternary","slip_sense":"Normal","fault_id":"901"}},{"type":"Feature","geometry":{"type":"LineString","coordinates":[[-106.4198339812728,32.048910475286434],[-106.41867207423317,32.048460718135551],[-106.41678355768947,32.047473015686137],[-106.41531258078477,32.046723112253758]]},"properties":{"fault_name":"Hueco fault zone","slip_rate":"Less than 0.2 mm/yr","age":"middle and late Quaternary","slip_sense":"Normal","fault_id":"901"}},{"type":"Feature","geometry":{"type":"LineString","coordinates":[[-106.41531258078477,32.046723112253758],[-106.41387036074894,32.045910204026441],[-106.41228990885551,32.044710076664487],[-106.41141374422968,32.044051922679451]]},"properties":{"fault_name":"Hueco fault zone","slip_rate":"Less than 0.2 mm/yr","age":"middle and late Quaternary","slip_sense":"Normal","fault_id":"901"}},{"type":"Feature","geometry":{"type":"LineString","coordinates":[[-106.3117350606413,32.000089732230073],[-106.31075834938237,31.996559282656225],[-106.30992662800688,31.990236689154838],[-106.30957548913872,31.98638402030743],[-106.3096215727128,31.980578068133667],[-106.31033878583901,31.974135463874369],[-106.31044541855819,31.966486784345502],[-106.31088762593488,31.960335838747699],[-106.31081149461286,31.956712050294833],[-106.31012479276529,31.953265485101554],[-106.30822527365599,31.949132282969689],[-106.30322011511608,31.944776335060599],[-106.30092337266625,31.942025874068399],[-106.29801661125643,31.939445415325675],[-106.29430094567932,31.937444947306908]]},"properties":{"fault_name":"Hueco fault zone","slip_rate":"Less than 0.2 mm/yr","age":"middle and late Quaternary","slip_sense":"Normal","fault_id":"901"}},{"type":"Feature","geometry":{"type":"LineString","coordinates":[[-106.24076235367241,31.905593747175249],[-106.24015177416368,31.903526582639895],[-106.23906118257783,31.90059666899052],[-106.23851948858002,31.897491755697963],[-106.23870225980774,31.893467417698844],[-106.2391678143987,31.889671960229379],[-106.23915224120492,31.884840420728651],[-106.23893110832131,31.880127771716793],[-106.23989831630288,31.876089544075423],[-106.24091443485673,31.871840320014854],[-106.23971356788323,31.868145344332632],[-106.23786608099182,31.861771508630152],[-106.23601859230376,31.858446029827729],[-106.23472534977299,31.854196807980252],[-106.23481772443198,31.850871329147054]]},"properties":{"fault_name":"Hueco fault zone","slip_rate":"Less than 0.2 mm/yr","age":"middle and late Quaternary","slip_sense":"Normal","fault_id":"901"}},{"type":"Feature","geometry":{"type":"LineString","coordinates":[[-106.09528087972213,31.670191861079054],[-106.09447192974078,31.666741409324629],[-106.09379299472714,31.664212596968007],[-106.09412681766986,31.660283754709305],[-106.09462482569707,31.655502866709856],[-106.09522243622806,31.65181760130427],[-106.09611885337199,31.646140298144161],[-106.09671646480126,31.640662197720456],[-106.09890770461256,31.634885293750415],[-106.10000332406905,31.630801619902108],[-106.10388779476611,31.627215955348156],[-106.10627823778832,31.622136261713141],[-106.10856907830674,31.615960949665826],[-106.10946549634896,31.610184045634249],[-106.10934163933256,31.606804695626838],[-106.11034105461202,31.602089824002746],[-106.11080658405011,31.598694916647496],[-106.11140155443246,31.59478669117215],[-106.11140152388974,31.592255652667177],[-106.11111924088813,31.587771894133915]]},"properties":{"fault_name":"Hueco fault zone","slip_rate":"Less than 0.2 mm/yr","age":"middle and late Quaternary","slip_sense":"Normal","fault_id":"901"}},{"type":"Feature","geometry":{"type":"LineString","coordinates":[[-106.0834325421974,31.699415535982663],[-106.08376027186753,31.694183463848024],[-106.08449302405154,31.690100244717577],[-106.08529411377414,31.685902027381744],[-106.0860263170875,31.682566564796915],[-106.08616351857748,31.680323294760505],[-106.08595738306755,31.678656122294267]]},"properties":{"fault_name":"Hueco fault zone","slip_rate":"Less than 0.2 mm/yr","age":"middle and late Quaternary","slip_sense":"Normal","fault_id":"901"}},{"type":"Feature","geometry":{"type":"LineString","coordinates":[[-106.32031797270093,31.976633637279054],[-106.32050130088412,31.97485034980977],[-106.32063074631992,31.973930931150498],[-106.32075296391095,31.97214764603568],[-106.32054684097746,31.97122822926174],[-106.32034071804392,31.97002104167921],[-106.32039460079129,31.968470528013412],[-106.32058515322599,31.966799462137175],[-106.32057736932406,31.96570893800067],[-106.32063847722127,31.964499527168606],[-106.32056235757736,31.963406779289564],[-106.3206845760667,31.961854042816118],[-106.3209434606501,31.959725210812842],[-106.32106568003776,31.958287473309031]]},"properties":{"fault_name":"Hueco fault zone","slip_rate":"Less than 0.2 mm/yr","age":"middle and late Quaternary","slip_sense":"Normal","fault_id":"901"}},{"type":"Feature","geometry":{"type":"LineString","coordinates":[[-106.31998107482498,32.337075498804609],[-106.31786584236819,32.335285564311917],[-106.31645466721027,32.333557298296114],[-106.31514237680219,32.33139459763148],[-106.31393674696106,32.328808017936282],[-106.31253277808833,32.326157000916147],[-106.31186882877027,32.323597635361153],[-106.31164766534395,32.320751605209743]]},"properties":{"fault_name":"Hueco fault zone","slip_rate":"Less than 0.2 mm/yr","age":"middle and late Quaternary","slip_sense":"Normal","fault_id":"901"}},{"type":"Feature","geometry":{"type":"LineString","coordinates":[[-106.31642742040938,32.000091354893499],[-106.31656463806901,31.998321404365107],[-106.31701462575441,31.99326153881011],[-106.31780017911417,31.988199449693152],[-106.31812850796062,31.985263972173883],[-106.31838794680458,31.98279237229945]]},"properties":{"fault_name":"Hueco fault zone","slip_rate":"Less than 0.2 mm/yr","age":"middle and late Quaternary","slip_sense":"Normal","fault_id":"901"}},{"type":"Feature","geometry":{"type":"LineString","coordinates":[[-106.42729287992641,32.000094190364415],[-106.42896399967979,31.994807108185594],[-106.43015400332658,31.990488889989901],[-106.43314513810115,31.982197996283379]]},"properties":{"fault_name":"Hueco fault zone","slip_rate":"Less than 0.2 mm/yr","age":"middle and late Quaternary","slip_sense":"Normal","fault_id":"901"}},{"type":"Feature","geometry":{"type":"LineString","coordinates":[[-106.07038385782371,31.474043814133434],[-106.06849936663079,31.472840529818438],[-106.06534817273383,31.469451207149444],[-106.0624642096676,31.465659669831787],[-106.05890856278869,31.462674782799152],[-106.05689462077008,31.460030983883591],[-106.05514735442331,31.45813716206434],[-106.05367509113115,31.455436694812011],[-106.0511878016365,31.451759042146357]]},"properties":{"fault_name":"Hueco fault zone","slip_rate":"Less than 0.2 mm/yr","age":"middle and late Quaternary","slip_sense":"Normal","fault_id":"901"}},{"type":"Feature","geometry":{"type":"LineString","coordinates":[[-106.49674765235579,32.125023478647819],[-106.49708355669505,32.124074523010172],[-106.49763084001053,32.121735490310428],[-106.49780611479719,32.119963023369472],[-106.49802536571028,32.118229459804553],[-106.498161136184,32.117200845205723],[-106.49827697573653,32.116599145694686],[-106.49871105874979,32.115621292026091],[-106.4995031204038,32.114582508801753],[-106.50065002198491,32.113272872651777],[-106.50169442758875,32.11261321710073],[-106.50264968168884,32.111992643332549],[-106.50295853236497,32.111645913783363]]},"properties":{"fault_name":"Hueco fault zone","slip_rate":"Less than 0.2 mm/yr","age":"middle and late Quaternary","slip_sense":"Normal","fault_id":"901"}},{"type":"Feature","geometry":{"type":"LineString","coordinates":[[-106.49240518010268,32.14359296091633],[-106.49346377818968,32.139038535806776],[-106.49402262641617,32.136203371965699],[-106.49499293268714,32.131084210990615],[-106.49548046096825,32.128419674199471],[-106.49587044837916,32.127070725175074]]},"properties":{"fault_name":"Hueco fault zone","slip_rate":"Less than 0.2 mm/yr","age":"middle and late Quaternary","slip_sense":"Normal","fault_id":"901"}},{"type":"Feature","geometry":{"type":"LineString","coordinates":[[-106.4790156506557,32.146738467697553],[-106.47904632991927,32.144539888812346],[-106.47918299421673,32.14249970276466],[-106.47942346962502,32.140823916797366],[-106.47969250786608,32.138881367171578],[-106.48021439760514,32.136675771006622],[-106.48093067289017,32.134797896127459],[-106.48145303244812,32.133546720286958],[-106.48181312033313,32.132521915304672],[-106.48203512907413,32.131647528029347],[-106.48230724494336,32.13054491198389],[-106.48241228764448,32.12987855977056],[-106.48254150939978,32.129136254271856],[-106.482588465238,32.128068085009168]]},"properties":{"fault_name":"Hueco fault zone","slip_rate":"Less than 0.2 mm/yr","age":"middle and late Quaternary","slip_sense":"Normal","fault_id":"901"}},{"type":"Feature","geometry":{"type":"LineString","coordinates":[[-106.45863347783197,32.165044518294174],[-106.45887887061812,32.164697734109559],[-106.45995447561009,32.163516642808389],[-106.46181052703942,32.161623935707205],[-106.46322523706799,32.160322594874813],[-106.46478707227547,32.158817267894598],[-106.46581501804835,32.157574149856345],[-106.46650596443564,32.156266565934978],[-106.46708331885527,32.15436281974803],[-106.46731568696813,32.153071822766435],[-106.46778973872335,32.151741849795371],[-106.46862993839848,32.150045585107634],[-106.4692650437111,32.149373741818835],[-106.47063146569988,32.148051389925328],[-106.47207358692101,32.146442341014733],[-106.47332078001371,32.144995804142212],[-106.47446099992574,32.143441500980749],[-106.47580009606192,32.141822985253988],[-106.47676541308981,32.140731498717258]]},"properties":{"fault_name":"Hueco fault zone","slip_rate":"Less than 0.2 mm/yr","age":"middle and late Quaternary","slip_sense":"Normal","fault_id":"901"}},{"type":"Feature","geometry":{"type":"LineString","coordinates":[[-106.45517813593938,32.175584324681545],[-106.45585625887598,32.173353116895932],[-106.45687969510615,32.170488657723219],[-106.4576751874262,32.168525261676052]]},"properties":{"fault_name":"Hueco fault zone","slip_rate":"Less than 0.2 mm/yr","age":"middle and late Quaternary","slip_sense":"Normal","fault_id":"901"}},{"type":"Feature","geometry":{"type":"LineString","coordinates":[[-106.45557637078291,32.10556650235403],[-106.45261641114196,32.104221254664481],[-106.44907238127631,32.102471392941119],[-106.44654572041938,32.101060197835039],[-106.44406707181945,32.099627966307324],[-106.44221943041779,32.098497234293347],[-106.44015155983773,32.097122452073606],[-106.43827274509911,32.095458592762299],[-106.43690407372885,32.094076942160434]]},"properties":{"fault_name":"Hueco fault zone","slip_rate":"Less than 0.2 mm/yr","age":"middle and late Quaternary","slip_sense":"Normal","fault_id":"901"}},{"type":"Feature","geometry":{"type":"LineString","coordinates":[[-106.42628842779318,32.059686149148924],[-106.42472255825176,32.058558652699475],[-106.42353387872173,32.057455380276423],[-106.42283796465091,32.056108049329559],[-106.42251150340191,32.05445980734995]]},"properties":{"fault_name":"Hueco fault zone","slip_rate":"Less than 0.2 mm/yr","age":"middle and late Quaternary","slip_sense":"Normal","fault_id":"901"}},{"type":"Feature","geometry":{"type":"LineString","coordinates":[[-106.42303286942314,32.037888409924328],[-106.42309021158268,32.037658291306755],[-106.42323753708591,32.036914637121122],[-106.42311457299486,32.036012284877813],[-106.42278052098175,32.034497448010221],[-106.42266248684498,32.032936796930628],[-106.42279299858102,32.031617587073043],[-106.42292567166365,32.030647997086341],[-106.42326207366956,32.028933459324087],[-106.42331676939227,32.026669638688254],[-106.42323287123632,32.025301761164457],[-106.42291459813116,32.023498534860927],[-106.42235139217725,32.021577187687072],[-106.42223386828356,32.020859799121453],[-106.42235948959122,32.020198859732531],[-106.42261312801337,32.01895920888785],[-106.4229935708244,32.017099730116527],[-106.4231368682819,32.01538936493175],[-106.42308666862718,32.013404873154947],[-106.42288068223762,32.010133334674897],[-106.42282336972247,32.009640642343214]]},"properties":{"fault_name":"Hueco fault zone","slip_rate":"Less than 0.2 mm/yr","age":"middle and late Quaternary","slip_sense":"Normal","fault_id":"901"}},{"type":"Feature","geometry":{"type":"LineString","coordinates":[[-106.42251150340191,32.05445980734995],[-106.42236290857919,32.052066860238497],[-106.42222982855975,32.049509323703859],[-106.42221778484674,32.047890249987596],[-106.42211558890673,32.045926060864886],[-106.42216981930213,32.043730481266323],[-106.42258051916856,32.041910994257016],[-106.42307603167592,32.040334317803925],[-106.42330568418167,32.039198153231006],[-106.42303286942314,32.037888409924328]]},"properties":{"fault_name":"Hueco fault zone","slip_rate":"Less than 0.2 mm/yr","age":"middle and late Quaternary","slip_sense":"Normal","fault_id":"901"}},{"type":"Feature","geometry":{"type":"LineString","coordinates":[[-106.4198335923023,32.048661371970084],[-106.41999759323213,32.047374451352198],[-106.42036602826276,32.045656278752098],[-106.42084513214314,32.043749136814327],[-106.42136538874497,32.042168987762871],[-106.42207276621716,32.040479125155336],[-106.42261009889424,32.039226868965947],[-106.42284480981334,32.038643085670969],[-106.42303286942314,32.037888409924328]]},"properties":{"fault_name":"Hueco fault zone","slip_rate":"Less than 0.2 mm/yr","age":"middle and late Quaternary","slip_sense":"Normal","fault_id":"901"}},{"type":"Feature","geometry":{"type":"LineString","coordinates":[[-106.42282336972247,32.009640642343214],[-106.42241160714906,32.008875246079285],[-106.42178863268603,32.008459182299958],[-106.42046250642596,32.008346237644801],[-106.41952583397753,32.007927768147177],[-106.41881014708899,32.007161359681106],[-106.41778367275653,32.006125212305676],[-106.41704611997567,32.005152965890701],[-106.41669377736504,32.004265931719701],[-106.41641674232132,32.003112117042704],[-106.41628538886384,32.001877154004923],[-106.4160633423936,32.000106780098186],[-106.41607005819866,31.999489852925361]]},"properties":{"fault_name":"Hueco fault zone","slip_rate":"Less than 0.2 mm/yr","age":"middle and late Quaternary","slip_sense":"Normal","fault_id":"901"}},{"type":"Feature","geometry":{"type":"LineString","coordinates":[[-106.42282336972247,32.009640642343214],[-106.42268194704899,32.008424855811207]]},"properties":{"fault_name":"Hueco fault zone","slip_rate":"Less than 0.2 mm/yr","age":"middle and late Quaternary","slip_sense":"Normal","fault_id":"901"}},{"type":"Feature","geometry":{"type":"LineString","coordinates":[[-106.42268194704899,32.008424855811207],[-106.42190098767357,32.002537066843921]]},"properties":{"fault_name":"Hueco fault zone","slip_rate":"Less than 0.2 mm/yr","age":"middle and late Quaternary","slip_sense":"Normal","fault_id":"901"}},{"type":"Feature","geometry":{"type":"LineString","coordinates":[[-106.41940796423248,32.06573072732894],[-106.41999867390541,32.064129989112388],[-106.42090273032252,32.06253796025814],[-106.42151681775242,32.061387342374388],[-106.42195847356356,32.060161205940865],[-106.42221220181723,32.059024141700583],[-106.4225140941432,32.056962749106766],[-106.42251150340191,32.05445980734995]]},"properties":{"fault_name":"Hueco fault zone","slip_rate":"Less than 0.2 mm/yr","age":"middle and late Quaternary","slip_sense":"Normal","fault_id":"901"}},{"type":"Feature","geometry":{"type":"LineString","coordinates":[[-106.42057692933525,32.118435604354183],[-106.41907953836795,32.116670732740374],[-106.41635232143733,32.112976133624755],[-106.41490362634495,32.111078232067669]]},"properties":{"fault_name":"Hueco fault zone","slip_rate":"Less than 0.2 mm/yr","age":"middle and late Quaternary","slip_sense":"Normal","fault_id":"901"}},{"type":"Feature","geometry":{"type":"LineString","coordinates":[[-106.41607005819866,31.999489852925361],[-106.41607615416615,31.996713497864768],[-106.41607486328709,31.994615761327807],[-106.41661471933183,31.989355014673912],[-106.41692974682388,31.987012910204243],[-106.41721733527555,31.983948806957493],[-106.41731306424381,31.982267084153317],[-106.41735971106155,31.979763000242485],[-106.41727752868779,31.978406081214906],[-106.41706530888845,31.976533103138138]]},"properties":{"fault_name":"Hueco fault zone","slip_rate":"Less than 0.2 mm/yr","age":"middle and late Quaternary","slip_sense":"Normal","fault_id":"901"}},{"type":"Feature","geometry":{"type":"LineString","coordinates":[[-106.41063147960217,32.130039040932189],[-106.41079405939723,32.12925845637573],[-106.41124000556214,32.12855383692947],[-106.41197528111378,32.127824859655405],[-106.41270941670331,32.127034237743281],[-106.41303951523088,32.12659830986631],[-106.41329643340214,32.126122239679624],[-106.4134018551923,32.125450007122438]]},"properties":{"fault_name":"Hueco fault zone","slip_rate":"Less than 0.2 mm/yr","age":"middle and late Quaternary","slip_sense":"Normal","fault_id":"901"}},{"type":"Feature","geometry":{"type":"LineString","coordinates":[[-106.41235351586585,32.118599709681597],[-106.41183290442946,32.117474957667675]]},"properties":{"fault_name":"Hueco fault zone","slip_rate":"Less than 0.2 mm/yr","age":"middle and late Quaternary","slip_sense":"Normal","fault_id":"901"}},{"type":"Feature","geometry":{"type":"LineString","coordinates":[[-106.40871958530151,32.149878258301712],[-106.40929997602679,32.148595663792612],[-106.40982309106786,32.146821354032994],[-106.41021005834283,32.144206214890744],[-106.41043999741115,32.142250789865692],[-106.41069858105894,32.140541607032183],[-106.41082405773783,32.139578828973391]]},"properties":{"fault_name":"Hueco fault zone","slip_rate":"Less than 0.2 mm/yr","age":"middle and late Quaternary","slip_sense":"Normal","fault_id":"901"}},{"type":"Feature","geometry":{"type":"LineString","coordinates":[[-106.40859337739397,32.110578026769197],[-106.40666744422205,32.109035167129996],[-106.40456988611847,32.107267954277283],[-106.4031537522602,32.10594617980702],[-106.40188103982689,32.104499805122217],[-106.4009760958743,32.103522384203231],[-106.40028868166269,32.10256345864061],[-106.39932574337365,32.10076497987982],[-106.39885197189282,32.099495949657069],[-106.39855157616013,32.098595010695092]]},"properties":{"fault_name":"Hueco fault zone","slip_rate":"Less than 0.2 mm/yr","age":"middle and late Quaternary","slip_sense":"Normal","fault_id":"901"}},{"type":"Feature","geometry":{"type":"LineString","coordinates":[[-106.40395695122709,32.001709085762137],[-106.40509947082623,32.000868854198053]]},"properties":{"fault_name":"Hueco fault zone","slip_rate":"Less than 0.2 mm/yr","age":"middle and late Quaternary","slip_sense":"Normal","fault_id":"901"}},{"type":"Feature","geometry":{"type":"LineString","coordinates":[[-106.40240637280843,32.078013633698426],[-106.40132153762691,32.077037798846739],[-106.40036121074043,32.076231703083963],[-106.39949147086548,32.07544144432466],[-106.39908855130773,32.074955609270837]]},"properties":{"fault_name":"Hueco fault zone","slip_rate":"Less than 0.2 mm/yr","age":"middle and late Quaternary","slip_sense":"Normal","fault_id":"901"}},{"type":"Feature","geometry":{"type":"LineString","coordinates":[[-106.40035955694196,32.014870036342622],[-106.40060147324799,32.01366374675311],[-106.40101917458374,32.012615134379161]]},"properties":{"fault_name":"Hueco fault zone","slip_rate":"Less than 0.2 mm/yr","age":"middle and late Quaternary","slip_sense":"Normal","fault_id":"901"}},{"type":"Feature","geometry":{"type":"LineString","coordinates":[[-106.40017281695734,32.01775553309087],[-106.40008400322014,32.016577852748192],[-106.40034170831561,32.014959040653835],[-106.40035955694196,32.014870036342622]]},"properties":{"fault_name":"Hueco fault zone","slip_rate":"Less than 0.2 mm/yr","age":"middle and late Quaternary","slip_sense":"Normal","fault_id":"901"}},{"type":"Feature","geometry":{"type":"LineString","coordinates":[[-106.39976628168057,32.078185201807216],[-106.39974879327862,32.077357160943592],[-106.39958370179403,32.076293125003957],[-106.39908855130773,32.074955609270837]]},"properties":{"fault_name":"Hueco fault zone","slip_rate":"Less than 0.2 mm/yr","age":"middle and late Quaternary","slip_sense":"Normal","fault_id":"901"}},{"type":"Feature","geometry":{"type":"LineString","coordinates":[[-106.39908855130773,32.074955609270837],[-106.39879908897036,32.074606577340347]]},"properties":{"fault_name":"Hueco fault zone","slip_rate":"Less than 0.2 mm/yr","age":"middle and late Quaternary","slip_sense":"Normal","fault_id":"901"}},{"type":"Feature","geometry":{"type":"LineString","coordinates":[[-106.39510352319775,32.034363578176936],[-106.39447278639237,32.032751410299369],[-106.39381891257852,32.03105491968072],[-106.39323963666251,32.028965958730559],[-106.39231931265392,32.025067429699554],[-106.39210502762774,32.022995393320159],[-106.39198303641214,32.021372278635887],[-106.3922163917735,32.019411031848833],[-106.39284761816073,32.016781905735598],[-106.39359675471718,32.015141861366551],[-106.39419251921024,32.013978280747942],[-106.39485334867932,32.012509907165466],[-106.39527388779308,32.011899013980887],[-106.39615901670713,32.010581867837423],[-106.39669097835713,32.00993240369602]]},"properties":{"fault_name":"Hueco fault zone","slip_rate":"Less than 0.2 mm/yr","age":"middle and late Quaternary","slip_sense":"Normal","fault_id":"901"}},{"type":"Feature","geometry":{"type":"LineString","coordinates":[[-106.39478408587597,32.002778482690999],[-106.39393248837652,32.001328577878319],[-106.39311764365029,31.999619447354291],[-106.39227929989453,31.99772010409982],[-106.39155385370874,31.996010559675252],[-106.39114504030442,31.994927617996797],[-106.39089339973543,31.993977189211879],[-106.39066218416109,31.992722168684935]]},"properties":{"fault_name":"Hueco fault zone","slip_rate":"Less than 0.2 mm/yr","age":"middle and late Quaternary","slip_sense":"Normal","fault_id":"901"}},{"type":"Feature","geometry":{"type":"LineString","coordinates":[[-106.39217981327344,32.066518369060482],[-106.39271473217737,32.065464861723626],[-106.39395250643432,32.063906309175067]]},"properties":{"fault_name":"Hueco fault zone","slip_rate":"Less than 0.2 mm/yr","age":"middle and late Quaternary","slip_sense":"Normal","fault_id":"901"}},{"type":"Feature","geometry":{"type":"LineString","coordinates":[[-106.39395615898425,32.085061872739558],[-106.39365838902715,32.084036362828577],[-106.39343381020612,32.082687595246689],[-106.39345512902443,32.0817756169685],[-106.39360979466184,32.08038855398862]]},"properties":{"fault_name":"Hueco fault zone","slip_rate":"Less than 0.2 mm/yr","age":"middle and late Quaternary","slip_sense":"Normal","fault_id":"901"}},{"type":"Feature","geometry":{"type":"LineString","coordinates":[[-106.39368082984123,32.090408531067823],[-106.39265934924347,32.089540340363257]]},"properties":{"fault_name":"Hueco fault zone","slip_rate":"Less than 0.2 mm/yr","age":"middle and late Quaternary","slip_sense":"Normal","fault_id":"901"}},{"type":"Feature","geometry":{"type":"LineString","coordinates":[[-106.39227008317972,32.117116483313431],[-106.39158000905657,32.115057761919537],[-106.39110899181037,32.113069470044444],[-106.39029463666597,32.110725778650881],[-106.38974505815493,32.10919511502712],[-106.38928925387808,32.107852978920377],[-106.38893834318202,32.107174493983585]]},"properties":{"fault_name":"Hueco fault zone","slip_rate":"Less than 0.2 mm/yr","age":"middle and late Quaternary","slip_sense":"Normal","fault_id":"901"}},{"type":"Feature","geometry":{"type":"LineString","coordinates":[[-106.37698763005424,32.180804397990855],[-106.37804766275076,32.179424311881711],[-106.37997571504842,32.177541967170015],[-106.38126110810028,32.176293405066673],[-106.38320300972468,32.174913185958857],[-106.38582696890666,32.172687929925246],[-106.38777287522061,32.171198849169031],[-106.38924837963432,32.169696215769712],[-106.39034736867146,32.168445541661981],[-106.3915542103399,32.166946036855258]]},"properties":{"fault_name":"Hueco fault zone","slip_rate":"Less than 0.2 mm/yr","age":"middle and late Quaternary","slip_sense":"Normal","fault_id":"901"}},{"type":"Feature","geometry":{"type":"LineString","coordinates":[[-106.36234719208254,32.179826679997966],[-106.36526312798637,32.178313583871756],[-106.36797665369374,32.176988175646926],[-106.37216091016745,32.175358517294661],[-106.37441875736211,32.174305334915928],[-106.37820736164871,32.172104161275378],[-106.3805881837142,32.169569075818515],[-106.38267421463605,32.165824217063616],[-106.38495935714063,32.160779248021456],[-106.38588699972384,32.159141888705015],[-106.38697749429161,32.156776409659663],[-106.38748507476652,32.154439021709926],[-106.38756230113485,32.15291025501147],[-106.3874852679043,32.15052460994476],[-106.38675594009815,32.148072658076174],[-106.38562898021804,32.145894160781118]]},"properties":{"fault_name":"Hueco fault zone","slip_rate":"Less than 0.2 mm/yr","age":"middle and late Quaternary","slip_sense":"Normal","fault_id":"901"}},{"type":"Feature","geometry":{"type":"LineString","coordinates":[[-106.37585160437627,32.168889183057189],[-106.37743123341291,32.167329033626814],[-106.37867070099415,32.16559314683947],[-106.37985662539123,32.16310427107625],[-106.38074564760372,32.160510966229133],[-106.38123015844378,32.159070340311317],[-106.3818838840356,32.157663752217154],[-106.38229697521732,32.157085111212432]]},"properties":{"fault_name":"Hueco fault zone","slip_rate":"Less than 0.2 mm/yr","age":"middle and late Quaternary","slip_sense":"Normal","fault_id":"901"}},{"type":"Feature","geometry":{"type":"LineString","coordinates":[[-106.37865273379018,32.252079985208901],[-106.37812583414677,32.250366901714386],[-106.37764613019179,32.249015755656714],[-106.37712340142629,32.247950713086226],[-106.37655655010896,32.247000229960257],[-106.37574127508971,32.245784010052013],[-106.37506096924695,32.244624359652192],[-106.37390469374583,32.242685349339631],[-106.37320284989582,32.241659210282066],[-106.37252116244414,32.240270821687183],[-106.37195176170805,32.238900988788743],[-106.37149524416887,32.237645015363761],[-106.37063022583907,32.235628427345098],[-106.36992415990724,32.233916097358467],[-106.36898941973497,32.231499528113702],[-106.36807512701522,32.228758824864684],[-106.36790165874058,32.228177875708489],[-106.36775671287454,32.226976561987669],[-106.36764269869867,32.224133951875807],[-106.36762499020948,32.222054056194914],[-106.36778362640044,32.219591424281838],[-106.36848541635155,32.215007284957046],[-106.36814258600145,32.212821397257159],[-106.36761332558551,32.211549211017591],[-106.36720129980574,32.210752354072469]]},"properties":{"fault_name":"Hueco fault zone","slip_rate":"Less than 0.2 mm/yr","age":"middle and late Quaternary","slip_sense":"Normal","fault_id":"901"}},{"type":"Feature","geometry":{"type":"LineString","coordinates":[[-106.37462436556098,32.190570941901548],[-106.37474681671399,32.186861220718917],[-106.37576573082499,32.183766946179205],[-106.37657064018418,32.181588788253435],[-106.37698763005424,32.180804397990855]]},"properties":{"fault_name":"Hueco fault zone","slip_rate":"Less than 0.2 mm/yr","age":"middle and late Quaternary","slip_sense":"Normal","fault_id":"901"}},{"type":"Feature","geometry":{"type":"LineString","coordinates":[[-106.37179146183718,32.18554510272287],[-106.37412725674737,32.183475182223781],[-106.37698763005424,32.180804397990855]]},"properties":{"fault_name":"Hueco fault zone","slip_rate":"Less than 0.2 mm/yr","age":"middle and late Quaternary","slip_sense":"Normal","fault_id":"901"}},{"type":"Feature","geometry":{"type":"LineString","coordinates":[[-106.3658888180565,32.205017566034805],[-106.36995852675506,32.202323966995181]]},"properties":{"fault_name":"Hueco fault zone","slip_rate":"Less than 0.2 mm/yr","age":"middle and late Quaternary","slip_sense":"Normal","fault_id":"901"}},{"type":"Feature","geometry":{"type":"LineString","coordinates":[[-106.3624260821308,32.275659204788056],[-106.36377042083495,32.273212531670154],[-106.36496328022601,32.270554322694338],[-106.36567446296171,32.268021510852002],[-106.36585525609917,32.266297481629302],[-106.36559170476785,32.264175800310554],[-106.36499323365084,32.262286937272464],[-106.36461100588733,32.26145811313166]]},"properties":{"fault_name":"Hueco fault zone","slip_rate":"Less than 0.2 mm/yr","age":"middle and late Quaternary","slip_sense":"Normal","fault_id":"901"}},{"type":"Feature","geometry":{"type":"LineString","coordinates":[[-106.35497657895674,32.248931584193379],[-106.3537359848881,32.245089533865887],[-106.35343743339671,32.240640735218705],[-106.35357325866765,32.235414849091804],[-106.35391835097562,32.23122162027812],[-106.35400852835544,32.225304271154762],[-106.35420234975943,32.220243233316282],[-106.35426282703931,32.215412990327636],[-106.35496831984601,32.210866353641478],[-106.35585066038942,32.207238626626271],[-106.35655700390069,32.202806972099957],[-106.3571868361026,32.198313222968423],[-106.35743067929489,32.193891609209089],[-106.35775522174244,32.190547520064243],[-106.35809874199865,32.188677618625562],[-106.3589789912641,32.186572296369519],[-106.36059075663169,32.183712652772961],[-106.36163626267175,32.181375854775027],[-106.36234719208254,32.179826679997966],[-106.36323839630288,32.177884633155095],[-106.3649809473927,32.170257451052976],[-106.3653472471279,32.167669500886845],[-106.36550756676171,32.164854065857867],[-106.36540475637408,32.162500834796404],[-106.36507602598067,32.160839099725195],[-106.36365353205018,32.158270317272247]]},"properties":{"fault_name":"Hueco fault zone","slip_rate":"Less than 0.2 mm/yr","age":"middle and late Quaternary","slip_sense":"Normal","fault_id":"901"}},{"type":"Feature","geometry":{"type":"LineString","coordinates":[[-106.35112827083975,32.435791736331225],[-106.35120894134887,32.435103703369926],[-106.35139162274507,32.434393667979961],[-106.35175162169685,32.433584611934918],[-106.35242017937232,32.432540259258005],[-106.35519521003225,32.429704724100958],[-106.35693553330017,32.427550582956727],[-106.35789909232507,32.425793893247203],[-106.35841750109236,32.424217987125118],[-106.35857916280922,32.422763818375728],[-106.35820782711855,32.420766753816544],[-106.35765654001183,32.418773315290437],[-106.35717495498466,32.417656651736927],[-106.35640523173682,32.415895336092632],[-106.35578157185924,32.413915438818883],[-106.35495444895972,32.411803240134965],[-106.35404499995597,32.409216376623952]]},"properties":{"fault_name":"Hueco fault zone","slip_rate":"Less than 0.2 mm/yr","age":"middle and late Quaternary","slip_sense":"Normal","fault_id":"901"}},{"type":"Feature","geometry":{"type":"LineString","coordinates":[[-106.35404499995597,32.409216376623952],[-106.35396411295282,32.408986292106398],[-106.35324919502216,32.406835261721874],[-106.35201368182479,32.404267706688131],[-106.34805312741641,32.398435641207357],[-106.34576272976742,32.39606497175059],[-106.34347432098846,32.393923127911577],[-106.34184126914188,32.39217794592593],[-106.34070458859208,32.390639648836427],[-106.3401583581021,32.389822683108854],[-106.33794076980519,32.385574803884587],[-106.33645114028192,32.381662093142104],[-106.33478466392026,32.377062496743413],[-106.33351989708568,32.373150418086134],[-106.33281162309484,32.370517344321179],[-106.33210429772498,32.367655491159773],[-106.33150763671325,32.365213391890556],[-106.33049765185616,32.360211941990428],[-106.33004038512203,32.356865052067555],[-106.32972087234178,32.352297594053056],[-106.32950230594494,32.349843122856008],[-106.32895139343572,32.347659139895924],[-106.32855056515595,32.346444791974932],[-106.32735410621555,32.344592038844432],[-106.32469464741017,32.341211221951397],[-106.32102958662799,32.337945790042937],[-106.31998107482498,32.337075498804609]]},"properties":{"fault_name":"Hueco fault zone","slip_rate":"Less than 0.2 mm/yr","age":"middle and late Quaternary","slip_sense":"Normal","fault_id":"901"}},{"type":"Feature","geometry":{"type":"LineString","coordinates":[[-106.34894034760846,32.418350618944523],[-106.34982679255441,32.416877207002138],[-106.35098403374445,32.415440135065872],[-106.35209469638869,32.413812636812608],[-106.35278086643363,32.412511840321791],[-106.3533786772889,32.411402258353675],[-106.35364053080436,32.4104472353688],[-106.35404499995597,32.409216376623952]]},"properties":{"fault_name":"Hueco fault zone","slip_rate":"Less than 0.2 mm/yr","age":"middle and late Quaternary","slip_sense":"Normal","fault_id":"901"}},{"type":"Feature","geometry":{"type":"LineString","coordinates":[[-106.35112827083975,32.435791736331225],[-106.35010121170404,32.43552074786821],[-106.34900231070181,32.435029551292494],[-106.34823960419466,32.434620094679495]]},"properties":{"fault_name":"Hueco fault zone","slip_rate":"Less than 0.2 mm/yr","age":"middle and late Quaternary","slip_sense":"Normal","fault_id":"901"}},{"type":"Feature","geometry":{"type":"LineString","coordinates":[[-106.34547562101609,32.45427138681724],[-106.34658115697501,32.451939213036226],[-106.34779808492748,32.449566610900568],[-106.34843680326415,32.448255607967923],[-106.34881884687302,32.447427027813056],[-106.34896941080284,32.447175822969939],[-106.34896191705674,32.446908700815015],[-106.34891423358316,32.446814204025344]]},"properties":{"fault_name":"Hueco fault zone","slip_rate":"Less than 0.2 mm/yr","age":"middle and late Quaternary","slip_sense":"Normal","fault_id":"901"}},{"type":"Feature","geometry":{"type":"LineString","coordinates":[[-106.34570965909705,32.359084152345048],[-106.34367740761634,32.356992008841608],[-106.34175693889628,32.354860405224905],[-106.34036118601514,32.353237336719481],[-106.33823996269373,32.351184258040725],[-106.33697337677066,32.349197474233456],[-106.3354939736686,32.346526917192804],[-106.33464579515712,32.34400152334711],[-106.33408137378265,32.34058340827459],[-106.33406170427119,32.338695976919666],[-106.33452790205588,32.336023182788011],[-106.33512006789789,32.334665028766906],[-106.33568637932775,32.332982935927284],[-106.33593294531367,32.330788443767617],[-106.33620454195666,32.328841628039385],[-106.33688306464359,32.327158686880445],[-106.33767601832466,32.325684614962249],[-106.33884544156827,32.323711979091655],[-106.33970409174101,32.322084868213132],[-106.34016618422484,32.3211852638712],[-106.34029030265103,32.32017380618786],[-106.3402147588272,32.319392649676246],[-106.33986861099878,32.318499131319612]]},"properties":{"fault_name":"Hueco fault zone","slip_rate":"Less than 0.2 mm/yr","age":"middle and late Quaternary","slip_sense":"Normal","fault_id":"901"}},{"type":"Feature","geometry":{"type":"LineString","coordinates":[[-106.34295782383607,32.34518633604462],[-106.34323623060726,32.343887520206408],[-106.34317212772689,32.342057381023864],[-106.34309036396805,32.340685033733102],[-106.34341547594745,32.339557481042895],[-106.34410373008386,32.338789468922172],[-106.34452545856702,32.33830952406899],[-106.34501136089747,32.337523982947232],[-106.34518663209087,32.337103124913405],[-106.34518242887366,32.336702707178866]]},"properties":{"fault_name":"Hueco fault zone","slip_rate":"Less than 0.2 mm/yr","age":"middle and late Quaternary","slip_sense":"Normal","fault_id":"901"}},{"type":"Feature","geometry":{"type":"LineString","coordinates":[[-106.34415479571452,32.290444650269393],[-106.34328457524089,32.288848474671951],[-106.342342368272,32.287248625007336],[-106.34084564205799,32.284567868685698],[-106.33925513442327,32.281755368660654],[-106.33815540158109,32.279562794152469],[-106.3373336245558,32.276886657804958],[-106.3365349378266,32.274229126124624],[-106.33608243934997,32.27186985887252],[-106.33506513591828,32.268662961249603],[-106.33467980357717,32.267047322232777]]},"properties":{"fault_name":"Hueco fault zone","slip_rate":"Less than 0.2 mm/yr","age":"middle and late Quaternary","slip_sense":"Normal","fault_id":"901"}},{"type":"Feature","geometry":{"type":"LineString","coordinates":[[-106.33318405113693,32.26211212632608],[-106.33252804741754,32.260464048657248],[-106.33174634962695,32.259124319283735],[-106.33122485335002,32.258218432827064],[-106.33082080281332,32.257481981352505],[-106.33063199939851,32.257180338107972]]},"properties":{"fault_name":"Hueco fault zone","slip_rate":"Less than 0.2 mm/yr","age":"middle and late Quaternary","slip_sense":"Normal","fault_id":"901"}},{"type":"Feature","geometry":{"type":"LineString","coordinates":[[-106.32197102643563,32.075228053642178],[-106.32155670635859,32.072705492153176],[-106.32080386425159,32.069753713862873],[-106.32008715418195,32.067404086313225],[-106.31927183424693,32.065656994691899],[-106.31825446344155,32.063910474155001],[-106.31713858158552,32.062795163251558],[-106.31528256069892,32.061882688875258],[-106.3132241628535,32.060884718129373],[-106.31156984698583,32.059856902777817],[-106.30940739278951,32.058056140816184],[-106.30852577988145,32.05650991001891],[-106.30699838518365,32.053416776920997],[-106.30611269302591,32.050780726059706],[-106.30522650499812,32.048001272047067],[-106.30437688379229,32.045967370866556]]},"properties":{"fault_name":"Hueco fault zone","slip_rate":"Less than 0.2 mm/yr","age":"middle and late Quaternary","slip_sense":"Normal","fault_id":"901"}},{"type":"Feature","geometry":{"type":"LineString","coordinates":[[-106.31405405885232,32.269419113304352],[-106.3108971480769,32.264772092702842],[-106.30453975014994,32.255911847223658],[-106.30011000656697,32.250085742211922],[-106.29686302800621,32.246853727742376],[-106.29391350499223,32.24318901823348],[-106.29322078802549,32.241849938117518],[-106.29243987087092,32.239022461622071],[-106.29246198200333,32.235785915330815],[-106.2930692440337,32.233431299307952],[-106.29324813723431,32.231768369699076],[-106.29294371884579,32.229842052662967],[-106.29092813740176,32.223921605081735],[-106.2894293315879,32.220404747726867],[-106.28786683522036,32.217661311365639],[-106.28667712532268,32.215374686099061],[-106.28623073718664,32.213543526935311],[-106.28635706816337,32.211710271160797],[-106.2873867970921,32.208452319081545],[-106.28861095558429,32.205437723720365],[-106.29067404892366,32.201398342758978],[-106.29190044691585,32.197728118047678],[-106.29267928536886,32.19417626082469],[-106.29352185300309,32.190194893308117],[-106.29350257066552,32.187877404786761],[-106.29331158164959,32.185160215729482],[-106.29326500669704,32.182178085810165],[-106.29414348089148,32.179992713256539],[-106.29572974308817,32.177857400305157],[-106.29656990593239,32.177278578855287],[-106.2996051596655,32.176374648787743],[-106.30335844129681,32.175104843819071],[-106.3052348377707,32.174455584772268],[-106.30670274423376,32.173495483290587],[-106.30880729662013,32.169951457805105],[-106.3100770329349,32.166902831818412],[-106.31034766388896,32.162260794843341],[-106.31026838127693,32.159054227047413],[-106.30917973095042,32.155886683369339],[-106.30790221702195,32.153637465844866],[-106.3072462698964,32.151817624237381],[-106.30650064665102,32.148219587146251],[-106.3057597108148,32.14485062612215],[-106.30461520414222,32.13937049586734],[-106.303610666669,32.132614120336875],[-106.30322155421716,32.128390142807547],[-106.30294548126912,32.125321228373373],[-106.30186182467726,32.121443855638539],[-106.30114199835189,32.119397357054162],[-106.2991575219729,32.116428787184255],[-106.29737109267303,32.114743547183508],[-106.29633623526236,32.113588789949468],[-106.29589792298073,32.112080757303623],[-106.2959613745825,32.110478412699393]]},"properties":{"fault_name":"Hueco fault zone","slip_rate":"Less than 0.2 mm/yr","age":"middle and late Quaternary","slip_sense":"Normal","fault_id":"901"}},{"type":"Feature","geometry":{"type":"LineString","coordinates":[[-106.30542150229685,32.081987877307967],[-106.30629021629571,32.080680159181028],[-106.30688695815581,32.078299664856665],[-106.30698327013069,32.077095651844544],[-106.30663469235941,32.074029951990454],[-106.30660933741052,32.07380694481013]]},"properties":{"fault_name":"Hueco fault zone","slip_rate":"Less than 0.2 mm/yr","age":"middle and late Quaternary","slip_sense":"Normal","fault_id":"901"}},{"type":"Feature","geometry":{"type":"LineString","coordinates":[[-106.30141634743292,31.973070815021256],[-106.30057768028365,31.971338195804556],[-106.29949174286929,31.969298767209118],[-106.29868296177126,31.967170990304556],[-106.29822726798717,31.965271457646896],[-106.29842549383102,31.962607423310594],[-106.29854262516092,31.961897239647548]]},"properties":{"fault_name":"Hueco fault zone","slip_rate":"Less than 0.2 mm/yr","age":"middle and late Quaternary","slip_sense":"Normal","fault_id":"901"}},{"type":"Feature","geometry":{"type":"LineString","coordinates":[[-106.29854262516092,31.961897239647548],[-106.2986237726755,31.961405221817945],[-106.29902378977657,31.960542282727943],[-106.29920110373891,31.959579941288528],[-106.29898121232704,31.95881598008901]]},"properties":{"fault_name":"Hueco fault zone","slip_rate":"Less than 0.2 mm/yr","age":"middle and late Quaternary","slip_sense":"Normal","fault_id":"901"}},{"type":"Feature","geometry":{"type":"LineString","coordinates":[[-106.29840755806808,32.079705228880059],[-106.29882244677866,32.077466690363266],[-106.2988111405825,32.074570821003533],[-106.29866646780431,32.072019386747279],[-106.2983325397587,32.070319105309629],[-106.29774398514411,32.068638592208352],[-106.29713178237967,32.067091966303074],[-106.29665719433021,32.066290441025053]]},"properties":{"fault_name":"Hueco fault zone","slip_rate":"Less than 0.2 mm/yr","age":"middle and late Quaternary","slip_sense":"Normal","fault_id":"901"}},{"type":"Feature","geometry":{"type":"LineString","coordinates":[[-106.29432059183459,31.967332894062629],[-106.2962801606257,31.96498634686435],[-106.29854262516092,31.961897239647548]]},"properties":{"fault_name":"Hueco fault zone","slip_rate":"Less than 0.2 mm/yr","age":"middle and late Quaternary","slip_sense":"Normal","fault_id":"901"}},{"type":"Feature","geometry":{"type":"LineString","coordinates":[[-106.2959613745825,32.110478412699393],[-106.29653455812425,32.109124748700481],[-106.29767928937565,32.107789953654155],[-106.29851841915726,32.10631737968334],[-106.29847974758263,32.104659582903039],[-106.297747888324,32.103528273980935],[-106.29575381524286,32.101684684991831]]},"properties":{"fault_name":"Hueco fault zone","slip_rate":"Less than 0.2 mm/yr","age":"middle and late Quaternary","slip_sense":"Normal","fault_id":"901"}},{"type":"Feature","geometry":{"type":"LineString","coordinates":[[-106.29840755806808,32.079705228880059],[-106.29791062981583,32.078022501278333],[-106.29715608540135,32.07491187273893],[-106.29694326373075,32.074198874802391],[-106.29618116538308,32.07274807117966],[-106.29525645400264,32.071642496708236],[-106.29454008259785,32.070963806786501]]},"properties":{"fault_name":"Hueco fault zone","slip_rate":"Less than 0.2 mm/yr","age":"middle and late Quaternary","slip_sense":"Normal","fault_id":"901"}},{"type":"Feature","geometry":{"type":"LineString","coordinates":[[-106.29052939770504,32.005712539619466],[-106.29051150595951,32.004141967319455],[-106.29068429241285,32.003540655708505],[-106.29109371397664,32.002797225044887],[-106.2921131536021,32.001483501160109],[-106.29377986622067,31.999112143145741],[-106.29490660511523,31.996938633288817],[-106.295899767222,31.994621012061931],[-106.29760823533162,31.991131391070024]]},"properties":{"fault_name":"Hueco fault zone","slip_rate":"Less than 0.2 mm/yr","age":"middle and late Quaternary","slip_sense":"Normal","fault_id":"901"}},{"type":"Feature","geometry":{"type":"LineString","coordinates":[[-106.28860008596934,31.999486007263901],[-106.28852368784769,31.996963397656476],[-106.28875053940637,31.99496297271228],[-106.2891236052523,31.993463016016815],[-106.28898824800362,31.991021964806109],[-106.28900311691818,31.988443370352357],[-106.28934444977669,31.986200189071972],[-106.2902457609423,31.983913086071212],[-106.2907893539786,31.982753363115037],[-106.29118273342803,31.981731184905613],[-106.29110797383345,31.979979303241958],[-106.29092950912923,31.977991426045214],[-106.29089671523147,31.975759824858187],[-106.29116031058024,31.973891144737195],[-106.29171235406841,31.972199580210081],[-106.29270472296277,31.969856473910571],[-106.29432059183459,31.967332894062629]]},"properties":{"fault_name":"Hueco fault zone","slip_rate":"Less than 0.2 mm/yr","age":"middle and late Quaternary","slip_sense":"Normal","fault_id":"901"}},{"type":"Feature","geometry":{"type":"LineString","coordinates":[[-106.29034341500019,32.039926457178758],[-106.29064347925454,32.03734060374282],[-106.29089576032231,32.03272000124209],[-106.29095850674658,32.028476523637089],[-106.29166302577951,32.025335548970347],[-106.29192803058497,32.02418274135286]]},"properties":{"fault_name":"Hueco fault zone","slip_rate":"Less than 0.2 mm/yr","age":"middle and late Quaternary","slip_sense":"Normal","fault_id":"901"}},{"type":"Feature","geometry":{"type":"LineString","coordinates":[[-106.29052939770504,32.005712539619466],[-106.28985812532079,32.00370536874523],[-106.28929686421945,32.002210256093825],[-106.28883470166704,32.00097392032179],[-106.28860008596934,31.999486007263901]]},"properties":{"fault_name":"Hueco fault zone","slip_rate":"Less than 0.2 mm/yr","age":"middle and late Quaternary","slip_sense":"Normal","fault_id":"901"}},{"type":"Feature","geometry":{"type":"LineString","coordinates":[[-106.29034341500019,32.039926457178758],[-106.28907292230397,32.03889025084306],[-106.28719456840108,32.036890869700954],[-106.28517285865018,32.034663444168885],[-106.28368816986101,32.03223019172917],[-106.2829418522179,32.030203532179513],[-106.28246972465402,32.028247434632029],[-106.28232972401361,32.026746285365945],[-106.28242241218462,32.02543243027845]]},"properties":{"fault_name":"Hueco fault zone","slip_rate":"Less than 0.2 mm/yr","age":"middle and late Quaternary","slip_sense":"Normal","fault_id":"901"}},{"type":"Feature","geometry":{"type":"LineString","coordinates":[[-106.28955151683957,32.047917935084094],[-106.2897873919753,32.045099761735216],[-106.2902499237353,32.040732109138979],[-106.29034341500019,32.039926457178758]]},"properties":{"fault_name":"Hueco fault zone","slip_rate":"Less than 0.2 mm/yr","age":"middle and late Quaternary","slip_sense":"Normal","fault_id":"901"}},{"type":"Feature","geometry":{"type":"LineString","coordinates":[[-106.49587044837916,32.127070725175074],[-106.49674765235579,32.125023478647819]]},"properties":{"fault_name":"Hueco fault zone","slip_rate":"Less than 0.2 mm/yr","age":"middle and late Quaternary","slip_sense":"Normal","fault_id":"901"}},{"type":"Feature","geometry":{"type":"LineString","coordinates":[[-106.48452983685638,32.159360643224041],[-106.48523308117993,32.156753024000054],[-106.48557923799153,32.155916554934826],[-106.48681192868227,32.154057395232705],[-106.4887012815575,32.151650513638671],[-106.49040761257507,32.149547303178451],[-106.491187915282,32.148008614785951],[-106.49207424883686,32.145059114041906],[-106.49240518010268,32.14359296091633]]},"properties":{"fault_name":"Hueco fault zone","slip_rate":"Less than 0.2 mm/yr","age":"middle and late Quaternary","slip_sense":"Normal","fault_id":"901"}},{"type":"Feature","geometry":{"type":"LineString","coordinates":[[-106.46934057585682,32.164993459285981],[-106.47053176617806,32.164183156812982],[-106.47136319739771,32.163205680916022],[-106.47195543330831,32.162062068052073],[-106.47247919244145,32.16058967794897],[-106.4725195142213,32.159215726874308],[-106.47234187596715,32.157921965772715],[-106.47185589817822,32.15619482515541],[-106.47136727574909,32.154693288903424],[-106.47106499984251,32.153747163116421]]},"properties":{"fault_name":"Hueco fault zone","slip_rate":"Less than 0.2 mm/yr","age":"middle and late Quaternary","slip_sense":"Normal","fault_id":"901"}},{"type":"Feature","geometry":{"type":"LineString","coordinates":[[-106.4576751874262,32.168525261676052],[-106.45820063359545,32.166949480056338],[-106.45863347783197,32.165044518294174]]},"properties":{"fault_name":"Hueco fault zone","slip_rate":"Less than 0.2 mm/yr","age":"middle and late Quaternary","slip_sense":"Normal","fault_id":"901"}},{"type":"Feature","geometry":{"type":"LineString","coordinates":[[-106.43690407372885,32.094076942160434],[-106.4351501194248,32.092505457864569],[-106.43252642704248,32.090158214234059],[-106.43046955992631,32.088057183089482],[-106.42958541736243,32.086755123766054],[-106.42900602915699,32.085277807674103],[-106.42902245575029,32.084148340361835]]},"properties":{"fault_name":"Hueco fault zone","slip_rate":"Less than 0.2 mm/yr","age":"middle and late Quaternary","slip_sense":"Normal","fault_id":"901"}},{"type":"Feature","geometry":{"type":"LineString","coordinates":[[-106.43015312028265,32.119370496267763],[-106.42971069461532,32.117694322671575],[-106.42910682911503,32.116520265133943],[-106.42817108372795,32.115671193277393],[-106.42659895472565,32.114363439142871],[-106.42561181492455,32.112799755911652],[-106.42273885801717,32.108429597060756],[-106.42053839340622,32.10405292305267],[-106.41894971474142,32.101458069042501],[-106.41763190508424,32.100290777854319],[-106.41656759640696,32.099228314023229],[-106.4157927168294,32.097805535841609],[-106.4154318887326,32.095913996130236],[-106.41443301962883,32.093420711877741],[-106.41352474472318,32.091427117701954],[-106.41296363723377,32.089968597847516],[-106.41246843644183,32.088445859257732],[-106.41216573203886,32.087417763852308],[-106.41181579062497,32.086283888837812]]},"properties":{"fault_name":"Hueco fault zone","slip_rate":"Less than 0.2 mm/yr","age":"middle and late Quaternary","slip_sense":"Normal","fault_id":"901"}},{"type":"Feature","geometry":{"type":"LineString","coordinates":[[-106.4251677713914,32.131924716795815],[-106.42412266420335,32.129072784213385],[-106.42336059639837,32.126513167750993],[-106.42263552840329,32.124447080961659],[-106.42202642931815,32.122588334831342],[-106.42149567141065,32.120796415347492],[-106.4212034063296,32.119534752839051],[-106.42095213586651,32.118914349378699],[-106.42057692933525,32.118435604354183]]},"properties":{"fault_name":"Hueco fault zone","slip_rate":"Less than 0.2 mm/yr","age":"middle and late Quaternary","slip_sense":"Normal","fault_id":"901"}},{"type":"Feature","geometry":{"type":"LineString","coordinates":[[-106.41583064459903,32.067350064666904],[-106.41643933944226,32.066074627194979],[-106.41693409736479,32.06492667106324],[-106.41750693595348,32.063426703348782],[-106.41825731937155,32.061632583219421],[-106.41887290339473,32.06002832985213]]},"properties":{"fault_name":"Hueco fault zone","slip_rate":"Less than 0.2 mm/yr","age":"middle and late Quaternary","slip_sense":"Normal","fault_id":"901"}},{"type":"Feature","geometry":{"type":"LineString","coordinates":[[-106.41490362634495,32.111078232067669],[-106.41383749678258,32.109673337838004],[-106.41221578616648,32.107448150323421],[-106.41142442609673,32.105955069026187],[-106.41083465606155,32.105138426044853],[-106.41002601869393,32.104200521128405],[-106.40880152513014,32.10283487483828],[-106.40656924129352,32.100039823759658],[-106.40557879479385,32.09805523509997]]},"properties":{"fault_name":"Hueco fault zone","slip_rate":"Less than 0.2 mm/yr","age":"middle and late Quaternary","slip_sense":"Normal","fault_id":"901"}},{"type":"Feature","geometry":{"type":"LineString","coordinates":[[-106.4134018551923,32.125450007122438],[-106.4134993502484,32.123518362340818],[-106.41333195099185,32.122269854363822],[-106.4129771452007,32.12025751278172],[-106.41235351586585,32.118599709681597]]},"properties":{"fault_name":"Hueco fault zone","slip_rate":"Less than 0.2 mm/yr","age":"middle and late Quaternary","slip_sense":"Normal","fault_id":"901"}},{"type":"Feature","geometry":{"type":"LineString","coordinates":[[-106.41183290442946,32.117474957667675],[-106.41106656603361,32.115463644035337],[-106.41009588426685,32.113049140258816],[-106.40984558488259,32.112312077282539],[-106.40942604379713,32.111556072180811],[-106.40888628836372,32.110842278933418],[-106.40859337739397,32.110578026769197]]},"properties":{"fault_name":"Hueco fault zone","slip_rate":"Less than 0.2 mm/yr","age":"middle and late Quaternary","slip_sense":"Normal","fault_id":"901"}},{"type":"Feature","geometry":{"type":"LineString","coordinates":[[-106.41082405773783,32.139578828973391],[-106.4109273990298,32.136981605184296],[-106.41089547919282,32.135235135808387],[-106.41072545505897,32.133860412341342],[-106.41059884290956,32.13221794437667],[-106.41060459122907,32.131210837889881],[-106.41063147960217,32.130039040932189]]},"properties":{"fault_name":"Hueco fault zone","slip_rate":"Less than 0.2 mm/yr","age":"middle and late Quaternary","slip_sense":"Normal","fault_id":"901"}},{"type":"Feature","geometry":{"type":"LineString","coordinates":[[-106.40681073000145,32.158070371825325],[-106.40669185324495,32.15629610883434],[-106.40684096909054,32.154442291222573],[-106.40721976618796,32.152910331826149],[-106.40769080679036,32.151741407154582],[-106.40871958530151,32.149878258301712]]},"properties":{"fault_name":"Hueco fault zone","slip_rate":"Less than 0.2 mm/yr","age":"middle and late Quaternary","slip_sense":"Normal","fault_id":"901"}},{"type":"Feature","geometry":{"type":"LineString","coordinates":[[-106.40557879479385,32.09805523509997],[-106.40463643870461,32.096049625931876],[-106.4044740322844,32.095287378231298],[-106.40450066463762,32.094340544209224],[-106.404740638786,32.092810261207653],[-106.40537243560341,32.091389208072904],[-106.40577174123879,32.090655108126072],[-106.40592266179978,32.090279533932204],[-106.40598009918072,32.0899690240445],[-106.40596234128418,32.089483244135309]]},"properties":{"fault_name":"Hueco fault zone","slip_rate":"Less than 0.2 mm/yr","age":"middle and late Quaternary","slip_sense":"Normal","fault_id":"901"}},{"type":"Feature","geometry":{"type":"LineString","coordinates":[[-106.40557879479385,32.09805523509997],[-106.40404912915503,32.096701873990341],[-106.40235301916876,32.094604012317689],[-106.40150108390274,32.092475682734971],[-106.40123268166889,32.091430706832512]]},"properties":{"fault_name":"Hueco fault zone","slip_rate":"Less than 0.2 mm/yr","age":"middle and late Quaternary","slip_sense":"Normal","fault_id":"901"}},{"type":"Feature","geometry":{"type":"LineString","coordinates":[[-106.40101917458374,32.012615134379161],[-106.40134327506016,32.012092961062571],[-106.40180636557228,32.011158324746013],[-106.40186812834132,32.010339707764608],[-106.40163805632233,32.009294053271468],[-106.40127214555764,32.007963551285002],[-106.40113118731314,32.006879423796562],[-106.40125983594331,32.006041470825231],[-106.4017213148778,32.004859438768058],[-106.40273980678064,32.003465516999654],[-106.40349294712831,32.002491484919283],[-106.40395695122709,32.001709085762137]]},"properties":{"fault_name":"Hueco fault zone","slip_rate":"Less than 0.2 mm/yr","age":"middle and late Quaternary","slip_sense":"Normal","fault_id":"901"}},{"type":"Feature","geometry":{"type":"LineString","coordinates":[[-106.39778006077331,32.013783912627446],[-106.3989109983935,32.012484664834034],[-106.39963923833982,32.011092084628785],[-106.40005256038857,32.009358378158396],[-106.40019674627989,32.007454615866749],[-106.40036715579097,32.006159727811095],[-106.4009838959459,32.004805712342218],[-106.40206952433982,32.003430519031021],[-106.40304552592968,32.002379348031901],[-106.40395695122709,32.001709085762137]]},"properties":{"fault_name":"Hueco fault zone","slip_rate":"Less than 0.2 mm/yr","age":"middle and late Quaternary","slip_sense":"Normal","fault_id":"901"}},{"type":"Feature","geometry":{"type":"LineString","coordinates":[[-106.40391159439008,32.024612199011386],[-106.40285234143124,32.023642866168181],[-106.40166515669782,32.021817027072181],[-106.4005363696444,32.019496227294994],[-106.40017281695734,32.01775553309087]]},"properties":{"fault_name":"Hueco fault zone","slip_rate":"Less than 0.2 mm/yr","age":"middle and late Quaternary","slip_sense":"Normal","fault_id":"901"}},{"type":"Feature","geometry":{"type":"LineString","coordinates":[[-106.39879908897036,32.074606577340347],[-106.39782346107962,32.072637179629837],[-106.39683637787238,32.070838465015193],[-106.39610966326542,32.070214994901647],[-106.39551674822845,32.070026162315997]]},"properties":{"fault_name":"Hueco fault zone","slip_rate":"Less than 0.2 mm/yr","age":"middle and late Quaternary","slip_sense":"Normal","fault_id":"901"}},{"type":"Feature","geometry":{"type":"LineString","coordinates":[[-106.39855157616013,32.098595010695092],[-106.39797279162256,32.097339789195651],[-106.39736941660242,32.096561316848565],[-106.39667698979153,32.095953905354648],[-106.39611826373594,32.095175389995234],[-106.39580495472104,32.094358678023596],[-106.39558046213828,32.093142909980479],[-106.39508815481986,32.091870358273866],[-106.39459657513684,32.091243775046337],[-106.39399350015398,32.090674273908512],[-106.39368082984123,32.090408531067823]]},"properties":{"fault_name":"Hueco fault zone","slip_rate":"Less than 0.2 mm/yr","age":"middle and late Quaternary","slip_sense":"Normal","fault_id":"901"}},{"type":"Feature","geometry":{"type":"LineString","coordinates":[[-106.39669097835713,32.00993240369602],[-106.39721406105889,32.009085810804898],[-106.39743185041299,32.008209395347052],[-106.397335726186,32.007144090692265],[-106.39643033756734,32.005264115939433],[-106.395348480301,32.003727490181703],[-106.39478408587597,32.002778482690999]]},"properties":{"fault_name":"Hueco fault zone","slip_rate":"Less than 0.2 mm/yr","age":"middle and late Quaternary","slip_sense":"Normal","fault_id":"901"}},{"type":"Feature","geometry":{"type":"LineString","coordinates":[[-106.3915542103399,32.166946036855258],[-106.3925557905592,32.165688655216663],[-106.39322852001087,32.164385839379172],[-106.39352572313105,32.163392123122186],[-106.39376140872226,32.161370823233092],[-106.3938401173108,32.159332325703581],[-106.39419388914105,32.157690489173405],[-106.39472947279826,32.156217895345087],[-106.39552923840415,32.154475588681265],[-106.39580369887628,32.153463090893055],[-106.39574964814395,32.151521368787101],[-106.39544696799548,32.1494302332069],[-106.39515423309552,32.147948347744524],[-106.3949394989117,32.147132037171467],[-106.394611032623,32.145643841668004],[-106.3945384936638,32.144103864326766],[-106.39492192696643,32.143052547013859],[-106.39512722704315,32.142041604110133],[-106.39506636977592,32.141148280698054],[-106.39476894567018,32.139535146203464],[-106.39445504376717,32.137009080735773],[-106.39424189510984,32.135109485896351],[-106.39424088989503,32.133815880172641],[-106.39448263731778,32.132347890214284],[-106.39472059834158,32.130670686856838],[-106.39477048897585,32.128482295720659],[-106.39461270259113,32.127171713321111],[-106.39381202519525,32.124918332010999],[-106.39344490080663,32.123153906811133],[-106.39300369055988,32.12077338793096],[-106.3925071602613,32.118652453276482],[-106.39227008317972,32.117116483313431]]},"properties":{"fault_name":"Hueco fault zone","slip_rate":"Less than 0.2 mm/yr","age":"middle and late Quaternary","slip_sense":"Normal","fault_id":"901"}},{"type":"Feature","geometry":{"type":"LineString","coordinates":[[-106.39395250643432,32.063906309175067],[-106.39426081542635,32.062850655359156],[-106.39461198124397,32.061552967737988],[-106.39502044700026,32.060843480334306],[-106.39538472372945,32.060153684155182]]},"properties":{"fault_name":"Hueco fault zone","slip_rate":"Less than 0.2 mm/yr","age":"middle and late Quaternary","slip_sense":"Normal","fault_id":"901"}},{"type":"Feature","geometry":{"type":"LineString","coordinates":[[-106.39360979466184,32.08038855398862],[-106.39411544016561,32.07821887494697],[-106.3944037409813,32.076641714341157],[-106.39431307042642,32.07533083920341],[-106.39404424239112,32.074305090711306],[-106.39343990707195,32.072462636188874],[-106.39290243964756,32.070544128354712],[-106.39266352461291,32.069668973203271]]},"properties":{"fault_name":"Hueco fault zone","slip_rate":"Less than 0.2 mm/yr","age":"middle and late Quaternary","slip_sense":"Normal","fault_id":"901"}},{"type":"Feature","geometry":{"type":"LineString","coordinates":[[-106.39265934924347,32.089540340363257],[-106.39291188183952,32.089090515858267],[-106.39355772022314,32.087969061161253],[-106.39386915625067,32.087113852783794],[-106.39395790530918,32.086657804287292],[-106.39402398717809,32.085878785021997],[-106.39395615898425,32.085061872739558]]},"properties":{"fault_name":"Hueco fault zone","slip_rate":"Less than 0.2 mm/yr","age":"middle and late Quaternary","slip_sense":"Normal","fault_id":"901"}},{"type":"Feature","geometry":{"type":"LineString","coordinates":[[-106.39266352461291,32.069668973203271],[-106.39243007672508,32.068813830350592],[-106.39221095067784,32.067962111213475],[-106.39210168140329,32.067032668199495],[-106.39217981327344,32.066518369060482]]},"properties":{"fault_name":"Hueco fault zone","slip_rate":"Less than 0.2 mm/yr","age":"middle and late Quaternary","slip_sense":"Normal","fault_id":"901"}},{"type":"Feature","geometry":{"type":"LineString","coordinates":[[-106.38999271289899,32.095546575810886],[-106.39064082402028,32.09363306389119],[-106.39135295088535,32.091846598280561],[-106.39239967863418,32.090002871693393],[-106.39265934924347,32.089540340363257]]},"properties":{"fault_name":"Hueco fault zone","slip_rate":"Less than 0.2 mm/yr","age":"middle and late Quaternary","slip_sense":"Normal","fault_id":"901"}},{"type":"Feature","geometry":{"type":"LineString","coordinates":[[-106.36995852675506,32.202323966995181],[-106.37118197917142,32.201514151012212],[-106.37224816892089,32.200667473070688],[-106.37284429274006,32.199862622842076],[-106.37334494900071,32.198525118736008],[-106.37340819129504,32.198162659008176],[-106.37321686361426,32.197059259642792],[-106.37320517743073,32.195992531755024],[-106.37339656799358,32.195057542948412],[-106.37367150726776,32.193569429340442],[-106.37399896744331,32.19278576035699],[-106.37441957842228,32.192325205103977],[-106.37468170502557,32.191713507288597],[-106.37471961123561,32.19108454374625],[-106.37462436556098,32.190570941901548]]},"properties":{"fault_name":"Hueco fault zone","slip_rate":"Less than 0.2 mm/yr","age":"middle and late Quaternary","slip_sense":"Normal","fault_id":"901"}},{"type":"Feature","geometry":{"type":"LineString","coordinates":[[-106.3658888180565,32.205017566034805],[-106.36583726014908,32.204509248826369],[-106.36566219556821,32.202834199006162],[-106.36542117218757,32.201273969128117],[-106.36515899617694,32.199828207831501],[-106.36503041761539,32.198305191092736],[-106.3651474438424,32.196704036270866],[-106.36537502573142,32.194968656222137],[-106.36586623980014,32.192754934656456],[-106.36656235689023,32.190844401232134],[-106.3676195491138,32.189178665930406],[-106.37052633657477,32.186621958087038],[-106.37179146183718,32.18554510272287]]},"properties":{"fault_name":"Hueco fault zone","slip_rate":"Less than 0.2 mm/yr","age":"middle and late Quaternary","slip_sense":"Normal","fault_id":"901"}},{"type":"Feature","geometry":{"type":"LineString","coordinates":[[-106.36720129980574,32.210752354072469],[-106.36649195322646,32.209076165857944],[-106.36611335375839,32.207231271256632],[-106.3658888180565,32.205017566034805]]},"properties":{"fault_name":"Hueco fault zone","slip_rate":"Less than 0.2 mm/yr","age":"middle and late Quaternary","slip_sense":"Normal","fault_id":"901"}},{"type":"Feature","geometry":{"type":"LineString","coordinates":[[-106.36461100588733,32.26145811313166],[-106.36260333500772,32.258862729053952],[-106.36061401670935,32.256527725926908],[-106.35900149585859,32.254591004980917],[-106.35776681270455,32.253138688241343],[-106.35580630337732,32.250778090952501],[-106.35545663235635,32.250020467748357],[-106.35497657895674,32.248931584193379]]},"properties":{"fault_name":"Hueco fault zone","slip_rate":"Less than 0.2 mm/yr","age":"middle and late Quaternary","slip_sense":"Normal","fault_id":"901"}},{"type":"Feature","geometry":{"type":"LineString","coordinates":[[-106.36365353205018,32.158270317272247],[-106.36186021626536,32.155305424774802],[-106.35992825000798,32.152512351801285],[-106.35818012127856,32.150722188351558],[-106.35533246003126,32.147869554372825],[-106.35272389527832,32.145757127947775],[-106.35083636777975,32.144236287282972],[-106.34991841891677,32.143877152889004],[-106.34795097279894,32.143304306252041],[-106.34496137773677,32.142230366938605],[-106.34247846573248,32.141206122753196],[-106.33992314322811,32.139953381928642],[-106.33650409506963,32.137738009722],[-106.33305975933588,32.135895917205012],[-106.33107106267171,32.134347593957401],[-106.32885502935855,32.13165495264429],[-106.32664038933243,32.129019634319619],[-106.32505112227111,32.127235720273966],[-106.32393916605284,32.125702908933896],[-106.32304132328255,32.124712049949075],[-106.32169009539851,32.122344123333683],[-106.31925072024448,32.1188344003371],[-106.31710240373408,32.116236194879853],[-106.31345777064146,32.112976198299108],[-106.31243027222959,32.112220461961684],[-106.31163758534817,32.111432049916594],[-106.31058098870758,32.109445156749914],[-106.3099872436273,32.107106612797274],[-106.30921451731146,32.104312845291133],[-106.30851655418348,32.10183286218632],[-106.30787710821144,32.098979516702144],[-106.30752794563691,32.095983176319031],[-106.30675825742338,32.094157119120474],[-106.30483076118286,32.091512835933294],[-106.30376763109524,32.090292156170221],[-106.30320548605168,32.088807743908319],[-106.30324305269858,32.086915138080414],[-106.30352124567071,32.085335156933148],[-106.30433763010932,32.083720381359498],[-106.30486228755775,32.082825656689103],[-106.30542150229685,32.081987877307967]]},"properties":{"fault_name":"Hueco fault zone","slip_rate":"Less than 0.2 mm/yr","age":"middle and late Quaternary","slip_sense":"Normal","fault_id":"901"}},{"type":"Feature","geometry":{"type":"LineString","coordinates":[[-106.35833497017227,32.283820313766853],[-106.35792836392859,32.281068456298343],[-106.35707632535635,32.277832810274568],[-106.35546755676853,32.273542190946166],[-106.35381235426367,32.270916888729147],[-106.35338989006028,32.269571714128567],[-106.3530313966849,32.267938883005783],[-106.3529345421276,32.26561466571831],[-106.35219612067584,32.263325180969119],[-106.35156378486926,32.261407861786168],[-106.35087004112816,32.259979105914326]]},"properties":{"fault_name":"Hueco fault zone","slip_rate":"Less than 0.2 mm/yr","age":"middle and late Quaternary","slip_sense":"Normal","fault_id":"901"}},{"type":"Feature","geometry":{"type":"LineString","coordinates":[[-106.34823960419466,32.434620094679495],[-106.34698827974997,32.433663130857354],[-106.34623856737342,32.432970233750289],[-106.34529886131426,32.431449332163695],[-106.34480867132497,32.429583159637161],[-106.34477996925334,32.427052919868323],[-106.34531418926795,32.425254723914186],[-106.34631261460399,32.42364190394197],[-106.3475290700426,32.42161765286167],[-106.34839637727973,32.419795066826175],[-106.34894034760846,32.418350618944523]]},"properties":{"fault_name":"Hueco fault zone","slip_rate":"Less than 0.2 mm/yr","age":"middle and late Quaternary","slip_sense":"Normal","fault_id":"901"}},{"type":"Feature","geometry":{"type":"LineString","coordinates":[[-106.34518242887366,32.336702707178866],[-106.34485169883045,32.33540806407602],[-106.34452207820661,32.333961333047355],[-106.34452893684382,32.332473893630699],[-106.34488591835458,32.330106604629115],[-106.34528619506877,32.327586431984905],[-106.34553046136757,32.325181863284776],[-106.34580898042815,32.323902106309667],[-106.34639718559809,32.321952582725025]]},"properties":{"fault_name":"Hueco fault zone","slip_rate":"Less than 0.2 mm/yr","age":"middle and late Quaternary","slip_sense":"Normal","fault_id":"901"}},{"type":"Feature","geometry":{"type":"LineString","coordinates":[[-106.34347600802458,32.305518994340929],[-106.34457728596904,32.304355166665765],[-106.34567875255972,32.302466232169557],[-106.34624086616225,32.300958856994058],[-106.34626344441858,32.300577227928066],[-106.34590431773093,32.299432292363079],[-106.34579235530717,32.29819197777632],[-106.34595003928393,32.296760880778258],[-106.34588307976098,32.295291593171633],[-106.34556892812634,32.294089414760599],[-106.34509768091145,32.292410176843411],[-106.34458136791368,32.291227051924814],[-106.34415479571452,32.290444650269393]]},"properties":{"fault_name":"Hueco fault zone","slip_rate":"Less than 0.2 mm/yr","age":"middle and late Quaternary","slip_sense":"Normal","fault_id":"901"}},{"type":"Feature","geometry":{"type":"LineString","coordinates":[[-106.33986861099878,32.318499131319612],[-106.33915270941289,32.317069067892604],[-106.33820773203963,32.314730994331534],[-106.33776122173272,32.313222865077556],[-106.33760476934621,32.311317291204503],[-106.33771767320439,32.30910688881621],[-106.33807721132044,32.307430089193367],[-106.33854872713161,32.306363084717226]]},"properties":{"fault_name":"Hueco fault zone","slip_rate":"Less than 0.2 mm/yr","age":"middle and late Quaternary","slip_sense":"Normal","fault_id":"901"}},{"type":"Feature","geometry":{"type":"LineString","coordinates":[[-106.33467980357717,32.267047322232777],[-106.3341443411925,32.26491906962746],[-106.33349997514762,32.262907765721579],[-106.33318405113693,32.26211212632608]]},"properties":{"fault_name":"Hueco fault zone","slip_rate":"Less than 0.2 mm/yr","age":"middle and late Quaternary","slip_sense":"Normal","fault_id":"901"}},{"type":"Feature","geometry":{"type":"LineString","coordinates":[[-106.30437688379229,32.045967370866556],[-106.30328279955661,32.042937134960006],[-106.30216285821382,32.039638463223142]]},"properties":{"fault_name":"Hueco fault zone","slip_rate":"Less than 0.2 mm/yr","age":"middle and late Quaternary","slip_sense":"Normal","fault_id":"901"}},{"type":"Feature","geometry":{"type":"LineString","coordinates":[[-106.30092072083953,31.991398971925044],[-106.30220434421027,31.988568335790934],[-106.30275398829832,31.98682364237742],[-106.30280809831946,31.983712246975152],[-106.30210384967941,31.98038520269019],[-106.30193360366174,31.977865508180212],[-106.30159831377014,31.973676474903915],[-106.30141634743292,31.973070815021256]]},"properties":{"fault_name":"Hueco fault zone","slip_rate":"Less than 0.2 mm/yr","age":"middle and late Quaternary","slip_sense":"Normal","fault_id":"901"}},{"type":"Feature","geometry":{"type":"LineString","coordinates":[[-106.30216285821382,32.039638463223142],[-106.30193936635428,32.038980157789432],[-106.30076909689767,32.035162513724103],[-106.29983431809785,32.033376856026209],[-106.29902572474768,32.031329876935573],[-106.29835842561192,32.029480405724875],[-106.29772292863385,32.027572770702655],[-106.29709217835374,32.025808515254155],[-106.29619783272486,32.02422275423676],[-106.29544475975081,32.022834504033014],[-106.29488611993349,32.021212005710154],[-106.29454898669894,32.019681582869779]]},"properties":{"fault_name":"Hueco fault zone","slip_rate":"Less than 0.2 mm/yr","age":"middle and late Quaternary","slip_sense":"Normal","fault_id":"901"}},{"type":"Feature","geometry":{"type":"LineString","coordinates":[[-106.29665719433021,32.066290441025053],[-106.29523786336784,32.063900409230534],[-106.29404906885344,32.061265784867885],[-106.29359973693823,32.058256404365153],[-106.29345722999818,32.056221050057815],[-106.29385095170574,32.053524778013958],[-106.29605667685099,32.049217916822414],[-106.29866678221465,32.045053272788529],[-106.30216285821382,32.039638463223142]]},"properties":{"fault_name":"Hueco fault zone","slip_rate":"Less than 0.2 mm/yr","age":"middle and late Quaternary","slip_sense":"Normal","fault_id":"901"}},{"type":"Feature","geometry":{"type":"LineString","coordinates":[[-106.29898121232704,31.95881598008901],[-106.29822193558765,31.956724312911486],[-106.29589249895305,31.952597127026888],[-106.29289982177113,31.948277823633937],[-106.29079908363141,31.945844502812911]]},"properties":{"fault_name":"Hueco fault zone","slip_rate":"Less than 0.2 mm/yr","age":"middle and late Quaternary","slip_sense":"Normal","fault_id":"901"}},{"type":"Feature","geometry":{"type":"LineString","coordinates":[[-106.29615697914235,32.096957715316648],[-106.2970716168152,32.095258998200805],[-106.29787148213406,32.092674472104875],[-106.2977988335804,32.090185683332905],[-106.29711228983632,32.087131523006562],[-106.29660727315324,32.084933791280264],[-106.29694287026867,32.082755152834203],[-106.29766021724386,32.081344828362262],[-106.29824850775374,32.080279357646376],[-106.29840755806808,32.079705228880059]]},"properties":{"fault_name":"Hueco fault zone","slip_rate":"Less than 0.2 mm/yr","age":"middle and late Quaternary","slip_sense":"Normal","fault_id":"901"}},{"type":"Feature","geometry":{"type":"LineString","coordinates":[[-106.29454898669894,32.019681582869779],[-106.29447580634265,32.018036468205281],[-106.29424920631222,32.016830789269051],[-106.29391992794652,32.015853985010835],[-106.29302322873158,32.014243235632414],[-106.2919912980321,32.01271778918116],[-106.29139927771716,32.01087923324588],[-106.2910752212582,32.009214175935895],[-106.29068710413969,32.007118604644816],[-106.29052939770504,32.005712539619466]]},"properties":{"fault_name":"Hueco fault zone","slip_rate":"Less than 0.2 mm/yr","age":"middle and late Quaternary","slip_sense":"Normal","fault_id":"901"}},{"type":"Feature","geometry":{"type":"LineString","coordinates":[[-106.29192803058497,32.02418274135286],[-106.29291059796127,32.022042340758624],[-106.29335400279226,32.021200552954703],[-106.29454898669894,32.019681582869779]]},"properties":{"fault_name":"Hueco fault zone","slip_rate":"Less than 0.2 mm/yr","age":"middle and late Quaternary","slip_sense":"Normal","fault_id":"901"}},{"type":"Feature","geometry":{"type":"LineString","coordinates":[[-106.29454008259785,32.070963806786501],[-106.29161536386549,32.068550182078312],[-106.28928397609009,32.06632068068177],[-106.28779271612459,32.063658945872689],[-106.28734672594221,32.061424372198324],[-106.28763652963939,32.057897979322448],[-106.28846757997334,32.055086734069434],[-106.28883109223624,32.053279957029851],[-106.28955151683957,32.047917935084094]]},"properties":{"fault_name":"Hueco fault zone","slip_rate":"Less than 0.2 mm/yr","age":"middle and late Quaternary","slip_sense":"Normal","fault_id":"901"}},{"type":"Feature","geometry":{"type":"LineString","coordinates":[[-106.47734511570557,32.159072484893173],[-106.47784986828393,32.158122494086662],[-106.47815069700461,32.157342543848387],[-106.47826891888926,32.156828242907217],[-106.47828237924547,32.155683242674506],[-106.47863501380859,32.154312087866458],[-106.47866933214736,32.153300860642368],[-106.47874066017756,32.151049407917142],[-106.47905580984049,32.149048121048793],[-106.47911278009748,32.148018000371231],[-106.47905580175565,32.147139598192624],[-106.4790156506557,32.146738467697553]]},"properties":{"fault_name":"Hueco fault zone","slip_rate":"Less than 0.2 mm/yr","age":"middle and late Quaternary","slip_sense":"Normal","fault_id":"901"}},{"type":"Feature","geometry":{"type":"LineString","coordinates":[[-106.42902245575029,32.084148340361835],[-106.42941347083389,32.082288600303897],[-106.42961604721867,32.080536630240303],[-106.42954128403083,32.079513091938573],[-106.42896039833383,32.077030104901411],[-106.42830026416075,32.074406313052968],[-106.42775567129956,32.072168303995269],[-106.42764599239324,32.071412854234445],[-106.42770422118997,32.069666117048854],[-106.42796329980949,32.068568900316919],[-106.42832068556213,32.066734854796962],[-106.42854676995958,32.06506309366128],[-106.42868193766374,32.063497426134255],[-106.4285133930552,32.062579753034115],[-106.42794908486842,32.061471649151571],[-106.42686870622906,32.060177641953871],[-106.42628842779318,32.059686149148924]]},"properties":{"fault_name":"Hueco fault zone","slip_rate":"Less than 0.2 mm/yr","age":"middle and late Quaternary","slip_sense":"Normal","fault_id":"901"}},{"type":"Feature","geometry":{"type":"LineString","coordinates":[[-106.4198339812728,32.048910475286434],[-106.4198335923023,32.048661371970084]]},"properties":{"fault_name":"Hueco fault zone","slip_rate":"Less than 0.2 mm/yr","age":"middle and late Quaternary","slip_sense":"Normal","fault_id":"901"}},{"type":"Feature","geometry":{"type":"LineString","coordinates":[[-106.41887290339473,32.06002832985213],[-106.41929335088031,32.058640621764667],[-106.4195206542916,32.056989364820247],[-106.41959180265873,32.055118105760016],[-106.41970038472208,32.0530401010692],[-106.41983730503937,32.051043163925563],[-106.4198339812728,32.048910475286434]]},"properties":{"fault_name":"Hueco fault zone","slip_rate":"Less than 0.2 mm/yr","age":"middle and late Quaternary","slip_sense":"Normal","fault_id":"901"}},{"type":"Feature","geometry":{"type":"LineString","coordinates":[[-106.40677923416928,32.042138324363741],[-106.4064737261243,32.040746105827466],[-106.4063394908714,32.039366541075772]]},"properties":{"fault_name":"Hueco fault zone","slip_rate":"Less than 0.2 mm/yr","age":"middle and late Quaternary","slip_sense":"Normal","fault_id":"901"}},{"type":"Feature","geometry":{"type":"LineString","coordinates":[[-106.4063394908714,32.039366541075772],[-106.40639383265787,32.037950230726189],[-106.40616076835067,32.036556451370494],[-106.40599014683718,32.034811625669413],[-106.40576420886514,32.032821144704059],[-106.40569361655514,32.032040982218483],[-106.40579793521415,32.030619369286605],[-106.4057591818928,32.029262544793049],[-106.40549438459819,32.027602026239308],[-106.4046915332793,32.025706235355052],[-106.40391159439008,32.024612199011386]]},"properties":{"fault_name":"Hueco fault zone","slip_rate":"Less than 0.2 mm/yr","age":"middle and late Quaternary","slip_sense":"Normal","fault_id":"901"}},{"type":"Feature","geometry":{"type":"LineString","coordinates":[[-106.40596234128418,32.089483244135309],[-106.40561166684503,32.086496124246295],[-106.40526992525309,32.08413920470278],[-106.40437052300747,32.08140115407592],[-106.40342043871185,32.079448303315637],[-106.40240637280843,32.078013633698426]]},"properties":{"fault_name":"Hueco fault zone","slip_rate":"Less than 0.2 mm/yr","age":"middle and late Quaternary","slip_sense":"Normal","fault_id":"901"}},{"type":"Feature","geometry":{"type":"LineString","coordinates":[[-106.40123268166889,32.091430706832512],[-106.40069538492442,32.089654028884645],[-106.40033168671029,32.087756453197819],[-106.40027128758385,32.085637774715437],[-106.40035834062309,32.084679296937772],[-106.4005551893496,32.083220087120274],[-106.40056113979004,32.082436493089943],[-106.40011672255775,32.081172348249588],[-106.39972281939049,32.080021024047866],[-106.39959874318514,32.078879083368875],[-106.39976628168057,32.078185201807216]]},"properties":{"fault_name":"Hueco fault zone","slip_rate":"Less than 0.2 mm/yr","age":"middle and late Quaternary","slip_sense":"Normal","fault_id":"901"}},{"type":"Feature","geometry":{"type":"LineString","coordinates":[[-106.39974565097175,32.049922376252823],[-106.3984367651786,32.048151129913428],[-106.39728503155958,32.046152302052839],[-106.39640071831579,32.044230285688144],[-106.39631608084635,32.043127831922106],[-106.39643117839044,32.042273028053621],[-106.396545639029,32.041570248942477],[-106.39657103170714,32.040829192703079],[-106.39646432891938,32.039669662783403],[-106.39624530797499,32.038699825283061],[-106.39605089727617,32.037178962918503],[-106.39580989904837,32.036133042834557],[-106.39543452183722,32.035219739059464],[-106.39510352319775,32.034363578176936]]},"properties":{"fault_name":"Hueco fault zone","slip_rate":"Less than 0.2 mm/yr","age":"middle and late Quaternary","slip_sense":"Normal","fault_id":"901"}},{"type":"Feature","geometry":{"type":"LineString","coordinates":[[-106.39835868541074,32.061979539123307],[-106.39819080106392,32.060404915267569],[-106.39800432428565,32.059001608798226],[-106.39764646691751,32.057924032900118],[-106.39692737002413,32.056643068347064],[-106.39648733028221,32.05588982388214],[-106.39635656342463,32.054998725018628],[-106.39671670341193,32.054118958764064],[-106.3967254539011,32.053491721627125],[-106.3964419069699,32.052755033987964],[-106.39566008700842,32.051665070639949],[-106.39336448631731,32.049667575838356],[-106.3924246239513,32.048485042189363],[-106.39149766768099,32.046865227760243],[-106.39107878775557,32.046054624125958],[-106.3906983656058,32.044958372947775],[-106.39050207293643,32.04441912964419],[-106.39032852022017,32.043259387062719],[-106.39004303472456,32.042194314813635],[-106.38957805775034,32.04137573529097],[-106.38911357484953,32.040443133126253],[-106.38880435496581,32.039720047172402]]},"properties":{"fault_name":"Hueco fault zone","slip_rate":"Less than 0.2 mm/yr","age":"middle and late Quaternary","slip_sense":"Normal","fault_id":"901"}},{"type":"Feature","geometry":{"type":"LineString","coordinates":[[-106.39066218416109,31.992722168684935],[-106.39036689894405,31.990921242243292],[-106.3897978126183,31.98891450873257],[-106.38921163404764,31.987211943179886],[-106.38887447655858,31.985734282660864],[-106.38869138732726,31.984140743717489],[-106.38829062731944,31.982853837866426],[-106.38760534930159,31.981874384170752],[-106.38658776918876,31.981012986937937],[-106.38577526367554,31.98041503334203]]},"properties":{"fault_name":"Hueco fault zone","slip_rate":"Less than 0.2 mm/yr","age":"middle and late Quaternary","slip_sense":"Normal","fault_id":"901"}},{"type":"Feature","geometry":{"type":"LineString","coordinates":[[-106.38893834318202,32.107174493983585],[-106.38831542261791,32.105936862942599],[-106.38813645395881,32.104970268096302],[-106.38825082566417,32.104131777859962],[-106.38838084781838,32.103007835317037],[-106.38853815989262,32.101141943119153],[-106.38878342691464,32.099217518632656],[-106.38905679503539,32.097539777976401],[-106.38943680306181,32.096601709793063],[-106.38999271289899,32.095546575810886]]},"properties":{"fault_name":"Hueco fault zone","slip_rate":"Less than 0.2 mm/yr","age":"middle and late Quaternary","slip_sense":"Normal","fault_id":"901"}},{"type":"Feature","geometry":{"type":"LineString","coordinates":[[-106.34891423358316,32.446814204025344],[-106.34847719780753,32.445619536913924],[-106.34825971388061,32.444287540862554],[-106.34864123377167,32.442638063818748],[-106.34945241157492,32.441056318814901],[-106.3501130173635,32.439725774637374],[-106.3508491436197,32.437878255695828],[-106.3510361225562,32.436519043100709],[-106.35112827083975,32.435791736331225]]},"properties":{"fault_name":"Hueco fault zone","slip_rate":"Less than 0.2 mm/yr","age":"middle and late Quaternary","slip_sense":"Normal","fault_id":"901"}},{"type":"Feature","geometry":{"type":"LineString","coordinates":[[-106.34639718559809,32.321952582725025],[-106.34694475098458,32.320515465245343],[-106.34788364317006,32.317972092148402],[-106.34863783903822,32.314953398237115],[-106.34868934663999,32.313446545862554],[-106.34869514616345,32.311863766212532]]},"properties":{"fault_name":"Hueco fault zone","slip_rate":"Less than 0.2 mm/yr","age":"middle and late Quaternary","slip_sense":"Normal","fault_id":"901"}},{"type":"Feature","geometry":{"type":"LineString","coordinates":[[-106.35641333993058,31.862033776795698],[-106.35525328072548,31.857034482232041],[-106.35529936160462,31.851631301921088],[-106.3548643182923,31.845882578151731],[-106.35457428013484,31.84047939925652],[-106.35474980555146,31.835016774873235],[-106.35492533186638,31.828861949029864],[-106.35557364331198,31.822247687161813],[-106.35615362260889,31.816208966284467],[-106.35673305303513,31.811261325676437],[-106.35604689826157,31.806550352297283],[-106.35534462232188,31.800513859715849],[-106.354512905438,31.794881803225529],[-106.35462732205912,31.790166933619744],[-106.35501675071792,31.785795390318988]]},"properties":{"fault_name":"Hueco fault zone","slip_rate":"Less than 0.2 mm/yr","age":"middle and late Quaternary","slip_sense":"Normal","fault_id":"901"}},{"type":"Feature","geometry":{"type":"LineString","coordinates":[[-106.1864487994429,31.845845401051761],[-106.18744825604485,31.842913805356478],[-106.18777602793584,31.839807217371682],[-106.18843991616846,31.835780652171373],[-106.18930992643631,31.832845167943397],[-106.18929434785265,31.828188068271118],[-106.18934765837319,31.823015424720463],[-106.18907318712128,31.818874425024806],[-106.18899650333536,31.815597843774491],[-106.18818035156038,31.812149606233447],[-106.18736420337866,31.809276910240126],[-106.18615082377158,31.806116444635723],[-106.18519689288989,31.803244303093322],[-106.18377795179636,31.800717156341786]]},"properties":{"fault_name":"Hueco fault zone","slip_rate":"Less than 0.2 mm/yr","age":"middle and late Quaternary","slip_sense":"Normal","fault_id":"901"}},{"type":"Feature","geometry":{"type":"LineString","coordinates":[[-106.03354026672594,31.494959655935567],[-106.03085464358959,31.493470273723695],[-106.02582674329997,31.491002053339855],[-106.02006660466269,31.489341038129371],[-106.01516870766268,31.487216137836395],[-106.01309309989306,31.485436759879963],[-106.01094193662155,31.484116815643368],[-106.00772185631533,31.481878017346613],[-106.00598236758231,31.480384184937353],[-106.0010844705823,31.47751374910046]]},"properties":{"fault_name":"Campo Grande fault","slip_rate":"Less than 0.2 mm/yr","age":"late Quaternary","slip_sense":"Normal","fault_id":"902"}},{"type":"Feature","geometry":{"type":"LineString","coordinates":[[-105.98883862315445,31.468187396061658],[-105.98503186391596,31.465433043644332],[-105.98212457339845,31.464044761901352],[-105.97700556417607,31.462175391055649],[-105.9724654535773,31.459549370085451],[-105.96736921844402,31.456015045273055],[-105.96418747464089,31.454456767814538],[-105.96155518897454,31.45306237130481],[-105.95904512628911,31.451609088734948],[-105.95693174076855,31.449861924822862],[-105.95497113711824,31.448744184227991],[-105.95260607958765,31.447691445906038],[-105.95023324174842,31.446064832043447]]},"properties":{"fault_name":"Campo Grande fault","slip_rate":"Less than 0.2 mm/yr","age":"late Quaternary","slip_sense":"Normal","fault_id":"902"}},{"type":"Feature","geometry":{"type":"LineString","coordinates":[[-105.95736678857244,31.46352988182867],[-105.95378836940107,31.462152712369836],[-105.95008828240765,31.461002759331127],[-105.94686098503645,31.460312236374868],[-105.94322923198837,31.459448386257662],[-105.94026138513921,31.458405093864737],[-105.93595072582357,31.456980151975305],[-105.93311232441023,31.455475203905294],[-105.93121283135208,31.454298577016839],[-105.92855776261349,31.452271421262026]]},"properties":{"fault_name":"Campo Grande fault","slip_rate":"Less than 0.2 mm/yr","age":"late Quaternary","slip_sense":"Normal","fault_id":"902"}},{"type":"Feature","geometry":{"type":"LineString","coordinates":[[-105.95023324174842,31.446064832043447],[-105.94792874144778,31.444664880728563],[-105.94494588824179,31.442818276251923],[-105.94161191323566,31.440283914743901],[-105.9393685244255,31.438767297646205],[-105.93727069323407,31.437424564859803],[-105.93516452657512,31.436135164767158],[-105.93353948680256,31.435187417723878],[-105.93083886359761,31.433850244295183]]},"properties":{"fault_name":"Campo Grande fault","slip_rate":"Less than 0.2 mm/yr","age":"late Quaternary","slip_sense":"Normal","fault_id":"902"}},{"type":"Feature","geometry":{"type":"LineString","coordinates":[[-105.92333876461178,31.455344136674402],[-105.92048536043488,31.453146431640008],[-105.91614413863665,31.450516519658649],[-105.91242849012754,31.448622696278978],[-105.90885006736293,31.446900536349247],[-105.90494386282587,31.445811137300961],[-105.90137321857331,31.444718403276134],[-105.89800091335233,31.443335676691529],[-105.89544529530222,31.442513486892558],[-105.89368247372802,31.441622963782713],[-105.8912490768622,31.440049125985556]]},"properties":{"fault_name":"Campo Grande fault","slip_rate":"Less than 0.2 mm/yr","age":"late Quaternary","slip_sense":"Normal","fault_id":"902"}},{"type":"Feature","geometry":{"type":"LineString","coordinates":[[-105.88530562441478,31.443995713334292],[-105.88372613371871,31.442006327341311],[-105.88098716682417,31.438945307968776],[-105.87853043082896,31.436341497750458],[-105.87640925960983,31.434134898074017],[-105.87322806557563,31.432174409642833],[-105.87084744563109,31.430543351275332],[-105.86807014941999,31.428750631078877],[-105.86615509484618,31.426654583314317],[-105.86396558878336,31.424447983298585]]},"properties":{"fault_name":"Campo Grande fault","slip_rate":"Less than 0.2 mm/yr","age":"late Quaternary","slip_sense":"Normal","fault_id":"902"}},{"type":"Feature","geometry":{"type":"LineString","coordinates":[[-105.8656894980344,31.420513081371396],[-105.86257663794557,31.418663141665476],[-105.85830429896333,31.415626573786756],[-105.85531366005878,31.413320532986223],[-105.85231524264221,31.41066394962262],[-105.84904959259826,31.407842925097302],[-105.84592117189207,31.40541855631319],[-105.84333498686779,31.40321584472813],[-105.84109936758652,31.401529787877575],[-105.8393754250978,31.399199299691791]]},"properties":{"fault_name":"Campo Grande fault","slip_rate":"Less than 0.2 mm/yr","age":"late Quaternary","slip_sense":"Normal","fault_id":"902"}},{"type":"Feature","geometry":{"type":"LineString","coordinates":[[-105.8393754250978,31.399199299691791],[-105.83841372558555,31.397661565894612],[-105.83668200278818,31.394987753247069],[-105.83469082857042,31.392260054336582],[-105.83324077971689,31.390044006139924],[-105.83137960789044,31.387198532378068],[-105.83000622934811,31.385264143768698],[-105.82835784325962,31.383164204136943],[-105.82698446741222,31.381344812732191]]},"properties":{"fault_name":"Campo Grande fault","slip_rate":"Less than 0.2 mm/yr","age":"late Quaternary","slip_sense":"Normal","fault_id":"902"}},{"type":"Feature","geometry":{"type":"LineString","coordinates":[[-105.83482816390938,31.411909538816989],[-105.83305811538871,31.41055680274464],[-105.83129528662798,31.409147402346417],[-105.82809852658656,31.406553592823588],[-105.82626736477879,31.405258634316461],[-105.82490955044705,31.404303108872764]]},"properties":{"fault_name":"Campo Grande fault","slip_rate":"Less than 0.2 mm/yr","age":"late Quaternary","slip_sense":"Normal","fault_id":"902"}},{"type":"Feature","geometry":{"type":"LineString","coordinates":[[-105.82851072843613,31.400743742678632],[-105.82625232159104,31.398132709200834],[-105.82420003767946,31.395697225665838],[-105.82159828934289,31.392573428228815],[-105.819836015741,31.391339021948991],[-105.81825652235,31.389578518350472],[-105.81661591477356,31.387535799336462],[-105.81483863930642,31.385783072623372],[-105.81299191328803,31.383685357074484]]},"properties":{"fault_name":"Campo Grande fault","slip_rate":"Less than 0.2 mm/yr","age":"late Quaternary","slip_sense":"Normal","fault_id":"902"}},{"type":"Feature","geometry":{"type":"LineString","coordinates":[[-105.82163667435498,31.401363752884812],[-105.81952327985124,31.399330480698097],[-105.81727987936299,31.397408316802519],[-105.81538038001661,31.395828920715783]]},"properties":{"fault_name":"Campo Grande fault","slip_rate":"Less than 0.2 mm/yr","age":"late Quaternary","slip_sense":"Normal","fault_id":"902"}},{"type":"Feature","geometry":{"type":"LineString","coordinates":[[-105.80868904236593,31.385531434906664],[-105.80616340828338,31.382925956331224],[-105.80472169489738,31.381279895305749],[-105.80234884987159,31.379706610273271],[-105.80010544668838,31.377673336159862],[-105.79699258120966,31.375823395661541],[-105.79381860244384,31.373973454018294],[-105.79132408779935,31.372975710927815],[-105.78889791069349,31.372037410185651],[-105.78600616642024,31.370931337690916],[-105.78383943714148,31.369813596782212],[-105.78256496041696,31.369546386710866],[-105.78015434123351,31.369006963378684]]},"properties":{"fault_name":"Campo Grande fault","slip_rate":"Less than 0.2 mm/yr","age":"late Quaternary","slip_sense":"Normal","fault_id":"902"}},{"type":"Feature","geometry":{"type":"LineString","coordinates":[[-105.78325158141618,31.360458284660268],[-105.77950535066155,31.356893388957193]]},"properties":{"fault_name":"Campo Grande fault","slip_rate":"Less than 0.2 mm/yr","age":"late Quaternary","slip_sense":"Normal","fault_id":"902"}},{"type":"Feature","geometry":{"type":"LineString","coordinates":[[-105.78270994401225,31.366843677365253],[-105.77649974223112,31.360212200295923]]},"properties":{"fault_name":"Campo Grande fault","slip_rate":"Less than 0.2 mm/yr","age":"late Quaternary","slip_sense":"Normal","fault_id":"902"}},{"type":"Feature","geometry":{"type":"LineString","coordinates":[[-105.77377571881131,31.350770788688163],[-105.76722161409165,31.343858763669648]]},"properties":{"fault_name":"Campo Grande fault","slip_rate":"Less than 0.2 mm/yr","age":"late Quaternary","slip_sense":"Normal","fault_id":"902"}},{"type":"Feature","geometry":{"type":"LineString","coordinates":[[-105.76715332775701,31.350468038645051],[-105.76278151383177,31.345533734638636]]},"properties":{"fault_name":"Campo Grande fault","slip_rate":"Less than 0.2 mm/yr","age":"late Quaternary","slip_sense":"Normal","fault_id":"902"}},{"type":"Feature","geometry":{"type":"LineString","coordinates":[[-105.75788314521623,31.34900701396742],[-105.754698286954,31.347642074989462],[-105.75229339363214,31.345432173110837],[-105.74936852308453,31.343612255324757],[-105.74645228624506,31.342436719676918],[-105.7418938563027,31.340622387009283],[-105.73950115042433,31.339118820899785],[-105.73659455969438,31.33739131823738],[-105.73460656281779,31.336088839147941],[-105.7324677495848,31.334361336871108],[-105.73052088476844,31.33139990680257],[-105.72961600369791,31.32931593597424],[-105.7286562813776,31.327944904046724]]},"properties":{"fault_name":"Campo Grande fault","slip_rate":"Less than 0.2 mm/yr","age":"late Quaternary","slip_sense":"Normal","fault_id":"902"}},{"type":"Feature","geometry":{"type":"LineString","coordinates":[[-105.72323696355913,31.328585281027195],[-105.72204690781007,31.325730354327998],[-105.72079574057055,31.323218191301141],[-105.7190178937749,31.32094491465201],[-105.71762950168922,31.318436643699634],[-105.71653056834766,31.316785017041777],[-105.71562274798953,31.314961730247209]]},"properties":{"fault_name":"Campo Grande fault","slip_rate":"Less than 0.2 mm/yr","age":"late Quaternary","slip_sense":"Normal","fault_id":"902"}},{"type":"Feature","geometry":{"type":"LineString","coordinates":[[-105.71617949685314,31.323054301672812],[-105.71428776613735,31.321759332670265],[-105.7109154339669,31.320141591700565],[-105.70935871466497,31.319188280321399],[-105.70665028779513,31.317101663183664]]},"properties":{"fault_name":"Campo Grande fault","slip_rate":"Less than 0.2 mm/yr","age":"late Quaternary","slip_sense":"Normal","fault_id":"902"}},{"type":"Feature","geometry":{"type":"LineString","coordinates":[[-105.69953173744646,31.315190591690698],[-105.69630441043088,31.313912285848708],[-105.69300819520939,31.3127545337301],[-105.69091812725866,31.311690669918136],[-105.68855249211134,31.310288479136879],[-105.68612630242907,31.309231837260384],[-105.6834406604281,31.308236303150583]]},"properties":{"fault_name":"Campo Grande fault","slip_rate":"Less than 0.2 mm/yr","age":"late Quaternary","slip_sense":"Normal","fault_id":"902"}},{"type":"Feature","geometry":{"type":"LineString","coordinates":[[-105.69537385730617,31.317547749310457],[-105.69164261943361,31.314843366890418]]},"properties":{"fault_name":"Campo Grande fault","slip_rate":"Less than 0.2 mm/yr","age":"late Quaternary","slip_sense":"Normal","fault_id":"902"}},{"type":"Feature","geometry":{"type":"LineString","coordinates":[[-105.67432371610174,31.306294674022066],[-105.67195808275109,31.305007480694368],[-105.66933355403722,31.304066946880042],[-105.66261945487386,31.302090878310029]]},"properties":{"fault_name":"Campo Grande fault","slip_rate":"Less than 0.2 mm/yr","age":"late Quaternary","slip_sense":"Normal","fault_id":"902"}},{"type":"Feature","geometry":{"type":"LineString","coordinates":[[-105.65441036144837,31.305651887379046],[-105.65190027091519,31.303559712670932],[-105.65061078244396,31.302659180724312],[-105.64736789301438,31.300693116277316]]},"properties":{"fault_name":"Campo Grande fault","slip_rate":"Less than 0.2 mm/yr","age":"late Quaternary","slip_sense":"Normal","fault_id":"902"}},{"type":"Feature","geometry":{"type":"LineString","coordinates":[[-105.84774519568658,31.422513653249943],[-105.84651682768899,31.421325355971131],[-105.84508956460263,31.420085950186458],[-105.84406731235202,31.419065426098093],[-105.84202280874912,31.417314369021],[-105.83958107461916,31.415516092365326],[-105.83678877294959,31.41320060832285],[-105.83482816390938,31.411909538816989]]},"properties":{"fault_name":"Campo Grande fault","slip_rate":"Less than 0.2 mm/yr","age":"late Quaternary","slip_sense":"Normal","fault_id":"902"}},{"type":"Feature","geometry":{"type":"LineString","coordinates":[[-105.93565029775154,31.413166522296535],[-105.93451360013373,31.412249329002076],[-105.93263688296128,31.410873817032204],[-105.93082850242912,31.408810548067706],[-105.92908900740791,31.406630056967767],[-105.92714339394473,31.40387624967661],[-105.92439665302972,31.401528545750288],[-105.92299272458121,31.399981370683527],[-105.92152046128901,31.398201978679502],[-105.919979307096,31.396136485769329],[-105.91950595602671,31.394587642984181],[-105.91790368764828,31.392695475730566],[-105.91595807957502,31.391318297640531],[-105.91328022596757,31.388568382279587],[-105.91234186558471,31.387650632645812],[-105.91013680429445,31.385642360371399],[-105.90726061255374,31.383061884154035],[-105.90484943371985,31.38054029531078],[-105.90224047101323,31.378190921865201],[-105.90029485844836,31.376296536004585],[-105.8984864770179,31.37503990936171],[-105.89574751012337,31.372859976117766],[-105.89434357987821,31.371082252288797],[-105.8920624034356,31.369190089326679],[-105.88992622855459,31.366724049999227],[-105.88845340471367,31.364830217644464],[-105.88698114142147,31.363683586718707],[-105.8854399827369,31.361849196214681]]},"properties":{"fault_name":"Acala fault","slip_rate":"Less than 0.2 mm/yr","age":"middle and late Quaternary","slip_sense":"Normal","fault_id":"903"}},{"type":"Feature","geometry":{"type":"LineString","coordinates":[[-105.9149586130916,31.391665513170896],[-105.9126163287518,31.390578329629456],[-105.90967180576067,31.389090603354436],[-105.90586448597345,31.387605101939844],[-105.9037205388686,31.386230145969314],[-105.90104269065105,31.385142963917865],[-105.89816594824305,31.38399855865681],[-105.89596144660322,31.382968594270142],[-105.89355026956596,31.381593084202546],[-105.89127687343203,31.379991468984997],[-105.8878662263181,31.377982644872887],[-105.88499003817066,31.376840463185673],[-105.88265497538741,31.375579393932519],[-105.88038157925348,31.374492209788503],[-105.87864208962215,31.373748900200081],[-105.87697093483447,31.373292807639228],[-105.87562811967304,31.37237561514506]]},"properties":{"fault_name":"Acala fault","slip_rate":"Less than 0.2 mm/yr","age":"middle and late Quaternary","slip_sense":"Normal","fault_id":"903"}},{"type":"Feature","geometry":{"type":"LineString","coordinates":[[-105.71484429132049,31.302217052983625],[-105.7132953514289,31.30125929866896],[-105.71120472562438,31.300143768717845],[-105.70991578961704,31.299011018688603],[-105.70861851993885,31.297708272695424]]},"properties":{"fault_name":"Arroyo Diablo fault","slip_rate":"Less than 0.2 mm/yr","age":"middle and late Quaternary","slip_sense":"Normal","fault_id":"904"}},{"type":"Feature","geometry":{"type":"LineString","coordinates":[[-105.72000225059527,31.306163072279727],[-105.71484429132049,31.302217052983625]]},"properties":{"fault_name":"Arroyo Diablo fault","slip_rate":"Less than 0.2 mm/yr","age":"middle and late Quaternary","slip_sense":"Normal","fault_id":"904"}},{"type":"Feature","geometry":{"type":"LineString","coordinates":[[-106.04735739694311,31.314516222043892],[-106.04273395772026,31.310955247959335],[-106.03838496459652,31.306303189679934],[-106.03382985662407,31.301248924284607],[-106.02893919106209,31.297974054920818],[-106.0254602225792,31.295163048789782],[-106.02198125319802,31.292059830758159],[-106.0175639324171,31.28901772862703],[-106.01381773579847,31.286837821080915],[-106.00819483458378,31.284312381345735],[-106.00391474044569,31.282187474161695],[-106.00050411039973,31.2812703048412]]},"properties":{"fault_name":"Amargosa fault","slip_rate":"Less than 0.2 mm/yr","age":"latest Quaternary","slip_sense":"Normal","fault_id":"905"}},{"type":"Feature","geometry":{"type":"LineString","coordinates":[[-106.87215180397563,32.377561458165054],[-106.87154504230683,32.378267588354944],[-106.87098513227174,32.378681863215476],[-106.87073486702347,32.379136277763543],[-106.87032966304994,32.379563341661303]]},"properties":{"fault_name":"East Robledo fault","slip_rate":"Less than 0.2 mm/yr","age":"middle and late Quaternary","slip_sense":"Normal","fault_id":"2063"}}]}